telescopes,bjd_alt,bjd,RA_move,DEC_move,fwhm,PWV,diff_flux_pwv,diff_flux,diff_flux_use,diff_flux_use_key,diff_error
Ganymede,0.0,2458667.4659508816,2.4188303033588454,1.0552779702411499,5.619999885559082,2.114209001356862,1.0015545017466785,1.0002018473743288,1.0015545017466785,0.0,0.0031780168775952396
Ganymede,0.0005633002147078514,2458667.466514182,2.420685303863138,1.4184093145595398,5.789999961853027,2.116642499858346,1.0039569440982432,1.0025850610458091,1.0039569440982432,0.0,0.0031144215013200805
Ganymede,0.0011265999637544155,2458667.4670774816,2.2964105582796037,1.4463016750232782,6.010000228881836,2.1190243201322483,1.001673280400066,1.00028933171762,1.001673280400066,0.0,0.003078987835887449
Ganymede,0.0016919998452067375,2458667.4676428814,1.9734016335569322,1.309683150233468,6.099999904632568,2.1198059201304456,0.9987584916262023,0.9973701446751331,0.9987584916262023,0.0,0.00304497171242679
Ganymede,0.0022538001649081707,2458667.4682046818,1.7406247085891664,0.931944018782815,5.590000152587891,2.120582560186373,1.0048212790645068,1.003416282518577,1.0048212790645068,0.0,0.0030387339645807023
Ganymede,0.0028164000250399113,2458667.4687672816,1.8968356526456773,1.1324612559692468,5.53000020980835,2.1179720998511713,0.996311279056847,0.9949232572588194,0.996311279056847,0.0,0.0029835568855343547
Ganymede,0.003378999885171652,2458667.4693298815,1.8283476955257356,1.6718265475647058,5.920000076293945,2.1114362987961846,1.0004317187462144,0.9990582114729374,1.0004317187462144,0.0,0.0029722789637569246
Ganymede,0.003943100105971098,2458667.4698939817,1.878589232917875,1.558740249456605,6.179999828338623,2.1049184373717567,1.0022480477974993,1.0008922205336384,1.0022480477974993,0.0,0.002961285109772299
Ganymede,0.004508600104600191,2458667.4704594817,1.6460706791840494,1.5014659302250948,6.21999979019165,2.100337811672706,1.0039529535146416,1.00260767752511,1.0039529535146416,0.0,0.002945104393690653
Ganymede,0.005070299841463566,2458667.4710211814,1.815160637255758,1.8314544694439974,5.670000076293945,2.0957871873214655,1.0048088616808384,1.0034754867965843,1.0048088616808384,0.0,0.0029181747289180287
Ganymede,0.005632900167256594,2458667.4715837818,1.9716322771273553,1.9726687656657305,5.940000057220459,2.0912299999396504,1.0035767322090716,1.002258510675549,1.0035767322090716,0.0,0.0028941549138087443
Ganymede,0.006194800138473511,2458667.4721456817,1.7461815825663507,2.334027289034566,6.179999828338623,2.0866784363961033,0.9982735831178405,0.9969763227348045,0.9982735831178405,0.0,0.0028597762825739452
Ganymede,0.006761699914932251,2458667.4727125815,1.6794143370352685,2.244501798035344,6.090000152587891,2.0820865630205163,1.0079376496643042,1.0066428779404575,1.0079376496643042,0.0,0.0028757064578736015
Ganymede,0.007325800135731697,2458667.4732766817,1.8353226534090936,2.234008193569025,6.099999904632568,2.0775171849980016,0.9946997010054087,0.9934372761345366,0.9946997010054087,0.0,0.0028241071673570225
Ganymede,0.007887700106948614,2458667.4738385817,1.6552364281378686,2.2386708162666764,5.860000133514404,2.0729656252263116,1.0035476563831263,1.0022895733018697,1.0035476563831263,0.0,0.0028400458858038034
Ganymede,0.008454599883407354,2458667.4744054815,1.763477189000696,2.7146983049751725,5.260000228881836,2.0683737480788675,0.995741561513888,0.9945090097463553,0.995741561513888,0.0,0.0028056891976130168
Ganymede,0.009016099851578474,2458667.4749669814,1.5666555589996278,2.743980705359718,5.900000095367432,2.063824998340383,0.9986056962378231,0.9973852990510437,0.9986056962378231,0.0,0.002800687140869771
Ganymede,0.009577999822795391,2458667.4755288814,1.1859773225151002,2.4964698102266993,5.559999942779541,2.057264695829041,0.9984692478520159,0.9972724177411173,0.9984692478520159,0.0,0.002788951020468579
Ganymede,0.010140600148588419,2458667.4760914817,1.0389248258434236,2.7229753728897776,5.789999961853027,2.040108226459136,1.0065012896851873,1.0053589730401755,1.0065012896851873,0.0,0.00280044417871108
Ganymede,0.010702400002628565,2458667.4766532816,1.0628719660453498,2.347776472190162,5.710000038146973,2.022976464967927,1.0026861481486642,1.0016115358345559,1.0026861481486642,0.0,0.002779211230329077
Ganymede,0.011268700007349253,2458667.4772195816,0.9403222310356796,2.334172360220691,5.840000152587891,2.01916100094682,0.9979269033257897,0.9968689263133307,0.9979269033257897,0.0,0.0027570097403570356
Ganymede,0.011832000222057104,2458667.477782882,0.826706092339009,2.320648941764375,5.579999923706055,2.020783333825072,1.0031642494092983,1.0020906951788284,1.0031642494092983,0.0,0.002762801415876055
Ganymede,0.012393900193274021,2458667.478344782,0.8777064452879131,2.653398308524629,5.769999980926514,2.0258838915208517,0.9996388707348715,0.9985449144873151,0.9996388707348715,0.0,0.0027480307112665685
Ganymede,0.012960799969732761,2458667.4789116816,0.8266129302792251,2.2909528944583144,5.619999885559082,2.041670836503216,1.0048700257895489,1.0037039438825508,1.0048700257895489,0.0,0.0027563179772935407
Ganymede,0.013523399829864502,2458667.4794742814,0.7493594097904861,2.1849890980811324,5.389999866485596,2.0573385175323327,0.9996420492607305,0.9984168811078882,0.9996420492607305,0.0,0.0027305603188306528
Ganymede,0.014085299801081419,2458667.4800361814,0.6917608487419784,2.3973264131636824,5.409999847412109,2.0538719121066875,1.0019971190163668,1.0007772165040545,1.0019971190163668,0.0,0.002729479748174922
Ganymede,0.01464860001578927,2458667.4805994816,0.6275671082548797,2.151423651346704,5.769999980926514,2.0445434980567394,1.0051433014400801,1.0039501167642646,1.0051433014400801,0.0,0.0027356827507362077
Ganymede,0.015211199875921011,2458667.4811620815,0.646299400832504,2.315138626465341,5.369999885559082,2.0331968033557293,1.0005653950998656,0.9994155791373314,1.0005653950998656,0.0,0.0027184825000718584
Ganymede,0.015777899883687496,2458667.4817287815,0.5421642153523862,2.649696308741113,5.559999942779541,2.0169416258385753,1.0036192734097313,1.0025225520843277,1.0036192734097313,0.0,0.0027204514402337436
Ganymede,0.016344800125807524,2458667.4822956817,0.7638094215653837,2.251045632729074,5.300000190734863,2.000683136269372,0.9996623894835419,0.9986262584248407,0.9996623894835419,0.0,0.0027059038939748984
Ganymede,0.016908899880945683,2458667.4828597815,0.5213494091294706,2.2238427583070006,5.46999979019165,1.9845042962099382,1.0017519795870475,1.0007695765774074,1.0017519795870475,0.0,0.0027069725312252415
Ganymede,0.017474399879574776,2458667.4834252815,0.4625157876871526,2.23779499399825,5.429999828338623,1.9682856313956196,1.004531127026969,1.0036019418620825,1.004531127026969,0.0,0.002709511038579994
Ganymede,0.018037000205367804,2458667.483987882,0.32604861399158835,2.260235813067993,5.570000171661377,1.9521499548532164,1.0001828387320821,0.9993127221719997,1.0001828387320821,0.0,0.0026963737964006873
Ganymede,0.01859880005940795,2458667.4845496817,0.2962751197628677,2.250511564867338,5.710000038146973,1.9360375160953534,0.998848251102893,0.9980337875549943,0.998848251102893,0.0,0.0026873236827412543
Ganymede,0.01916040014475584,2458667.4851112817,0.18206178722903132,2.4395201137231197,5.670000076293945,1.91992838938954,0.9959956177398995,0.9952373425749566,0.9959956177398995,0.0,0.0026751251949748154
Ganymede,0.01972300000488758,2458667.4856738816,0.4104604381136596,2.3729225179122295,5.46999979019165,1.9037927128471368,0.9949945796176524,0.9942905047399165,0.9949945796176524,0.0,0.0026651776786054664
Ganymede,0.020284899976104498,2458667.4862357816,0.16063992260023952,2.630500056402525,5.769999980926514,1.8876769486821758,1.0039227220849887,1.003265658032551,1.0039227220849887,0.0,0.002681868421742849
Ganymede,0.020846799947321415,2458667.4867976815,0.09468610165640712,2.5596926813886967,5.420000076293945,1.8567752270927966,0.9970792436124493,0.9965355918034203,0.9970792436124493,0.0,0.0026551230576763838
Ganymede,0.021409399807453156,2458667.4873602814,0.13146197004243731,2.370015129999956,5.409999847412109,1.8085669218423055,0.9983504570631605,0.9979814651272997,0.9983504570631605,0.0,0.002652809684982102
Ganymede,0.021976300049573183,2458667.4879271816,0.06659530801698565,2.5167441224621143,5.5,1.7599917302610733,0.9985328776361496,0.9983416837116251,0.9985328776361496,0.0,0.0026503095966422144
Ganymede,0.02253880025818944,2458667.488489682,0.12394448695704341,2.641534641938051,5.800000190734863,1.7340099862000338,1.003843991959926,1.0037440388243084,1.003843991959926,0.0,0.002661610124362097
Ganymede,0.023100600112229586,2458667.4890514817,0.34893641946837306,2.3095680629776325,5.650000095367432,1.708526489833086,1.001650516516789,1.001640747790328,1.001650516516789,0.0,0.0026519803287335534
Ganymede,0.023667499888688326,2458667.4896183815,0.10156015632674098,2.420454733626684,5.980000019073486,1.6918116633183755,1.0011359011730947,1.001181525493241,1.0011359011730947,0.0,0.0026478243124583092
Ganymede,0.024230100214481354,2458667.490180982,0.004577386658638716,2.6701318105624523,5.920000076293945,1.6837099968618152,0.994797825736308,0.9948635651415287,0.994797825736308,0.0,0.0026263041524474955
Ganymede,0.0247919000685215,2458667.4907427817,0.12559504387900233,2.3555032988952007,5.75,1.6752399960303304,1.0019888920212427,1.0020757137834333,1.0019888920212427,0.0,0.002642710526989214
Ganymede,0.02535449992865324,2458667.4913053815,0.20683392463251948,2.38023388813599,5.889999866485596,1.6590366631172098,0.9988563707070806,0.9989911909395153,0.9988563707070806,0.0,0.002630351972095352
Ganymede,0.02591610001400113,2458667.4918669816,0.20205265283584595,2.7269571764336433,5.940000057220459,1.642863330713709,1.0018476749365488,1.0020312851215016,1.0018476749365488,0.0,0.002632344331437578
Ganymede,0.02648240001872182,2458667.4924332816,0.0,2.622929614590248,5.860000133514404,1.6892268437172577,0.9978350557313145,0.9978353336491588,0.9978350557313145,0.0,0.002616770718528248
Ganymede,0.027044800110161304,2458667.4929956817,-0.09922430664300919,2.643641822593054,6.039999961853027,1.7805050301562566,0.999480456736902,0.9991392087163233,0.999480456736902,0.0,0.0026145506404471326
Ganymede,0.02760670008137822,2458667.4935575817,0.15898092836141586,2.7734459718631115,5.710000038146973,1.8716892906492446,0.9999444299791704,0.9992671253846935,0.9999444299791704,0.0,0.0026078892867492476
Ganymede,0.02816959982737899,2458667.4941204814,0.15080963261425495,2.6256037583516445,5.539999961853027,1.9630237722047186,1.0033297551455687,1.002317093588784,1.0033297551455687,0.0,0.0026097861436159705
Ganymede,0.02873140014708042,2458667.4946822817,0.048520730808377266,2.771331750409445,5.559999942779541,2.0541892172829384,0.9983979454409779,0.997063014270512,0.9983979454409779,0.0,0.0025921700015630756
Ganymede,0.029298400040715933,2458667.4952492816,0.1443126816302538,2.527545892255148,5.650000095367432,1.9867776258598584,1.0031682361791145,1.002060207216146,1.0031682361791145,0.0,0.0025996481421811345
Ganymede,0.029866000171750784,2458667.495816882,0.12701523303985596,2.787735455291113,5.849999904632568,1.8465190219559817,1.0056488130702164,1.0050229995363618,1.0056488130702164,0.0,0.0026028019412506643
Ganymede,0.03042940003797412,2458667.4963802816,0.2491794377565384,2.8314800603257027,6.059999942779541,1.7409789956199524,1.0026600628422488,1.0024034396382022,1.0026600628422488,0.0,0.0025919264914158633
Ganymede,0.030991199892014265,2458667.4969420815,0.0839889794588089,2.9392451463209,5.800000190734863,1.7595860083899504,1.0000439707743964,0.9997135232136448,1.0000439707743964,0.0,0.002580512781970811
Ganymede,0.03155460022389889,2458667.497505482,0.05970560945570469,3.0179847596155014,5.650000095367432,1.7782466767428327,0.9971190347585419,0.9967159552519694,0.9971190347585419,0.0,0.0025697960393913505
Ganymede,0.03212000010535121,2458667.4980708817,-0.03527914546430111,3.296105634974083,5.949999809265137,1.8028818276219456,1.000437171497333,0.9999385812412106,1.000437171497333,0.0,0.0025754977398790317
Ganymede,0.03268190007656813,2458667.4986327817,-0.024357822723686695,2.826400977181038,5.730000019073486,1.8293636530493562,0.9988959467849043,0.9982985515040563,0.9988959467849043,0.0,0.0025668636078950073
Ganymede,0.0332439998164773,2458667.4991948814,0.12376585882157087,3.014616560743889,5.800000190734863,1.8507807555515023,1.0018037590562952,1.0011236138171946,1.0018037590562952,0.0,0.0025694486558610684
Ganymede,0.033807999920099974,2458667.4997588815,0.11861085379496217,3.0672822227643337,5.860000133514404,1.8576841685285668,0.9964954089424444,0.9957898901167676,0.9964954089424444,0.0,0.0025515400946099546
Ganymede,0.03437490016222,2458667.5003257818,0.486668820027262,3.1404521619842853,5.360000133514404,1.8646230051069261,0.9989357358939439,0.9981999970528319,0.9989357358939439,0.0,0.0025532537416607746
Ganymede,0.03493899991735816,2458667.5008898815,0.4463655077852309,3.02777145858272,5.360000133514404,1.8780311712834734,0.9959808931254791,0.9951969936333336,0.9959808931254791,0.0,0.002542006895917074
Ganymede,0.03550449991598725,2458667.5014553815,0.34035626286640763,2.984861571894726,5.440000057220459,1.8930963351982504,1.0046871415147494,1.0038405620267608,1.0046871415147494,0.0,0.002559690920329702
Ganymede,0.03606710024178028,2458667.502017982,0.4119728305377066,3.0951248077617493,5.25,1.904590229977499,0.9971257867853063,0.9962433481740552,0.9971257867853063,0.0,0.002537110153766409
Ganymede,0.03663410013541579,2458667.5025849817,0.468137274030596,3.1883943272696342,5.300000190734863,1.9093146324036667,1.0032857901078005,1.0023798149753522,1.0032857901078005,0.0,0.00254868012640082
Ganymede,0.03719750000163913,2458667.5031483816,0.5829093107022345,3.3073689235316124,4.949999809265137,1.9140091400070125,1.0020903538017336,1.0011682658906604,1.0020903538017336,0.0,0.002541289771465887
Ganymede,0.037759299855679274,2458667.5037101815,0.5210424759425223,3.224326570139965,5.059999942779541,1.9186901454710437,1.0005568512582004,0.999620084885564,1.0005568512582004,0.0,0.0025329914150831324
Ganymede,0.03832559986039996,2458667.5042764815,0.5233223545365036,3.347894076810917,5.010000228881836,1.9234087629289016,1.000242786567373,0.999291070350659,1.000242786567373,0.0,0.002526361077015077
Ganymede,0.03889380022883415,2458667.504844682,0.6417422774247825,3.1152827782498207,4.489999771118164,1.9281437730702666,0.9990387974105477,0.9980738593067853,0.9990387974105477,0.0,0.002516915114825042
Ganymede,0.03945640008896589,2458667.5054072817,0.7086804541759193,3.113091548293596,4.659999847412109,1.932831529603955,0.9986109465486182,0.9976330064540322,0.9986109465486182,0.0,0.002511512484416586
Ganymede,0.040017500054091215,2458667.5059683817,0.7862965199165046,3.165354301541811,4.829999923706055,1.937506750099676,1.0004128783798334,0.9994205346776638,1.0004128783798334,0.0,0.0025112504174180958
Ganymede,0.040582300163805485,2458667.5065331818,0.7645584191195667,3.12432119375444,4.869999885559082,1.9422128315195668,1.001912319447851,1.0009063947587933,1.001912319447851,0.0,0.0025120303773643834
Ganymede,0.041146399918943644,2458667.5070972815,0.8346798638813198,3.11037587778992,4.78000020980835,1.9469131240912225,1.0008277651284834,0.9998114965468706,1.0008277651284834,0.0,0.0025041241288144694
Ganymede,0.04171330016106367,2458667.5076641818,0.8547454192303121,3.16036641257233,4.71999979019165,1.9526453368452392,1.0005342916605706,0.9995038546521617,1.0005342916605706,0.0,0.002499110980618752
Ganymede,0.04227809980511665,2458667.5082289814,0.8724198932759464,3.3755545284075197,4.579999923706055,1.959152000793934,0.9995689249018036,0.9985228814359209,0.9995689249018036,0.0,0.002493950197373034
Ganymede,0.04284559981897473,2458667.5087964814,0.9021546128205955,3.327148396841949,4.619999885559082,1.9640471063222615,1.0001571549357322,0.9990994652662775,1.0001571549357322,0.0,0.0024923020199082695
Ganymede,0.043413800187408924,2458667.509364682,0.9348248126916587,3.219103169016307,4.599999904632568,1.9550167161159522,1.0010790956563047,1.0000572253222477,1.0010790956563047,0.0,0.0024924144504550523
Ganymede,0.04398149996995926,2458667.5099323816,0.855368900578469,3.211387209914392,4.769999980926514,1.945993690020007,0.9987140121873233,0.9977311565114496,0.9987140121873233,0.0,0.002481717997335154
Ganymede,0.044547699857503176,2458667.5104985815,0.6468308749608696,3.121657409094041,4.650000095367432,1.9369945769296755,0.9970334212474481,0.9960885668346356,0.9970334212474481,0.0,0.0024709499738326517
Ganymede,0.04511230019852519,2458667.511063182,0.6031215297989547,3.2283512729627546,4.800000190734863,1.9280193768449576,0.9965202430307232,0.9956120076184185,0.9965202430307232,0.0,0.002464089402953738
Ganymede,0.04568069986999035,2458667.5116315815,0.5428453232161701,3.054864727280801,4.849999904632568,1.9189853082840245,1.0014418145888186,1.0005654500576753,1.0014418145888186,0.0,0.002476140188436717
Ganymede,0.04624770022928715,2458667.512198582,0.5102086621336639,3.1360731277090963,5.039999961853027,1.909973317251951,0.9977266551935805,0.9968894942402536,0.9977266551935805,0.0,0.002466419480469434
Ganymede,0.04681470012292266,2458667.5127655817,0.45979252038523555,3.002955586038297,5.440000057220459,1.9009613262198777,1.0017998298011295,1.0009951380026028,1.0017998298011295,0.0,0.0024756399394907716
Ganymede,0.0473815998993814,2458667.5133324815,0.5233107241801918,2.965689376316732,5.119999885559082,1.8919511780656744,0.9989202009314673,0.998153369545495,0.9989202009314673,0.0,0.002460702445296232
Ganymede,0.04794930014759302,2458667.5139001817,0.4517294797115028,2.9796065402624663,5.260000228881836,1.882928144568613,1.0032802213454814,1.0025455195799342,1.0032802213454814,0.0,0.0024690984103811348
Ganymede,0.04851390002295375,2458667.5144647816,0.6900310250930488,2.9485323981789406,4.940000057220459,1.8739529444838954,0.9981623244105143,0.9974662298420613,0.9981623244105143,0.0,0.002451950908039351
Ganymede,0.049080099910497665,2458667.5150309815,0.3885341319255531,3.01268645687378,5.0,1.8649538313935639,1.000448779512318,0.9997858248352318,1.000448779512318,0.0,0.002456649603447963
Ganymede,0.049644900020211935,2458667.5155957816,0.5245560589246452,2.9499431209114846,5.050000190734863,1.8559767884309761,0.9972370677940147,0.9966104813512637,0.9972370677940147,0.0,0.002449402733316669
Ganymede,0.050209200009703636,2458667.5161600816,0.4825434940867126,2.9929317900387105,4.96999979019165,1.8470071095787524,1.0000141527230464,0.999419818740154,1.0000141527230464,0.0,0.0024532187671093162
Ganymede,0.050778300035744905,2458667.5167291816,0.557687062304467,2.889891236409312,4.880000114440918,1.8379620059539472,0.9984824759270015,0.9979229619410547,0.9984824759270015,0.0,0.002444097374051949
Ganymede,0.051343800034374,2458667.5172946816,0.5523940483108163,2.938286285236245,5.010000228881836,1.8282987494870273,1.0006168861867646,1.000092360123425,1.0006168861867646,0.0,0.0024462342941383845
Ganymede,0.05191079992800951,2458667.5178616815,0.5261276150122285,2.82673030658043,5.28000020980835,1.8172759993240832,1.0036284469834422,1.0031437083400783,1.0036284469834422,0.0,0.0024527389094318877
Ganymede,0.05247770017012954,2458667.5184285818,0.760327928699553,2.643288935854798,5.039999961853027,1.8062555032226744,1.000563926105821,1.000121886239657,1.000563926105821,0.0,0.0024449193740690663
Ganymede,0.05304249981418252,2458667.5189933814,0.7295996835455298,2.796978290512925,5.289999961853027,1.78357159486517,1.0017183344048848,1.0013610951853573,1.0017183344048848,0.0,0.0024475922881857697
Ganymede,0.053606499917805195,2458667.5195573815,0.7125122072175145,3.004553239181405,5.559999942779541,1.7594113368186273,1.004147635709268,1.0038808878662424,1.004147635709268,0.0,0.0024504554438534018
Ganymede,0.05417820019647479,2458667.520129082,0.6657446445897222,2.9701659375277814,5.579999923706055,1.739853752544746,0.9980160232287152,0.997824524171972,0.9980160232287152,0.0,0.002435830644861094
Ganymede,0.05474299984052777,2458667.5206938814,0.5042745443060994,2.9156260819581803,5.579999923706055,1.7264337470864504,1.001963702049519,1.0018221024225862,1.001963702049519,0.0,0.0024455650396755543
Ganymede,0.05531139997765422,2458667.5212622816,0.45018081087619066,2.7215207697299775,5.360000133514404,1.712931232587114,1.0005941478789748,1.000503662772808,1.0005941478789748,0.0,0.002440959136372423
Ganymede,0.05588110024109483,2458667.521831982,0.41026799101382494,2.4967546643165406,5.369999885559082,1.6999117301546716,0.9999762808301823,0.9999349172618567,0.9999762808301823,0.0,0.002438866585391519
Ganymede,0.05644800001755357,2458667.5223988816,0.501721371896565,2.55636615990079,5.559999942779541,1.6869583457330095,0.9994101276292862,0.9994175836116017,0.9994101276292862,0.0,0.0024393430274610305
Ganymede,0.05701499991118908,2458667.5229658815,0.4957330096513033,2.4202783846703824,5.550000190734863,1.6801161585168674,0.9995091367030753,0.9995419843999743,0.9995091367030753,0.0,0.0024367611155771403
Ganymede,0.0575788002461195,2458667.523529682,0.5443572644144297,2.2065475129929837,5.429999828338623,1.6784891016923955,0.9982827250477778,0.9983208428020363,0.9982827250477778,0.0,0.002431641957573581
Ganymede,0.05814359989017248,2458667.5240944815,0.3669250700622797,2.231953270122176,5.369999885559082,1.6768590385540934,0.9973129863290892,0.9973562668131364,0.9973129863290892,0.0,0.0024269457432179705
Ganymede,0.05870829988270998,2458667.5246591815,0.5489003155380487,2.267564746871358,5.449999809265137,1.6752289767596957,0.9978920674824836,0.9979404498660719,0.9978920674824836,0.0,0.002427353998738286
Ganymede,0.059274500235915184,2458667.525225382,0.6456829253584146,1.879700186982518,5.5,1.6735949060988895,0.9998541270501924,0.9999075437819277,0.9998541270501924,0.0,0.002431323621606129
Ganymede,0.05984430015087128,2458667.5257951817,0.6654227543622255,1.741267296805745,5.460000038146973,1.6719504793118538,1.002343055462686,1.0024013344659621,1.002343055462686,0.0,0.0024340237813902854
Ganymede,0.060414900071918964,2458667.5263657817,0.5969955045729876,1.7709560686198529,5.599999904632568,1.6703037154753095,1.000084713579788,1.0001472950623453,1.000084713579788,0.0,0.0024254629827443566
Ganymede,0.060980900190770626,2458667.526931782,0.41311259754002094,1.8305205733922776,5.590000152587891,1.66866997810276,1.0015389206593297,1.0016057202663284,1.0015389206593297,0.0,0.0024284918987204484
Ganymede,0.061549299862235785,2458667.5275001815,0.40006922371685505,1.681186485424405,5.570000171661377,1.6670295615260369,0.9988748121150011,0.9989453307572366,0.9988748121150011,0.0,0.0024180468730275848
Ganymede,0.06211700011044741,2458667.5280678817,0.40331109100952744,1.5307493091968354,5.639999866485596,1.6653911473666616,0.9978743492535264,0.9979484342931627,0.9978743492535264,0.0,0.002414123491294968
Ganymede,0.06268540024757385,2458667.528636282,0.46762638771906495,1.4411602200416382,5.650000095367432,1.6684283333825072,0.9993144224632686,0.9993739403142958,0.9993144224632686,0.0,0.0024178764980373794
Ganymede,0.06325299991294742,2458667.5292038815,0.42587492102757096,1.533956784143811,5.860000133514404,1.6729236676796477,1.001896503492978,1.0019355696756644,1.001896503492978,0.0,0.0024245644388242254
Ganymede,0.06381849991157651,2458667.5297693815,0.5779752903617918,1.3563617499021348,5.480000019073486,1.685483482966253,0.9989966813656879,0.998983641738681,0.9989966813656879,0.0,0.002414084099522732
Ganymede,0.06438589980825782,2458667.5303367814,0.6459249653853476,1.3164128804055508,5.579999923706055,1.7158739755096557,0.9992790383544029,0.9991449126721165,0.9992790383544029,0.0,0.002415178690817603
Ganymede,0.0649521998129785,2458667.5309030814,0.6461320028174669,1.2550526814011391,5.630000114440918,1.7462024973806896,0.9985895165640497,0.9983347508088595,0.9985895165640497,0.0,0.002410656020258064
Ganymede,0.06551619991660118,2458667.5314670815,0.587287861155346,0.9544516460446175,5.739999771118164,1.7745692671905242,1.0008384887563988,1.0004697441861878,1.0008384887563988,0.0,0.0024128898061262114
Ganymede,0.0660823998041451,2458667.5320332814,0.5914327066857368,0.8307251439837273,5.789999961853027,1.8026982549217685,0.9971648395562565,0.9966855362646712,0.9971648395562565,0.0,0.0024033666278507116
Ganymede,0.06663630018010736,2458667.532587182,0.6948939200956374,0.7007402585295495,5.96999979019165,1.8208532573176224,1.0017642693713127,1.0012084737894278,1.0017642693713127,0.0,0.0024109031866457447
Ganymede,0.0672062998637557,2458667.5331571815,0.6924863087479025,0.5747618631867226,5.699999809265137,1.8232180792263546,0.9959149809610968,0.9953485728908145,0.9959149809610968,0.0,0.002396530710344623
Ganymede,0.06777210021391511,2458667.533722982,0.6372266265098006,0.4457795874623116,5.730000019073486,1.8255656148291113,1.001646736629141,1.001062995046393,1.001646736629141,0.0,0.0024069795538362794
Ganymede,0.06834260001778603,2458667.5342934816,0.6112949235830456,0.2696137533930596,5.78000020980835,1.8279323589410672,0.9961427357509043,0.9955479988408578,0.9961427357509043,0.0,0.0023887629454085635
Ganymede,0.06890959991142154,2458667.5348604815,0.60409364127554,0.3183555969444569,5.760000228881836,1.8302846971540894,1.0031246411484749,1.002511354297039,1.0031246411484749,0.0,0.002403183431799404
Ganymede,0.06947650015354156,2458667.5354273818,0.7235054450575262,0.3458666962978896,5.78000020980835,1.8326365562652025,0.9998917376019956,0.9992659866369338,0.9998917376019956,0.0,0.002392026001385268
Ganymede,0.07004120014607906,2458667.5359920817,0.686368108028546,0.34549201920162886,5.590000152587891,1.8349797702914652,0.9963093511467541,0.9956713750577425,0.9963093511467541,0.0,0.0023777993461477193
Ganymede,0.0706080999225378,2458667.5365589815,0.6793751704972237,0.12503211095463485,5.400000095367432,1.8373316294025783,1.0022708077994111,1.0016144129136562,1.0022708077994111,0.0,0.002389014318764693
Ganymede,0.07117210002616048,2458667.5371229816,0.7157841313164681,0.3085522790206596,5.460000038146973,1.8396714819880278,1.0019535046105197,1.0012827143374177,1.0019535046105197,0.0,0.0023865161906417914
Ganymede,0.0717382999137044,2458667.5376891815,0.7041824187617749,0.23844797059427947,5.510000228881836,1.8420204606920991,1.0031901104797527,1.0025038321595436,1.0031901104797527,0.0,0.0023876996474563087
Ganymede,0.07230520015582442,2458667.5382560818,0.6727693218272179,0.26237654767464846,5.519999980926514,1.8465429768067592,1.002892838471708,1.0021838993291576,1.002892838471708,0.0,0.0023848873009910637
Ganymede,0.0728699997998774,2458667.5388208814,0.6637697152327746,0.2212540291948244,5.639999866485596,1.8525925663123604,1.0037227878015673,1.0029846706812422,1.0037227878015673,0.0,0.002384704469666934
Ganymede,0.07343759993091226,2458667.5393884815,0.7392057187389582,-0.12212269671726972,5.449999809265137,1.856370992990384,1.0030881980074773,1.0023307315772194,1.0030881980074773,0.0,0.0023824581736454917
Ganymede,0.07400379981845617,2458667.5399546814,0.6896606169175357,-0.11518611258361489,5.360000133514404,1.841694999391474,0.9982887488284102,0.997584653167058,0.9982887488284102,0.0,0.002369284379232689
Ganymede,0.07457200018689036,2458667.540522882,0.7581000111531466,-0.06668229645583779,5.369999885559082,1.826967998237789,1.0053947764333913,1.004736059390037,1.0053947764333913,0.0,0.002382529927761042
Ganymede,0.07513689994812012,2458667.5410877815,0.6627389423083514,-0.20085820800159127,5.349999904632568,1.8085625008381903,1.0058227703204696,1.005228235617305,1.0058227703204696,0.0,0.002383591235243248
Ganymede,0.07570650009438396,2458667.5416573817,0.7262719429563731,-0.32007923221681267,5.570000171661377,1.7880541618498658,1.0002860922279269,0.9997670552671765,1.0002860922279269,0.0,0.002368612139267884
Ganymede,0.07627050019800663,2458667.542221382,0.6319194145034999,-0.1405049959430471,5.880000114440918,1.7722549996379016,0.9940862051965712,0.9936244860289077,0.9940862051965712,0.0,0.0023516432052045864
Ganymede,0.07683819998055696,2458667.5427890816,0.6976470507215708,-0.31123859679792076,5.710000038146973,1.7734812503520399,1.0026041021757204,1.0021279730246113,1.0026041021757204,0.0,0.0023700325033652768
Ganymede,0.07740730000659823,2458667.5433581816,0.7362745485734195,-0.38086057698819786,5.820000171661377,1.7747105004465877,0.9989535065072656,0.998468840605847,0.9989535065072656,0.0,0.0023640732635424686
Ganymede,0.07797469990327954,2458667.5439255815,0.74251380818896,-0.3582356503466144,5.900000095367432,1.7652473939615931,1.0009472570169653,1.0004919874244265,1.0009472570169653,0.0,0.0023685888230240565
Ganymede,0.07854169979691505,2458667.5444925814,0.7770496148150414,-0.35652750078588724,6.21999979019165,1.7524895823423479,1.001290197640022,1.000877708483696,1.001290197640022,0.0,0.002368635098143955
Ganymede,0.07910640025511384,2458667.545057282,0.8378820854704827,-0.4488411108031869,6.010000228881836,1.7397838537726735,0.9997639510627214,0.9993948675704126,0.9997639510627214,0.0,0.0023645760233118973
Ganymede,0.07966609997674823,2458667.5456169816,0.6970137197058648,-0.354594306088984,6.329999923706055,1.7271901074266593,1.002039545926036,1.0017120269521662,1.002039545926036,0.0,0.0023720499850334747
Ganymede,0.08023530011996627,2458667.5461861817,0.5859907406847924,-0.39977980498224497,6.300000190734863,1.7143828111477633,1.0031691117395727,1.0028845450415331,1.0031691117395727,0.0,0.0023736648293617773
Ganymede,0.08080360013991594,2458667.5467544817,0.4768412623088807,-0.2815519357100129,6.170000076293945,1.7015963543751227,1.000851606906085,1.000610907161825,1.000851606906085,0.0,0.0023640019221679866
Ganymede,0.08136990014463663,2458667.5473207817,0.6711292925756425,-0.2316855462267995,6.199999809265137,1.688854164527535,0.9995228798638058,0.9993254901167276,0.9995228798638058,0.0,0.0023569472413756867
Ganymede,0.08194650011137128,2458667.5478973817,0.595645560650155,-0.15132558811455965,6.119999885559082,1.6758802045854875,1.004225866756928,1.0040716942861574,1.004225866756928,0.0,0.002364683057032733
Ganymede,0.08251200011000037,2458667.5484628817,0.7100498217623681,-0.12046198081225157,5.96999979019165,1.6631562453768565,1.0016009513627526,1.0014903720604458,1.0016009513627526,0.0,0.0023535776567716665
Ganymede,0.08307670010253787,2458667.5490275817,0.7091524613206275,-0.09741935599595308,6.099999904632568,1.650447918417262,1.0020923143090326,1.0020248703240182,1.0020923143090326,0.0,0.0023500272780977148
Ganymede,0.08364289999008179,2458667.5495937816,0.6703168203239329,0.07858675252646208,6.03000020980835,1.6543266655848423,0.9999896611131566,0.9999019495149915,0.9999896611131566,0.0,0.0023428740128058454
Ganymede,0.08421200001612306,2458667.5501628816,0.6071446289424784,0.11611438822001219,5.96999979019165,1.6588339159315177,0.998194623707418,0.998084625710814,0.998194623707418,0.0,0.0023384571158353252
Ganymede,0.08477530023083091,2458667.550726182,0.42931744951056316,-0.03565869200974703,5.889999866485596,1.6568266635731854,1.0006771378787591,1.0005693659601,1.0006771378787591,0.0,0.0023438547318713346
Ganymede,0.08533699996769428,2458667.5512878816,0.28439365822123364,0.06234508287161589,5.980000019073486,1.6487383344017468,0.9968041708091304,0.996722312049009,0.9968041708091304,0.0,0.0023356270834466925
Ganymede,0.08590529998764396,2458667.5518561816,0.4073731129174121,-0.08770390320569277,5.889999866485596,1.640864873463407,1.0029824282449726,1.0029249374829345,1.0029824282449726,0.0,0.002346407343029631
Ganymede,0.0864737001247704,2458667.5524245817,0.3943493406404741,-0.2594606028869748,5.730000019073486,1.6383887383057658,1.002981824784782,1.0029287790796828,1.002981824784782,0.0,0.0023448574008871226
Ganymede,0.08704280015081167,2458667.5529936817,0.3740608490188606,0.021122301928699017,5.829999923706055,1.6359095785629738,0.9985789835964476,0.9985307411750605,0.9985789835964476,0.0,0.002335432395065206
Ganymede,0.08760830014944077,2458667.5535591817,0.3625714949448593,0.007347315549850464,5.659999847412109,1.6317321798161823,1.0044189376969193,1.0043815278256891,1.0044189376969193,0.0,0.0023493789980050467
Ganymede,0.08817380014806986,2458667.5541246817,0.27663114882307127,0.10062619298696518,5.550000190734863,1.6265516015464245,0.9967505768574353,0.9967283457696072,0.9967505768574353,0.0,0.002330085956927616
Ganymede,0.08873460022732615,2458667.554685482,0.31735403306083754,-0.03209204226732254,5.670000076293945,1.6214134304226069,1.0006113066294249,1.0006037787436974,1.0006113066294249,0.0,0.0023389823763624216
Ganymede,0.08930160012096167,2458667.5552524817,0.18216154939727858,0.12801577895879745,5.789999961853027,1.6162190648180057,1.0024687654146907,1.002476306203941,1.0024687654146907,0.0,0.0023428913274010006
Ganymede,0.0898684998974204,2458667.5558193815,0.2915108448942192,0.18906034529209137,5.639999866485596,1.6110257571524644,1.0008108363455,1.0008334697212031,1.0008108363455,0.0,0.002338063123974348
Ganymede,0.09043620014563203,2458667.5563870817,0.2990807633032091,0.0,5.309999942779541,1.6058250311158548,1.0006335683044187,1.0006713565060625,1.0006335683044187,0.0,0.0023357692559133453
Ganymede,0.09100379981100559,2458667.5569546814,0.1101273040403612,0.11008485406637192,5.369999885559082,1.600625363018305,0.9987993502313369,0.9988521741913158,0.9987993502313369,0.0,0.002330852203769065
Ganymede,0.09156859992071986,2458667.5575194815,-0.11905745760304853,-0.07553081959486008,5.489999771118164,1.5954511409146723,1.00414877285636,1.0042168785341679,1.00414877285636,0.0,0.002341122799174656
Ganymede,0.0921382000669837,2458667.5580890817,-0.2586468865047209,0.21862245351076126,5.610000133514404,1.590232391521097,1.0045922871557136,1.0046755655919066,1.0045922871557136,0.0,0.0023407399618964307
Ganymede,0.09270509984344244,2458667.5586559814,-0.5365893651614897,0.2257082685828209,5.559999942779541,1.5850390838555557,0.9981728939205321,0.9982705476084621,0.9981728939205321,0.0,0.0023243076327606883
Ganymede,0.09327210020273924,2458667.559222982,-0.6064849306712858,0.25804681703448296,5.349999904632568,1.5988197521706453,0.9980400965577189,0.9980818701690509,0.9980400965577189,0.0,0.0023208410616480366
Ganymede,0.09383990010246634,2458667.5597907817,-0.6680273410747759,0.24161235615611076,5.590000152587891,1.6173718545886568,0.9978310332413465,0.9977997195993388,0.9978310332413465,0.0,0.0023180636777013672
Ganymede,0.0944043998606503,2458667.5603552815,-0.7569449243019335,0.25310428347438574,5.440000057220459,1.6309696635394137,1.0028909758031224,1.0028049475662848,1.0028909758031224,0.0,0.002327781802918131
Ganymede,0.0949698998592794,2458667.5609207815,-0.6460746970842592,0.32159104105085135,5.380000114440918,1.6363073111722009,0.9963239966091672,0.9962149294451034,0.9963239966091672,0.0,0.0023087525212900457
Ganymede,0.09553389996290207,2458667.5614847816,-0.5890681964228861,0.5260988837108016,5.199999809265137,1.6416307578604221,1.0006699568575854,1.0005368811772926,1.0006699568575854,0.0,0.0023156236162052007
Ganymede,0.09610009985044599,2458667.5620509814,-0.686912767298054,0.33183384593576193,5.139999866485596,1.6348490891516494,0.9932804253314693,0.993169149475529,0.9932804253314693,0.0,0.0022993934739107256
Ganymede,0.09666700009256601,2458667.5626178817,-0.890788562304806,0.2589593818411231,5.099999904632568,1.6271580108336874,0.9991220786662643,0.9990345605035504,0.9991220786662643,0.0,0.002316262866973183
Ganymede,0.09723469987511635,2458667.5631855815,-0.7057666850159876,0.000500350259244442,4.690000057220459,1.6211191645186644,1.0024039808260887,1.0023347518321375,1.0024039808260887,0.0,0.0023250042223857074
Ganymede,0.09779939986765385,2458667.5637502815,-0.7077859006240033,0.11879758443683386,5.210000038146973,1.6170524961979686,0.9999362213333626,0.9998785459418661,0.9999362213333626,0.0,0.0023185800263198393
Ganymede,0.0983669999986887,2458667.5643178816,-0.544676732213702,-0.03030479047447443,5.110000133514404,1.6130264801916776,0.9985673574923266,0.998521095505445,0.9985673574923266,0.0,0.002317267765957929
Ganymede,0.09893140010535717,2458667.5648822817,-0.6070290207280777,0.054481945000588894,5.019999980926514,1.6161755650764662,0.998798089282854,0.9987367612469904,0.998798089282854,0.0,0.0023173383013830565
Ganymede,0.09950120002031326,2458667.5654520816,-0.8504125028266571,-0.060365588404238224,5.480000019073486,1.6193556487530036,1.0041368832437305,1.0040600809874165,1.0041368832437305,0.0,0.0023301662724426976
Ganymede,0.10006950004026294,2458667.5660203816,-0.8953489697887562,-0.06145072204526514,5.46999979019165,1.6225266900326183,1.0039588116011302,1.0038670285518168,1.0039588116011302,0.0,0.0023303348295821563
Ganymede,0.10063430014997721,2458667.5665851817,-1.0050648562028073,-0.06411412812303752,5.559999942779541,1.6256783551185978,0.9986956540753038,0.9985895864076841,0.9986956540753038,0.0,0.0023182083853703003
Ganymede,0.10120069980621338,2458667.5671515814,-1.1404043845250271,-0.1342035949928686,5.559999942779541,1.6288390651998896,1.000291671949265,1.0001706894076094,1.000291671949265,0.0,0.0023216460181450303
Ganymede,0.10176909994333982,2458667.5677199815,-1.0555400810553692,-0.10622416145633906,5.619999885559082,1.6320107508802046,1.0038904076443,1.0037542643515913,1.0038904076443,0.0,0.002328904773443326
Ganymede,0.10233280016109347,2458667.5682836818,-1.132594253809657,0.33820642821956426,5.699999809265137,1.6351566059663225,1.002890389116189,1.002739843596041,1.002890389116189,0.0,0.0023246660951600977
Ganymede,0.10289830015972257,2458667.5688491818,-1.2107674888684414,0.06473209254909307,5.28000020980835,1.638312147850063,0.9965861757085711,0.9964221693832218,0.9965861757085711,0.0,0.0023094956582249914
Ganymede,0.10347100021317601,2458667.569421882,-1.3337510711862706,-0.09529754228424281,5.0,1.6415077309224746,0.9994450977860792,0.9992660930395085,0.9994450977860792,0.0,0.0023134072633730954
Ganymede,0.1040373002178967,2458667.569988182,-1.1931746340706013,-0.15055202029179782,4.619999885559082,1.6433163611552697,0.9963686649274198,0.9961808058584688,0.9963686649274198,0.0,0.0023065926925785927
Ganymede,0.10460419999435544,2458667.5705550816,-1.1064573265030049,0.1935740850167349,4.829999923706055,1.6400780150498542,0.9961508622289023,0.9959717681917741,0.9961508622289023,0.0,0.002305649995428134
Ganymede,0.1051710001192987,2458667.5711218817,-1.215624857635703,0.10903586365748197,5.179999828338623,1.6368396662843963,1.0001710575211218,1.0,1.0001710575211218,0.0,0.002310974057763815
Ganymede,0.10573940025642514,2458667.571690282,-1.2035490879206918,0.40771602012682706,5.320000171661377,1.6469230035234157,1.0020206338054127,1.001810215204639,1.0020206338054127,0.0,0.0023153230271439353
Ganymede,0.1063077999278903,2458667.5722586815,-1.2086743288091384,0.12827511050272733,5.269999980926514,1.6616560034359087,1.0044254385155482,1.0041589547439822,1.0044254385155482,0.0,0.00231917688925457
Ganymede,0.1068724999204278,2458667.5728233815,-1.3538412176421843,0.14862709783483297,5.449999809265137,1.678201000732243,1.0022741834170152,1.0019467098952344,1.0022741834170152,0.0,0.002313769414811085
Ganymede,0.10743869980797172,2458667.5733895814,-1.322963951562997,-0.0323724941117689,5.079999923706055,1.699399665260295,1.0011370381696998,1.0007323716434176,1.0011370381696998,0.0,0.002312940792000322
Ganymede,0.108005799818784,2458667.5739566814,-1.3215825578081422,-0.088651739875786,5.360000133514404,1.7206330067296627,1.0003161166012413,0.999834692142718,1.0003161166012413,0.0,0.0023131876681214392
Ganymede,0.10857209982350469,2458667.5745229814,-1.3682403026032262,-0.03160574741195887,5.309999942779541,1.7238285000626548,0.9963787416033938,0.9958858386188449,0.9963787416033938,0.0,0.0023035237443717314
Ganymede,0.10913830017670989,2458667.575089182,-1.3445059584337287,-0.06687283224891871,4.889999866485596,1.723624666599332,1.0050842670791755,1.0045856045037775,1.0050842670791755,0.0,0.0023225676776241723
Ganymede,0.10970119992271066,2458667.5756520815,-1.3681748418021016,-0.17589345283340663,4.840000152587891,1.7234220000645406,1.000703101931982,1.0002051695850127,1.000703101931982,0.0,0.002311671296872278
Ganymede,0.11026890017092228,2458667.576219782,-1.3233491277205758,-0.22094460285734385,4.829999923706055,1.723217624962648,0.9999375681589697,0.9994386074791886,0.9999375681589697,0.0,0.0023092482936330023
Ganymede,0.11083729984238744,2458667.5767881814,-1.342204075481277,-0.3284162402851507,5.070000171661377,1.723012999912409,0.9996921041133676,0.9991918959396551,0.9996921041133676,0.0,0.0023068178134054776
Ganymede,0.11140190018340945,2458667.577352782,-1.2536125967162661,-0.26582631922792643,4.900000095367432,1.7228097082552942,0.9998717113434268,0.9993700604765561,0.9998717113434268,0.0,0.002304039739689241
Ganymede,0.11196810007095337,2458667.5779189817,-1.3166272455709986,-0.3337747425539419,4.989999771118164,1.7226058749596096,1.0004238864762485,0.9999206523423034,1.0004238864762485,0.0,0.0023027102426206396
Ganymede,0.11252930015325546,2458667.5784801817,-1.2659796925145201,-0.25528052158188075,4.800000190734863,1.7224038333795035,0.9962934564653708,0.9957910171881352,0.9962934564653708,0.0,0.002291407233667409
Ganymede,0.11309120012447238,2458667.5790420817,-1.2990145088988356,-0.2783459489000961,5.099999904632568,1.7222015416834129,0.9978366931465497,0.9973322165875859,0.9978366931465497,0.0,0.002294519444266202
Ganymede,0.11365379998460412,2458667.5796046816,-1.3226412294316106,-0.22743523388635367,4.929999828338623,1.7219940002333523,1.0004584936493208,0.999951457604871,1.0004584936493208,0.0,0.0022976046786044612
Ganymede,0.11422150023281574,2458667.580172382,-1.3484109418350272,-0.31727490096818656,4.840000152587891,1.7207677505250425,0.9979320338593077,0.9974285931014004,0.9979320338593077,0.0,0.002290310652600193
Ganymede,0.1147890998981893,2458667.5807399815,-1.417768970306497,-0.3592922379029915,4.940000057220459,1.719541750262186,1.001467402393427,1.0009645367150741,1.001467402393427,0.0,0.0022993679871668674
Ganymede,0.11535170022398233,2458667.581302582,-1.419600318709854,-0.26373952522408217,5.179999828338623,1.732469994125962,0.9936228473504657,0.993077743309814,0.9936228473504657,0.0,0.002284259442280227
Ganymede,0.11591510009020567,2458667.5818659817,-1.4830684620537795,-0.12695202126633376,5.340000152587891,1.7568099963253736,0.9995705065569722,0.9989367509857808,0.9995705065569722,0.0,0.0022997573726636585
Ganymede,0.11648249998688698,2458667.5824333816,-1.26248229626799,-0.3545749624026939,5.25,1.7798525046469276,0.9950947154001322,0.9943837521858091,0.9950947154001322,0.0,0.0022839712430584424
Ganymede,0.1170502002350986,2458667.583001082,-1.343412879446987,-0.29666445299517363,5.400000095367432,1.7888450025078657,0.9971977189141153,0.9964531561998612,0.9971977189141153,0.0,0.002286745860020484
Ganymede,0.11761779990047216,2458667.5835686815,-1.348146060074214,-0.4127575297607109,5.079999923706055,1.7978356711021466,1.0010537155999244,1.0002741931747618,1.0010537155999244,0.0,0.0022941042932209236
Ganymede,0.11818550014868379,2458667.5841363817,-1.4796862393268384,-0.28385646536480635,5.21999979019165,1.8023357147518004,0.9985205596561494,0.9977263371274534,0.9985205596561494,0.0,0.0022873934350325976
Ganymede,0.11875389982014894,2458667.5847047814,-1.4830908468575217,-0.26055797829758376,5.190000057220459,1.8043991607165015,1.00086842830585,1.0000639460494618,1.00086842830585,0.0,0.0022956427301320547
Ganymede,0.11930919997394085,2458667.5852600816,-1.3441384425968863,-0.4256949861301109,5.130000114440918,1.806227840925433,0.9999579346816447,0.9991466150382575,0.9999579346816447,0.0,0.0022928442225725854
Ganymede,0.11987520009279251,2458667.5858260817,-1.2557553863734938,-0.559353916789405,5.059999942779541,1.807355744849041,1.0011576370498776,1.0003401666359804,1.0011576370498776,0.0,0.0022947565908100986
Ganymede,0.12044299999251962,2458667.5863938816,-1.3345409250468947,-0.6837379027856514,5.159999847412109,1.808487107641521,0.9988260383045385,0.9980053251299602,0.9988260383045385,0.0,0.0022870410732118867
Ganymede,0.12100980011746287,2458667.5869606817,-1.2850759467692114,-0.6230778869939968,5.210000038146973,1.809616394927116,1.0051546327749166,1.0043235849135461,1.0051546327749166,0.0,0.002300805700774675
Ganymede,0.12157309986650944,2458667.5875239815,-1.347709006688092,-0.60817857820075,5.53000020980835,1.810738763547159,1.0013389122025407,1.0005059547935329,1.0013389122025407,0.0,0.002292694440456777
Ganymede,0.12213709997013211,2458667.5880879816,-1.3223773772479035,-0.46049845952074975,5.380000114440918,1.8118625164569975,1.0029272385881736,1.0020879024586324,1.0029272385881736,0.0,0.0022982280601322046
Ganymede,0.12270539999008179,2458667.5886562816,-1.3279959746287204,-0.6423911972669885,5.360000133514404,1.8129950325150375,1.0007999178672349,0.9999573331299546,1.0007999178672349,0.0,0.0022968710572369364
Ganymede,0.12326510017737746,2458667.589215982,-1.3440224174992181,-0.5895284562138841,5.420000076293945,1.8141102523731014,1.0000084877833109,0.9991615680996749,1.0000084877833109,0.0,0.002292769663514679
Ganymede,0.12388559989631176,2458667.5898364815,-1.357552294677589,-0.6545550076989457,5.5,1.815346541919765,1.000325133104273,0.999472506394062,1.000325133104273,0.0,0.002300872110553449
Ganymede,0.12447849987074733,2458667.5904293815,-1.2604502710164525,-0.5821326969889924,5.570000171661377,1.816527946046099,1.001761157143766,1.0009021726362588,1.001761157143766,0.0,0.002313494974466088
Ganymede,0.12504540011286736,2458667.5909962817,-1.2820933955372311,-0.44307750451844186,5.690000057220459,1.8112979926688542,1.0005486592492656,0.9997070797488639,1.0005486592492656,0.0,0.0023115244830235583
Ganymede,0.12561020022258162,2458667.591561082,-1.2773405556217767,-0.37222323555033654,6.010000228881836,1.801538000018105,1.0057190973410077,1.004904877776008,1.0057190973410077,0.0,0.0023180777076944005
Ganymede,0.1261793002486229,2458667.592130182,-1.157011034025345,-0.4895755647448823,5.940000057220459,1.795436476529109,1.0022991596864073,1.0015070471921352,1.0022991596864073,0.0,0.0023038633678016105
Ganymede,0.12674919981509447,2458667.5927000814,-1.188419776095543,-0.4881519878981635,5.619999885559082,1.8139507240517934,0.9991541426290582,0.9983015479607174,0.9991541426290582,0.0,0.002287929557576607
Ganymede,0.12731669982895255,2458667.5932675814,-1.1830648133181967,-0.5583734567044303,5.869999885559082,1.8323897719617457,0.996839571542956,0.9959266810797133,0.996839571542956,0.0,0.002281333866608398
Ganymede,0.12788579985499382,2458667.5938366815,-1.2161804908537306,-0.6001923809526488,5.869999885559082,1.834968689879899,0.9967396552267171,0.9958173250389034,0.9967396552267171,0.0,0.0022803655399927752
Ganymede,0.1284512998536229,2458667.5944021815,-1.1176853203796782,-0.6348151097772643,5.5,1.826471299260655,0.9994998714206044,0.9986022141317815,0.9994998714206044,0.0,0.0022850180554849875
Ganymede,0.1290219002403319,2458667.594972782,-1.0827750140451826,-0.6351396389072761,5.619999885559082,1.8214987624569978,1.0001878340200059,0.9993051120746934,1.0001878340200059,0.0,0.0022892432647337803
Ganymede,0.12958960002288222,2458667.5955404816,-1.0939279595040716,-0.710644731647335,5.789999961853027,1.8275793392871171,1.0040265528118895,1.0031192014825903,1.0040265528118895,0.0,0.002298127154940047
Ganymede,0.1301575000397861,2458667.5961083816,-1.2370201596640982,-0.724662872380577,5.96999979019165,1.833662399931504,1.004854740262027,1.0039254400685622,1.004854740262027,0.0,0.0023033850336177907
Ganymede,0.13072500005364418,2458667.5966758817,-1.1335327053093351,-0.7120994155993685,6.039999961853027,1.8397417348544896,0.9984712337599594,0.9975268494265878,0.9984712337599594,0.0,0.0022894881042677673
Ganymede,0.1312919999472797,2458667.5972428815,-1.1189493924030103,-0.7602514227619395,5.880000114440918,1.8458148801921215,0.9997274970259333,0.9987609984075541,0.9997274970259333,0.0,0.0022973380088386723
Ganymede,0.13185680005699396,2458667.5978076817,-1.0821177862235345,-0.7353547079255804,6.159999847412109,1.8518644642072637,0.9997289183537204,0.9987416286611847,0.9997289183537204,0.0,0.0022956691792526966
Ganymede,0.1324236998334527,2458667.5983745814,-1.125383318925742,-0.7748492261162028,6.429999828338623,1.857936367637762,1.0065391548636435,1.0055241952277822,1.0065391548636435,0.0,0.002314148796578494
Ganymede,0.13299060007557273,2458667.5989414817,-1.1845516129978932,-0.5949157973518595,6.369999885559082,1.8640082660806816,1.0023851302892763,1.0013535658287558,1.0023851302892763,0.0,0.0023063572431069024
Ganymede,0.13355509983375669,2458667.5995059814,-1.0419051512726583,-0.6710431029787287,5.96999979019165,1.870055376256714,0.9983732579933262,0.9973252507339038,0.9983732579933262,0.0,0.002297230003153149
Ganymede,0.13411989994347095,2458667.6000707815,-1.1272248044260778,-0.5762345840921625,6.019999980926514,1.8761049602718562,1.0007169608271653,0.9996459265835869,1.0007169608271653,0.0,0.0023048782377466212
Ganymede,0.1346824998036027,2458667.6006333814,-0.9525781139382161,-0.6316396159818396,5.980000019073486,1.878555461377711,1.0014966215599417,1.0004160230283057,1.0014966215599417,0.0,0.0023050902026267787
Ganymede,0.13524510012939572,2458667.6011959817,-0.8591136350878514,-0.6044591193785891,5.619999885559082,1.8744705877182097,1.003511404851871,1.0024413685621525,1.003511404851871,0.0,0.0023035911621270724
Ganymede,0.13581349980086088,2458667.6017643814,-0.8594165941467509,-0.756901798187755,5.900000095367432,1.870343695788808,1.000256846297646,0.9992031271409838,1.000256846297646,0.0,0.0022989738240068477
Ganymede,0.13638109993189573,2458667.6023319815,-0.9335027089109644,-0.8668200125684962,5.889999866485596,1.8789157059483848,1.0032093406087568,1.0021237190506642,1.0032093406087568,0.0,0.0023098005317150933
Ganymede,0.13694880018010736,2458667.602899682,-0.9683389341225848,-0.9536991839995608,5.940000057220459,1.8886446264503878,1.0023409332832511,1.0012237838725004,1.0023409332832511,0.0,0.0023095033061708266
Ganymede,0.13751620007678866,2458667.6034670817,-0.9474693642696366,-0.8314374884357676,6.059999942779541,1.9022612562260781,1.0028894886486013,1.0017266549652672,1.0028894886486013,0.0,0.002311433403327649
Ganymede,0.13808020018041134,2458667.604031082,-0.8821330399950966,-0.9153918077936396,6.110000133514404,1.920534996459484,1.0009027614699906,0.9996822868292851,1.0009027614699906,0.0,0.0023047444458828927
Ganymede,0.1386434999294579,2458667.6045943815,-0.8393598379334435,-0.831474763690494,5.949999809265137,1.9387862564272438,1.0054952301521123,1.0042092529234141,1.0054952301521123,0.0,0.0023102639892064645
Ganymede,0.13921190006658435,2458667.6051627817,-0.8110846480121836,-0.8789347870042548,5.989999771118164,1.930101001268685,0.9971378872547085,0.9958900973970272,0.9971378872547085,0.0,0.002287900204310972
Ganymede,0.13977809995412827,2458667.6057289816,-0.9061164607992396,-0.699796081869863,6.090000152587891,1.9211323355068166,1.0030103013973353,1.0017837768211708,1.0030103013973353,0.0,0.0023000148690939196
Ganymede,0.14034709986299276,2458667.6062979815,-0.8420337116112933,-1.0024480236461386,6.099999904632568,1.9184545793253747,1.0013604979570427,1.0001441919906657,1.0013604979570427,0.0,0.002296606563759529
Ganymede,0.14091050019487739,2458667.606861382,-0.8209352822741494,-1.0344116365304217,6.21999979019165,1.92111357104242,0.9968658230724549,0.9956459331479046,0.9968658230724549,0.0,0.0022852561689979643
Ganymede,0.14147299993783236,2458667.6074238815,-0.9014752315124497,-1.166326773702167,6.25,1.923768193914248,0.9983953295913311,0.9971645493583323,0.9983953295913311,0.0,0.002288568573446305
Ganymede,0.1420355997979641,2458667.6079864814,-0.8715651700040326,-1.1957708107074723,6.320000171661377,1.9264233617929236,0.9992662916027659,0.9980254287894064,0.9992662916027659,0.0,0.0022927402623284174
Ganymede,0.14260330004617572,2458667.6085541816,-0.8531604738673195,-1.2554468320449814,6.039999961853027,1.9291025627155134,0.9983307746336356,0.9970820194136742,0.9983307746336356,0.0,0.002287119043962701
Ganymede,0.14317099982872605,2458667.6091218814,-0.7376261384924874,-1.2536518324632198,5.849999904632568,1.9317817658357115,1.0052317636131134,1.003965286080632,1.0052317636131134,0.0,0.0023013794493634506
Ganymede,0.1437385999597609,2458667.6096894816,-0.8192448870977387,-1.2130731951911002,5.820000171661377,1.9344604217514532,0.999066419936812,0.99779869589761,0.999066419936812,0.0,0.0022867903522339897
Ganymede,0.14430230017751455,2458667.610253182,-0.8971896501025185,-1.367284269304946,5.75,1.9371210506866512,1.0054161685568381,1.0041314009977265,1.0054161685568381,0.0,0.0023035073647081346
Ganymede,0.14486439991742373,2458667.6108152815,-0.8597230346640572,-1.4076038200873882,5.53000020980835,1.939774034142718,1.0039686204037654,1.0026767721761158,1.0039686204037654,0.0,0.0022951695873064276
Ganymede,0.14543280005455017,2458667.6113836817,-0.8581769329030067,-1.4097638020757586,5.400000095367432,1.9424565138968295,0.9993506929160704,0.9980558250582638,0.9993506929160704,0.0,0.002288352151788243
Ganymede,0.14600040018558502,2458667.611951282,-0.8494234813842922,-1.436363589251414,5.559999942779541,1.9576587626432636,1.00243704854816,1.0010889209387717,1.00243704854816,0.0,0.0023009885897587053
Ganymede,0.1465695002116263,2458667.612520382,-0.9069083950016648,-1.4811153674963862,5.539999961853027,1.9760975140614818,0.9987768602739733,0.9973744051815875,0.9987768602739733,0.0,0.002296027934810156
Ganymede,0.14713210007175803,2458667.6130829817,-0.7667005232069641,-1.515847690636292,5.420000076293945,1.9823766545877848,1.0014587597569695,1.0000321852888552,1.0014587597569695,0.0,0.002304143855005671
Ganymede,0.14769349992275238,2458667.6136443815,-0.8833001947496086,-1.5274805615190417,5.559999942779541,1.9662066615347067,1.0044509601553737,1.0030717728317164,1.0044509601553737,0.0,0.0023139234360345
Ganymede,0.1482604001648724,2458667.6142112818,-0.7646811252925545,-1.6666139552835375,5.539999961853027,1.9498799872326844,1.0017861085471458,1.0004627310938157,1.0017861085471458,0.0,0.002305097893592214
Ganymede,0.14882809994742274,2458667.6147789815,-0.8732676601503044,-1.5771039167884737,5.75,1.9511255215823402,1.0260342142840018,1.024674447038678,1.0260342142840018,0.0,0.002358511968494206
Ganymede,0.14939559996128082,2458667.6153464816,-0.9538411370012909,-1.3653620521072298,5.880000114440918,1.9546564019605444,1.034610532365997,1.0332274442280052,1.034610532365997,0.0,0.0023739742022859376
Ganymede,0.14995819982141256,2458667.6159090814,-0.9098371660802513,-1.49433258571662,5.699999809265137,1.9549212498981572,1.0267607761062623,1.025387083175232,1.0267607761062623,0.0,0.002354057662265801
Ganymede,0.15052160015329719,2458667.6164724817,-0.9041481812018901,-1.585709940874949,5.829999923706055,1.9486202895945692,1.0208439465025494,1.01949857295099,1.0208439465025494,0.0,0.0023392695123407355
Ganymede,0.1510890000499785,2458667.6170398816,-0.901576591655612,-1.5438663738314062,5.699999809265137,1.9422753196182303,1.0144046183479158,1.0130881777898844,1.0144046183479158,0.0,0.002326704330793219
Ganymede,0.15165730006992817,2458667.6176081817,-1.0806635301560163,-1.624512970680371,5.860000133514404,1.9359187053834284,1.0103553164782706,1.0090645635317061,1.0103553164782706,0.0,0.0023191741220330363
Ganymede,0.15222490020096302,2458667.618175782,-1.0584475602954626,-1.6185499306302518,5.75,1.9295711472154724,1.0133230365823256,1.0120489870886467,1.0133230365823256,0.0,0.0023284766539226533
Ganymede,0.152789699845016,2458667.6187405814,-0.9995596949011087,-1.7359974856954068,6.059999942779541,1.923254652554552,1.01058149095571,1.009331258123279,1.01058149095571,0.0,0.002325870371097137
Ganymede,0.15335230017080903,2458667.619303182,-1.0110892886295915,-1.7455754585098475,5.670000076293945,1.9169627535254388,1.0049532571078106,1.0037301939407293,1.0049532571078106,0.0,0.002313337845624838
Ganymede,0.15391780016943812,2458667.6198686818,-1.023017019033432,-1.7333408582489938,5.579999923706055,1.9106384942896668,1.0111833219808517,1.0099731451897067,1.0111833219808517,0.0,0.002325770934875492
Ganymede,0.15448560006916523,2458667.6204364817,-1.1010955348610878,-1.790735888062045,5.809999942779541,1.9042883479300934,1.008501839590748,1.007315402677212,1.008501839590748,0.0,0.002322274168982784
Ganymede,0.15505320020020008,2458667.621004082,-1.0404480658471584,-2.0114249016623944,6.010000228881836,1.8979407897621374,1.0070251748604553,1.0058609997645147,1.0070251748604553,0.0,0.0023240568431115573
Ganymede,0.1556202000938356,2458667.6215710817,-1.094896174967289,-1.969329449115321,6.019999980926514,1.8899226002371388,1.0045725001893304,1.0034370982487821,1.0045725001893304,0.0,0.002320823764470125
Ganymede,0.15618479996919632,2458667.6221356816,-1.1514257937669754,-1.802797171054408,5.940000057220459,1.8804926003149003,1.0008983657227724,0.9997975834528617,1.0008983657227724,0.0,0.002313160010444136
Ganymede,0.1567502999678254,2458667.6227011816,-1.1404411010444164,-1.692532318411395,5.960000038146973,1.8730165268426526,1.0099278704942005,1.0088415563301394,1.0099278704942005,0.0,0.002331872450413943
Ganymede,0.15731510007753968,2458667.6232659817,-1.173194907605648,-1.9227713670115918,6.130000114440918,1.8830991760186546,1.0078475240570777,1.0067304377620057,1.0078475240570777,0.0,0.0023250596576626496
Ganymede,0.15788409998640418,2458667.6238349816,-1.165172278881073,-2.1707886185031384,6.050000190734863,1.8932561983141316,1.006443450058186,1.0052947873190206,1.006443450058186,0.0,0.0023183175459721298
Ganymede,0.15845330012962222,2458667.6244041817,-1.30581134557724,-2.172566960914992,5.96999979019165,1.9019178368921776,1.0032802014805235,1.0021070366098714,1.0032802014805235,0.0,0.0023031385572911058
Ganymede,0.15902299992740154,2458667.6249738815,-1.2707102447748184,-2.121655217721127,6.199999809265137,1.909712585528945,1.006232862966021,1.0050309183874722,1.006232862966021,0.0,0.0023112828731258195
Ganymede,0.15958849992603064,2458667.6255393815,-1.2336404845118523,-2.088292750879191,6.010000228881836,1.913254994523266,1.0063187495473318,1.005105204871543,1.0063187495473318,0.0,0.0023130174276418335
Ganymede,0.16015690006315708,2458667.6261077817,-1.2343653045245446,-2.1170513400575146,5.920000076293945,1.898521994610773,1.0027475777863737,1.0015860122306677,1.0027475777863737,0.0,0.0023067743905204603
Ganymede,0.16072450019419193,2458667.626675382,-1.1857654578634538,-2.3933133551618084,5.75,1.883809996389077,1.0028327680226148,1.0017188442091274,1.0028327680226148,0.0,0.002305520004379354
Ganymede,0.16129150008782744,2458667.6272423817,-1.2498922474333085,-2.434267788543366,5.650000095367432,1.872666394115099,1.0009097330690155,0.9998341372399059,1.0009097330690155,0.0,0.0022963734458412493
Ganymede,0.16186039987951517,2458667.6278112815,-1.263669491338078,-2.6020302468677983,5.610000133514404,1.8627319803320306,1.0014911011329084,1.0004472430242826,1.0014911011329084,0.0,0.002298055530540223
Ganymede,0.16242589987814426,2458667.6283767815,-1.285075119289104,-2.5880426553776488,5.679999828338623,1.8528581871585212,0.9982139266708893,0.9972056163428914,0.9982139266708893,0.0,0.002289684417415298
Ganymede,0.16299290023744106,2458667.628943782,-1.392175717803184,-2.7627740440657362,5.849999904632568,1.8429581245121731,1.0000863765828123,0.9991085263848782,1.0000863765828123,0.0,0.0022937782645827175
Ganymede,0.1635598000138998,2458667.6295106816,-1.5577910976135172,-2.7720544807380065,6.170000076293945,1.8330600782165722,1.003542120832258,1.00259342350962,1.003542120832258,0.0,0.0023013471245135067
Ganymede,0.16412749979645014,2458667.6300783814,-1.4986945302807726,-2.7699291055323556,5.860000133514404,1.8231478930744018,0.9998205598479475,0.9989079146245723,0.9998205598479475,0.0,0.0022951592348209094
Ganymede,0.16469459980726242,2458667.6306454814,-1.4161523716174997,-2.925258780014701,5.78000020980835,1.8132458059468601,1.0050638461739354,1.0041791634414658,1.0050638461739354,0.0,0.0023125012392508585
Ganymede,0.16525969980284572,2458667.6312105814,-1.4476184868835844,-3.2101545279147103,5.659999847412109,1.8033780780864852,0.9996048805289371,0.9987575406409971,0.9996048805289371,0.0,0.0023015044052977778
Ganymede,0.16582590015605092,2458667.6317767818,-1.2875365191721357,-3.352241257322021,5.619999885559082,1.7934921624171534,1.001020433116566,1.0002046169341126,1.001020433116566,0.0,0.0023048841792478914
Ganymede,0.16639429982751608,2458667.6323451814,-1.3491367423557676,-3.3279027809621766,5.619999885559082,1.783567846648714,1.0022281999095983,1.001444374891836,1.0022281999095983,0.0,0.0023046824092799807
Ganymede,0.16696339985355735,2458667.6329142815,-1.5133119994425215,-3.468022989225574,5.659999847412109,1.772568990778565,0.9975202740111557,0.99677658166039,0.9975202740111557,0.0,0.0022907464894758806
Ganymede,0.16752889985218644,2458667.6334797814,-1.6248066300177015,-3.7690770198823884,5.75,1.761575489100843,0.9980912379420742,0.9973836824017978,0.9980912379420742,0.0,0.0022851831839271843
Ganymede,0.16809719987213612,2458667.6340480815,-1.5606256374740042,-3.9917136599542573,5.710000038146973,1.7535669983775992,1.0006715184250268,0.9999889845881567,1.0006715184250268,0.0,0.0022974976576569557
Ganymede,0.16866330010816455,2458667.6346141817,-1.5686324886628427,-3.991450777190039,5.730000019073486,1.7486759982927744,1.0001963257666435,0.9995306635509338,1.0001963257666435,0.0,0.002304242216695927
Ganymede,0.16923259990289807,2458667.6351834815,-1.5397464945563115,-4.179327120917151,5.829999923706055,1.745184370204354,1.002997590824131,1.0023420330673147,1.002997590824131,0.0,0.0023108383891860583
Ganymede,0.16980209993198514,2458667.6357529815,-1.4977014936157502,-4.294286800461123,5.889999866485596,1.7691690728223137,0.9996710055861218,0.9989384108710581,0.9996710055861218,0.0,0.0023080716341401276
Ganymede,0.17036980018019676,2458667.636320682,-1.3937729425379075,-4.40160828633816,5.929999828338623,1.7930758083563882,0.9976613450431887,0.9968517941426944,0.9976613450431887,0.0,0.0023049851529445284
Ganymede,0.1709374999627471,2458667.6368883816,-1.5988666541525163,-4.572325212793658,6.090000152587891,1.804364615836297,0.9997067308688895,0.9988587126901992,0.9997067308688895,0.0,0.0023038741167711115
Ganymede,0.1715029999613762,2458667.6374538816,-1.382422206515912,-4.596781955944607,5.840000152587891,1.8081230776758797,0.9984739879731089,0.9976150358697663,0.9984739879731089,0.0,0.002299241669081799
Ganymede,0.1720707998611033,2458667.6380216815,-1.4448498651036061,-4.874642448412487,6.090000152587891,1.8118969240472023,1.001519388613583,1.000645771277159,1.001519388613583,0.0,0.002304419487708256
Ganymede,0.1726378002204001,2458667.638588682,-1.538781383598689,-4.867727266071597,6.0,1.8156653853681874,0.9999351095181598,0.9990508862678759,0.9999351095181598,0.0,0.00231088114578887
Ganymede,0.17320690024644136,2458667.639157782,-1.400426068867091,-5.016621456859866,5.880000114440918,1.819447693077224,1.0009541785130862,1.0000570278154535,1.0009541785130862,0.0,0.002297595311866126
Ganymede,0.1737738000229001,2458667.6397246816,-1.2939680084236898,-5.246056498406688,5.840000152587891,1.8232153837789369,1.0051122657049765,1.0041993809817205,1.0051122657049765,0.0,0.0022998508332392506
Ganymede,0.17434140015393496,2458667.6402922818,-1.4663208886631764,-5.490496860264102,6.03000020980835,1.8269884626258435,1.0051448056256378,1.0042198734294738,1.0051448056256378,0.0,0.002297590731280111
Ganymede,0.1748954001814127,2458667.640846282,-1.3670095368870534,-5.4841584627574775,6.099999904632568,1.8306699987118704,0.9989161134602044,0.9979852964795211,0.9989161134602044,0.0,0.0022914437373601462
Ganymede,0.17545909993350506,2458667.6414099815,-1.3743800614611246,-5.901491737837205,6.21999979019165,1.8344169229263625,0.9958689592039236,0.9949292077095417,0.9958689592039236,0.0,0.0022888007601752774
Ganymede,0.17602680018171668,2458667.641977682,-1.3242290672496893,-5.757396361703286,6.21999979019165,1.8381899986784125,1.004137023339057,1.0031775311219844,1.004137023339057,0.0,0.002306675396804779
Ganymede,0.17659449996426702,2458667.6425453816,-1.2540333476499654,-5.915093324059853,6.289999961853027,1.8402840003540517,1.0033894337799532,1.002424263708338,1.0033894337799532,0.0,0.002298469444094609
Ganymede,0.1771619999781251,2458667.6431128816,-1.3209062722162344,-6.024066476995358,6.449999809265137,1.8419186660300892,1.0031970866014488,1.0022272331457365,1.0031970866014488,0.0,0.002305973245262282
Ganymede,0.17772610019892454,2458667.643676982,-1.2488311064080335,-6.559350996190915,6.489999771118164,1.8475201715081104,0.9913424057250864,0.9903663332819058,0.9913424057250864,0.0,0.002280502906590091
Ganymede,0.1782893999479711,2458667.6442402815,-1.2248845659778453,-6.4391523738449905,6.329999923706055,1.8610168898027935,0.9971324020813005,0.9961071169466571,0.9971324020813005,0.0,0.0022912449469826854
Ganymede,0.17885500006377697,2458667.6448058817,-1.3013213016674854,-6.333328775042901,6.309999942779541,1.8745690811394158,,1.0050788268491968,,0.0,0.002313921560935491
Ganymede,0.22885500006377701,2458668.4659556816,2.4558217683807015,-1.8723764846799895,5.659999847412109,4.388777258621291,0.9674572455927437,0.9681380087507122,0.9674572455927437,0.0,0.003241077534771911
Ganymede,0.22942980024963622,2458668.466530482,2.376039528287947,-1.968163018929772,5.440000057220459,4.404920002440811,0.9932322929572804,0.9939035587588609,0.9932322929572804,0.0,0.003255761273379395
Ganymede,0.2300047000870109,2458668.4671053817,2.280877315439284,-1.3423717672703788,5.5,4.419863748803064,0.9869187698323141,0.9875610628692643,0.9869187698323141,0.0,0.0032047522544133094
Ganymede,0.23057890003547077,2458668.4676795816,2.169801310636103,-1.5039808357832953,5.010000228881836,4.417796665745775,0.9812125348419928,0.9818712237932632,0.9812125348419928,0.0,0.0031314551016414266
Ganymede,0.23115349998697643,2458668.4682541816,2.186150166206062,-1.3643428439972922,4.909999847412109,4.415727916366036,0.9941209387744524,0.9948080675400045,0.9941209387744524,0.0,0.00313350111644449
Ganymede,0.2317276999354363,2458668.4688283815,1.8181634871289134,-1.3773046982241794,5.03000020980835,4.418481836588472,1.000891277906797,1.0015894852062306,1.000891277906797,0.0,0.0031128581835546637
Ganymede,0.2323025001212955,2458668.4694031817,1.6911268858239055,-1.276512208278291,5.440000057220459,4.423862749390887,1.004761004226149,1.0054608143679453,1.004761004226149,0.0,0.0031071202047540268
Ganymede,0.23287739995867018,2458668.4699780815,1.6172969220206141,-1.307960118050687,6.260000228881836,4.433884707046986,1.0162737679324163,1.0169674184620283,1.0162737679324163,0.0,0.0031043840467194664
Ganymede,0.23345159990713005,2458668.4705522815,1.6129694869741797,-1.5832116556121036,6.090000152587891,4.459315038639025,0.9856892037687752,0.9863078193975501,0.9856892037687752,0.0,0.002961782535333799
Ganymede,0.23402640009298925,2458668.4711270817,1.6570102190598845,-1.4032308709574863,6.380000114440918,4.484776140803804,0.9925085573234422,0.9930776069836283,0.9925085573234422,0.0,0.002938681907659253
Ganymede,0.23460209993645553,2458668.4717027815,1.3490728056058288,-1.6420875740004703,6.239999771118164,4.6518613319331745,0.9956219967372183,0.9957711803439108,0.9956219967372183,0.0,0.002931592615963072
Ganymede,0.23517580023035412,2458668.472276482,1.3977736374363303,-0.7536643099738285,6.230000019073486,4.846392337988092,1.0009707054712813,1.000637420743154,1.0009707054712813,0.0,0.0029273983642679182
Ganymede,0.23575129983946685,2458668.4728519814,1.3238883456215262,-0.42769965052139014,6.400000095367432,5.041551271383995,0.9774502217637037,0.9766629939669127,0.9774502217637037,0.0,0.0028458955230085065
Ganymede,0.236325500253588,2458668.473426182,1.160782559774816,-0.4975668069673702,6.440000057220459,5.2362392198017345,1.011094490049212,1.009815481076002,1.011094490049212,0.0,0.002926554070240058
Ganymede,0.2369004000909627,2458668.4740010817,1.1734104668721557,-0.5427160923136398,6.289999961853027,5.410841223336138,0.9986513659224168,0.9969882959201811,0.9986513659224168,0.0,0.002875138597352978
Ganymede,0.2374752002768219,2458668.474575882,1.3418963914737105,-0.09090719267260283,6.599999904632568,5.1204938981368775,0.9947562510575448,0.9938106798682987,0.9947562510575448,0.0,0.0028614468497913646
Ganymede,0.23805010011419658,2458668.4751507817,1.2598524754866958,0.6320291395531967,6.519999980926514,4.830146337753636,1.0004592436623483,1.00024738166127,1.0004592436623483,0.0,0.0028701463633303993
Ganymede,0.23862400017678742,2458668.4757246817,1.1523618986830115,0.6401549048023298,6.5,4.714970594605541,1.0227130953822332,1.0228127980484178,1.0227130953822332,0.0,0.002924301210206762
Ganymede,0.2391989000141621,2458668.4762995816,1.154870520811528,0.12746269174385816,6.269999980926514,4.734424670490603,1.000352219539506,1.0004172443101127,1.000352219539506,0.0,0.002850671628808704
Ganymede,0.2397737998515368,2458668.4768744814,1.331698979716748,0.4740950233535841,6.579999923706055,4.75632877067354,1.0018052702423208,1.0018321783553688,1.0018052702423208,0.0,0.0028464211943917263
Ganymede,0.24034790014848118,2458668.4774485817,1.4350780728273094,1.2383912570076063,6.71999979019165,4.792296003811418,0.9646182836684712,0.9645736913997801,0.9646182836684712,0.0,0.0027333360893881504
Ganymede,0.24092570012435321,2458668.4780263817,0.9375562253408134,0.3485327131347731,5.610000133514404,4.82848798420984,0.982967324966897,0.9828502245345235,0.982967324966897,0.0,0.0027817351460635254
Ganymede,0.24150049984455113,2458668.4786011814,1.1074423822574317,0.6299294895725325,5.28000020980835,4.824178573928049,1.0026610619519045,1.0025715695091622,1.0026610619519045,0.0,0.0028241881179399365
Ganymede,0.24207519991323356,2458668.4791758815,0.9688142272643745,0.7014486334519461,5.889999866485596,4.805403370319644,0.9982597862132137,0.9982374996015984,0.9982597862132137,0.0,0.0028023198982488648
Ganymede,0.24265000009909277,2458668.4797506817,1.005871809553355,0.8735137871699408,5.849999904632568,4.790188333999415,0.9921129817917526,0.9921489289799176,0.9921129817917526,0.0,0.002779521422503858
Ganymede,0.24322489993646745,2458668.4803255815,0.8154879580251873,1.0687680534319952,6.139999866485596,4.781909997130036,1.0058715066964719,1.0059499808665873,1.0058715066964719,0.0,0.0028121462698145906
Ganymede,0.24379980023950343,2458668.480900482,0.833519899751991,1.269451781292446,5.909999847412109,4.77363166696618,1.0147209121578957,1.014843333033374,1.0147209121578957,0.0,0.0028296516763413873
Ganymede,0.24437459995970134,2458668.4814752815,0.9570916085503995,1.1643753341631964,5.71999979019165,4.7791173354098095,0.9976525834119191,0.9977811147758029,0.9976525834119191,0.0,0.0027757287884171804
Ganymede,0.24494950026273732,2458668.482050182,0.8126788972876966,1.098134859581478,5.269999980926514,4.78573999898579,0.9976931487172751,0.9978268040239822,0.9976931487172751,0.0,0.002768594351925299
Ganymede,0.24552419986575846,2458668.4826248814,0.8315848815254867,1.3816830358700827,5.03000020980835,4.79236133218613,0.998449736823766,0.9985884506713619,0.998449736823766,0.0,0.0027647102462336186
Ganymede,0.24609910016879444,2458668.4831997817,0.7917306344024837,1.4270311027066782,5.429999828338623,4.798984001126527,0.9987914408526455,0.9989350528155307,0.9987914408526455,0.0,0.002759599447025124
Ganymede,0.24667389988899235,2458668.4837745815,0.7016793857328594,1.403664683108218,5.480000019073486,4.805606664702507,1.0012464055738755,1.001395445580956,1.0012464055738755,0.0,0.0027586369673431033
Ganymede,0.24725019996985798,2458668.4843508815,0.8295330028049648,1.4365985851036385,5.5,4.812245330337082,0.990634396118389,0.9907874567050647,0.990634396118389,0.0,0.002726187324614375
Ganymede,0.24782510027289395,2458668.484925782,0.95454255444929,1.713654414867051,5.28000020980835,4.818867999277479,0.9933760422052759,0.9935356462817629,0.9933760422052759,0.0,0.0027268666694983032
Ganymede,0.24839920010417704,2458668.4854998817,0.9522484862245619,1.4456747631775215,4.710000038146973,4.825482664506371,1.0010464527787304,1.0012137550334546,1.0010464527787304,0.0,0.0027407706764915685
Ganymede,0.24897390017285947,2458668.4860745817,0.8715191134251654,1.6174528311239555,4.480000019073486,4.832102667331072,0.991262509809162,0.9914347358086177,0.991262509809162,0.0,0.0027064804695298024
Ganymede,0.2495486998930574,2458668.4866493815,0.8466599942184985,1.8801115463720635,5.119999885559082,4.839480163386772,1.0010097465262313,1.0011883969901554,1.0010097465262313,0.0,0.002729001602825608
Ganymede,0.25012360019609337,2458668.4872242818,0.6537835062481463,1.5427762578474358,4.909999847412109,4.849000250786558,1.005053653976655,1.005232401941023,1.005053653976655,0.0,0.002735263342204268
Ganymede,0.2506979999132455,2458668.4877986815,0.7652949751354754,1.7745353291975334,5.059999942779541,4.858512665391723,0.9955334963072697,0.995709748451893,0.9955334963072697,0.0,0.0027038315785509357
Ganymede,0.2512728000991047,2458668.4883734817,0.7232702323235571,1.6756901080952957,4.820000171661377,4.872573004369319,0.9982956336326338,0.9984602506686693,0.9982956336326338,0.0,0.0027086375485298846
Ganymede,0.2518476999364794,2458668.4889483815,0.8123440691269934,1.980101578985341,4.489999771118164,4.88747399866426,0.9969634788069025,0.9971134392526922,0.9969634788069025,0.0,0.002700020813074996
Ganymede,0.2524224000051618,2458668.4895230816,0.7621279307641089,1.7588327164994553,4.550000190734863,4.898281983433922,1.0035921091887996,1.0037379172730987,1.0035921091887996,0.0,0.0027115820567601982
Ganymede,0.2529972998425365,2458668.4900979814,0.7891472564078867,1.877389059518464,4.53000020980835,4.903618432230934,0.9940083038553982,0.9941599138343551,0.9940083038553982,0.0,0.0026811986424021416
Ganymede,0.25357150025665764,2458668.490672182,0.7241820530034602,1.7540765564190224,4.389999866485596,4.9089484317554515,1.0015359110278421,1.0016950868097132,1.0015359110278421,0.0,0.0026979846911021794
Ganymede,0.25414629997685556,2458668.4912469815,0.6893988572992384,1.855446883593686,4.599999904632568,4.904994965818635,0.9956981886522057,0.9958837208293516,0.9956981886522057,0.0,0.002679067485656502
Ganymede,0.25472120027989154,2458668.491821882,0.7029876257292926,1.8181122738169506,4.130000114440918,4.900950855017088,1.0008185628394826,1.0010314758326693,1.0008185628394826,0.0,0.002684919012464518
Ganymede,0.2552961001172662,2458668.4923967817,0.8315751547925174,1.8843617188977078,4.480000019073486,4.896906740939776,0.9917275252348301,0.9919634308069505,0.9917275252348301,0.0,0.0026553192472694403
Ganymede,0.2558705999515951,2458668.4929712815,0.7843373562209308,2.1369029629277065,4.349999904632568,4.892865070584372,0.9963367148086093,0.9965973939786706,0.9963367148086093,0.0,0.0026619091686611134
Ganymede,0.2564454001374543,2458668.4935460817,0.9821856464259326,2.0878222744213417,4.170000076293945,4.888820959782825,0.9959250596821041,0.9962078750835639,0.9959250596821041,0.0,0.0026531792338190105
Ganymede,0.257020299974829,2458668.4941209815,0.854760795366019,2.173506223713048,4.019999980926514,4.884776845705512,1.0016248527715603,1.0019301665007767,1.0016248527715603,0.0,0.0026631879857549963
Ganymede,0.25759449992328887,2458668.4946951815,0.8114778506569564,2.172488705255091,3.7799999713897705,4.8807376190720175,0.9988361627824535,0.9991599132428383,0.9988361627824535,0.0,0.002652140019473358
Ganymede,0.2581708000041545,2458668.4952714816,0.8606812241487205,2.114572965539992,3.9800000190734863,4.8766829209927085,0.9993585715656673,0.9997001929618796,0.9993585715656673,0.0,0.0026517369404029426
Ganymede,0.2587456998415292,2458668.4958463814,0.8510408089496195,1.9525146121159196,4.159999847412109,4.872638810191162,0.9933816742336466,0.9937371781913704,0.9933816742336466,0.0,0.0026349071344980487
Ganymede,0.25932100014761095,2458668.4964216817,0.8118481957353652,1.9885690966621041,4.269999980926514,4.878505837157717,0.9950233752339332,0.9953711047505068,0.9950233752339332,0.0,0.002634079533948207
Ganymede,0.2598960001021624,2458668.4969966817,0.7427426376380026,1.9459265479817986,4.429999828338623,4.902931836682965,0.9982216026038868,0.9985182817474376,0.9982216026038868,0.0,0.002638062378213725
Ganymede,0.2604708999395371,2458668.4975715815,0.7097483896650374,1.8298942307010293,4.340000152587891,4.927352930447634,0.9921324414295722,0.9923743491182544,0.9921324414295722,0.0,0.0026200679915551277
Ganymede,0.2610457001253963,2458668.4981463817,0.6363922827877104,1.6809356370940804,4.260000228881836,4.943163970325898,0.9997779818103025,0.9999865198979272,0.9997779818103025,0.0,0.0026375940745274593
Ganymede,0.2616197999566794,2458668.4987204815,0.6871583298780024,1.4363012919202447,4.050000190734863,4.958330917904113,0.9951242273254169,0.9952967001192404,0.9951242273254169,0.0,0.00262009228269285
Ganymede,0.2621946001425386,2458668.4992952817,0.7842283160425723,1.4298069099895656,3.680000066757202,4.988540843340209,0.9968256711686564,0.9969286304924768,0.9968256711686564,0.0,0.0026194718571692036
Ganymede,0.26277000010013585,2458668.4998706817,0.738417858723551,1.3448756034485996,3.7699999809265137,5.0341083552156904,1.0017253287175607,1.0017239826453181,1.0017253287175607,0.0,0.002628267831834936
Ganymede,0.26334480028599505,2458668.500445482,0.7244100472889841,1.359947334509343,3.8299999237060547,5.077720352294646,0.9949318738118703,0.9948288305530598,0.9949318738118703,0.0,0.0026037474536065065
Ganymede,0.2639190002344549,2458668.501019682,0.6875791973434389,1.3591090529225767,4.079999923706055,5.099218008882803,0.9995894279179348,0.999430778469183,0.9995894279179348,0.0,0.0026116246579376673
Ganymede,0.26449379995465283,2458668.5015944815,0.662033564876765,1.4557691751979291,3.9600000381469727,5.120741660092462,0.9964246718732851,0.9962097536116763,0.9964246718732851,0.0,0.002599242141255976
Ganymede,0.2650687002576888,2458668.502169382,0.7010863828472793,1.3802041946910322,4.070000171661377,5.123781260639381,0.999769547696076,0.999535058219455,0.999769547696076,0.0,0.00260391105104646
Ganymede,0.26564290020614867,2458668.502743582,0.6923171668313444,1.41092351032421,4.039999961853027,5.117423677741372,1.0057177446419903,1.005481934655105,1.0057177446419903,0.0,0.002610713807502993
Ganymede,0.26621750015765433,2458668.5033181817,0.6892121755518019,1.3828938747756183,4.099999904632568,5.1110609646959295,0.9972686865413293,0.9970338723967828,0.9972686865413293,0.0,0.00258671485725027
Ganymede,0.266792399995029,2458668.5038930816,0.6193867423571646,1.2501649553887546,4.730000019073486,5.104695694310662,1.0003632759404628,1.0001258169002203,1.0003632759404628,0.0,0.0025908723189697423
Ganymede,0.2673672001808882,2458668.5044678818,0.5771746025420725,1.3046646262519062,4.900000095367432,5.098330418769468,0.9993353119340893,0.9990953687306191,0.9993353119340893,0.0,0.0025843388440743853
Ganymede,0.2679421000182629,2458668.5050427816,0.48838705429807305,1.382355138193816,4.570000171661377,5.0919651483842,1.0017993390785602,1.0015554023401934,1.0017993390785602,0.0,0.002586343554525894
Ganymede,0.2685169998556376,2458668.5056176814,0.5538837448693812,1.1302566076628864,4.409999847412109,5.085599872843005,1.0062023288036634,1.005953323364875,1.0062023288036634,0.0,0.0025952109347793777
Ganymede,0.26909399982541804,2458668.5061946814,0.5818339237011969,1.3186899120919406,4.320000171661377,5.079210251014196,1.0049789778648228,1.0047256469634271,1.0049789778648228,0.0,0.0025878009059855924
Ganymede,0.2696758999489248,2458668.5067765815,0.5701137683354318,1.4203979219309986,4.210000038146973,5.0727668064627265,1.004524771983575,1.0042668950494438,1.004524771983575,0.0,0.002584375321112468
Ganymede,0.27025289991870527,2458668.5073535815,0.4819341949187219,1.581682353746146,4.849999904632568,5.066919166932653,0.9995502217223168,0.9992874178132093,0.9995502217223168,0.0,0.0025667857160745883
Ganymede,0.2708298998884857,2458668.5079305815,0.6020095623098314,1.4899535323493183,4.690000057220459,5.066088166897784,1.0015887379267692,1.0013076392516065,1.0015887379267692,0.0,0.0025680931898677192
Ganymede,0.27140769986435775,2458668.5085083814,0.49831910198554397,1.5005605039186776,4.619999885559082,5.0652561663988935,1.0021761329186765,1.0018770083850164,1.0021761329186765,0.0,0.002567364956069795
Ganymede,0.2719870002008975,2458668.509087682,0.4234199351631105,1.5140902758575976,4.5,5.0664849169647015,1.0014825534786358,1.0011609663376388,1.0014825534786358,0.0,0.0025631086062362202
Ganymede,0.2725668001919985,2458668.5096674818,0.5264707035385072,1.4389749155379832,4.570000171661377,5.0686300839483245,1.0001506537898068,0.9998049282993063,1.0001506537898068,0.0,0.002556210132632648
Ganymede,0.2731410001404584,2458668.5102416817,0.36819408601149917,1.3982800939120352,4.449999809265137,5.070754268574399,1.001527432471441,1.0011567440211235,1.001527432471441,0.0,0.002557010390836849
Ganymede,0.27371800011023883,2458668.5108186817,0.37378374114632607,1.368301082868129,4.260000228881836,5.072889157992741,0.9925152211245529,0.9921236988937732,0.9925152211245529,0.0,0.002532757246095247
Ganymede,0.2742964999750257,2458668.5113971815,0.5034944601356983,1.425331358332187,4.28000020980835,5.075029184471033,0.9959399443809493,0.995523121171529,0.9959399443809493,0.0,0.0025402962706815254
Ganymede,0.27487419983372097,2458668.5119748814,0.3105573542416096,1.2680641901679337,4.309999942779541,5.077166644142039,1.0002881066985514,0.999845747177921,1.0002881066985514,0.0,0.002548280282939074
Ganymede,0.2754512999206782,2458668.5125519815,0.1399059034883976,1.4767727297730744,4.440000057220459,5.07930153356038,0.9980122176138652,0.9975475871061715,0.9980122176138652,0.0,0.002537976412504762
Ganymede,0.27602970013394956,2458668.5131303817,0.26121342554688454,1.307868663687259,4.550000190734863,5.081441560038673,1.0006531926727529,1.0001643986090696,1.0006531926727529,0.0,0.0025414634026621912
Ganymede,0.27660880023613577,2458668.513709482,0.23011533543467522,1.215366039890796,4.769999980926514,5.083583729542646,1.0051156432426651,1.0046022576323972,1.0051156432426651,0.0,0.0025494281500514316
Ganymede,0.2771842998452485,2458668.5142849814,0.19880912452936172,1.3163952347822487,4.659999847412109,5.085713052951362,0.9933538096106573,0.9928248703028131,0.9933538096106573,0.0,0.0025136547648025157
Ganymede,0.2777613999322057,2458668.5148620815,0.20618372969329357,1.1976647642441094,4.909999847412109,5.087847942369703,1.001360541746935,1.0008062220262515,1.001360541746935,0.0,0.0025306182694258563
Ganymede,0.2783391002565623,2458668.515439782,0.14711644686758518,1.054734003264457,4.809999942779541,5.08998540031802,1.0028095184588603,1.0022339159420246,1.0028095184588603,0.0,0.002531963404688569
Ganymede,0.27891760012134914,2458668.5160182817,0.20113514550030231,1.0363439400680363,5.050000190734863,5.092125428519002,0.9971052560128857,0.996513307175504,0.9971052560128857,0.0,0.002515713171418341
Ganymede,0.27949599986895923,2458668.5165966814,0.333957077935338,1.468654163647443,5.110000133514404,5.094265454997294,1.0086168311243564,1.0079990234085112,1.0086168311243564,0.0,0.0025424275874612315
Ganymede,0.2800721001811326,2458668.5171727818,0.3149529732763767,1.2323524137027562,5.170000076293945,5.095768500537783,1.003309094408229,1.0026778917637693,1.003309094408229,0.0,0.0025244318184929164
Ganymede,0.2806519998237491,2458668.5177526814,0.48460182920098305,1.571315445471555,4.880000114440918,5.094515750267551,0.9990632286813548,0.9984255548482411,0.9990632286813548,0.0,0.002510098616763926
Ganymede,0.28122900025919084,2458668.518329682,0.3517388291656971,1.7711330284364522,4.75,5.093269499660701,1.000832314086281,1.0001852587301716,1.000832314086281,0.0,0.002513126766959612
Ganymede,0.28180820001289253,2458668.5189088816,0.18242709711194038,1.8358412836678326,4.579999923706055,5.091020000263713,1.003645174632984,1.0029914150766472,1.003645174632984,0.0,0.002517269340380553
Ganymede,0.2823866998776794,2458668.5194873814,0.28937675431370735,1.7270860155113041,4.739999771118164,5.08849999949286,0.9995663502513832,0.9989120512925297,0.9995663502513832,0.0,0.002504501598691094
Ganymede,0.28296440020203595,2458668.520065082,0.24592647328972816,1.934973903466016,4.289999961853027,5.094899916046852,1.0022405187012606,1.0015610131487644,1.0022405187012606,0.0,0.0025090973417674412
Ganymede,0.2835418998263777,2458668.5206425814,0.3296641893684864,1.7489344258792698,4.460000038146973,5.114444080297296,0.9978707589086869,0.997140490566572,0.9978707589086869,0.0,0.0024928595286319035
Ganymede,0.2841255000792444,2458668.5212261816,0.3040456436574459,1.6373805929906666,4.5,5.134008099163715,0.9963478655941104,0.995566087786618,0.9963478655941104,0.0,0.002487475464637012
Ganymede,0.28470250004902486,2458668.5218031816,0.32111084647476673,1.5311266337521374,4.409999847412109,5.1348322314662385,1.0020361674320082,1.001242720340377,1.0020361674320082,0.0,0.0024993509487910956
Ganymede,0.28528170026838784,2458668.522382382,0.354087108746171,1.4017505054362118,4.380000114440918,5.135659339026046,0.9977078058128477,0.9969117882158403,0.9977078058128477,0.0,0.0024838581733900803
Ganymede,0.28586159991100435,2458668.5229622815,0.22534305788576603,1.5411722515709698,4.050000190734863,5.13840188054203,1.0040179390476516,1.0032083033665378,1.0040179390476516,0.0,0.002495588532735277
Ganymede,0.2864408001303673,2458668.5235414817,0.05576666630804539,1.6797940884716809,4.269999980926514,5.142476118569313,0.9992957392349652,0.9984793491782349,0.9992957392349652,0.0,0.0024815353212188805
Ganymede,0.2870196999982,2458668.5241203816,0.20408090390264988,1.7176143717952073,4.389999866485596,5.146548728540579,1.0050830119717655,1.0042521173188952,1.0050830119717655,0.0,0.0024932795745954777
Ganymede,0.2875961001962424,2458668.5246967818,0.06197107769548893,1.800891098100692,4.53000020980835,5.150603426619887,1.0006208697563108,0.9997851379022777,1.0006208697563108,0.0,0.0024795551577270632
Ganymede,0.28817300004884605,2458668.5252736816,0.039737338200211525,1.7662126836366951,4.300000190734863,5.154662193201356,1.0051672972221455,1.0043202925372021,1.0051672972221455,0.0,0.0024892926240961395
Ganymede,0.28875010013580327,2458668.5258507817,0.14853964187204838,1.8112439145334065,4.110000133514404,5.158721775448717,1.0038379893443308,1.0029856360258986,1.0038379893443308,0.0,0.0024836880726379408
Ganymede,0.28932779999449854,2458668.5264284816,0.16357702482491732,1.7918857359327376,3.6600000858306885,5.162786241864129,1.0013576988116,1.0005018290717174,1.0013576988116,0.0,0.0024737014882650643
Ganymede,0.28990650009363894,2458668.5270071817,0.20234423596411943,1.9693529778160155,3.700000047683716,5.1668572237793775,0.9965383934388369,0.995681809806749,0.9965383934388369,0.0,0.0024625526805471466
Ganymede,0.2904833999462426,2458668.5275840815,0.3075768994167447,2.0292813130654395,3.630000114440918,5.170915993636613,0.994024089967512,0.99316559478339,0.994024089967512,0.0,0.002455862623282647
Ganymede,0.29106050003319983,2458668.5281611816,0.259768039919436,1.8239469774998724,3.309999942779541,5.174975575883974,1.0014196968325344,1.0005514078456808,1.0014196968325344,0.0,0.0024761413132914824
Ganymede,0.2916375000029803,2458668.5287381816,0.25340723618865013,1.7023735591210425,3.380000114440918,5.177064583573614,1.002661210288005,1.0017937485407025,1.002661210288005,0.0,0.002476644266776296
Ganymede,0.2922144999727607,2458668.5293151815,0.37492457404732704,1.6899627395905554,3.3399999141693115,5.179142083660786,1.00029397800477,0.9994311020143714,1.00029397800477,0.0,0.0024693491780427815
Ganymede,0.2927929998375476,2458668.5298936814,0.2268267162144184,1.7020479789935052,3.2699999809265137,5.174413465998509,1.0052260695074087,1.0043781235839488,1.0052260695074087,0.0,0.0024809268630958487
Ganymede,0.29337150016799574,2458668.5304721817,0.2633831277489662,1.612026450689882,3.630000114440918,5.164911235054303,1.0040577146338479,1.0032416442480152,1.0040577146338479,0.0,0.0024783515816893037
Ganymede,0.293948900140822,2458668.5310495817,0.31689784303307533,1.5964235072024167,3.569999933242798,5.154105486222334,1.005638524479259,1.004855559313312,1.005638524479259,0.0,0.0024785586298439054
Ganymede,0.294526700116694,2458668.5316273817,0.351674847304821,1.651218552608043,3.390000104904175,5.136633495685166,0.998730246097441,0.9980027749133493,0.998730246097441,0.0,0.0024557991319301285
Ganymede,0.2951050998643041,2458668.5322057814,0.4106898680329323,1.6323257093317807,3.549999952316284,5.119140495410575,1.0002162730341355,0.9995382359334652,1.0002162730341355,0.0,0.0024560931312311626
Ganymede,0.29568369984626774,2458668.5327843814,0.4795936420559883,1.721859582234174,3.5199999809265137,5.1087194992583695,1.0002011000132138,0.9995572853386654,1.0002011000132138,0.0,0.0024546504835358854
Ganymede,0.2962622001767159,2458668.5333628817,0.45576643012464046,1.8335136850364506,3.490000009536743,5.100493627993011,1.000423202117908,0.9998085785541578,1.000423202117908,0.0,0.002451166135899314
Ganymede,0.29683990003541116,2458668.5339405816,0.6205838080495596,2.0060154874809086,3.5299999713897705,5.092277623066463,1.0019730706029621,1.0013870692900328,1.0019730706029621,0.0,0.0024547322205802327
Ganymede,0.29741750024259095,2458668.534518182,0.7169053088873625,1.8962925081141293,3.640000104904175,5.084063266944186,0.9982074912730495,0.9976534486613466,0.9982074912730495,0.0,0.00244532668677765
Ganymede,0.29799890024587516,2458668.535099582,0.6451485808938742,2.055063605774194,3.4800000190734863,5.075796248410791,0.9976472690701521,0.997123514352703,0.9976472690701521,0.0,0.0024399677463224447
Ganymede,0.29857660010457043,2458668.5356772817,0.5882058832794428,1.972739525604993,3.5399999618530273,5.067580250105948,0.9991373677006467,0.9986429326883015,0.9991373677006467,0.0,0.0024403929000517597
Ganymede,0.2991558999754489,2458668.5362565815,0.5606969185173512,1.866164751816541,3.75,5.059342850454098,1.0061415293283433,1.005674071778306,1.0061415293283433,0.0,0.0024556492952554822
Ganymede,0.29973369995132093,2458668.5368343815,0.5627876254729927,1.6952840317972004,3.450000047683716,5.051126852149254,0.9995674800995408,0.9991334482798016,0.9995674800995408,0.0,0.0024405347444852376
Ganymede,0.3003121001645923,2458668.5374127817,0.6854699584655464,1.7043266627006233,3.2200000286102295,5.042900974262192,1.003640679732026,1.0032354212031565,1.003640679732026,0.0,0.0024518991772988045
Ganymede,0.3008882000111044,2458668.5379888816,0.6885299750138074,1.8922147485427558,3.1600000858306885,5.035052585394819,0.9979568304837718,0.997583470627426,0.9979568304837718,0.0,0.002437190927633836
Ganymede,0.30146599998697643,2458668.5385666816,0.7120503180194646,1.900823172647506,3.2899999618530273,5.029027755310427,1.0000456185841173,0.9996969995001014,1.0000456185841173,0.0,0.0024387383180517527
Ganymede,0.30204379996284847,2458668.5391444815,0.7093710154294968,1.6980750975199044,3.3499999046325684,5.0230029300817565,1.000064634830776,0.999741569382396,1.000064634830776,0.0,0.002438398962115247
Ganymede,0.3026207999326289,2458668.5397214815,0.7233962398022413,1.654143497813493,3.2799999713897705,5.022346250070408,1.0030778511127039,1.00276705406442,1.0030778511127039,0.0,0.00244213273077957
Ganymede,0.30319779990240936,2458668.5402984815,0.7752636279910803,1.7010614429600537,3.3299999237060547,5.022761666604081,1.0034457360213518,1.003145694771689,1.0034457360213518,0.0,0.0024377541564382273
Ganymede,0.3037763002328575,2458668.540876982,0.822602516040206,1.7102176216430962,3.25,5.026743254914478,0.9985234216976968,0.9982274820544277,0.9985234216976968,0.0,0.0024278641392584013
Ganymede,0.3043514999561012,2458668.5414521815,0.8697624709457159,1.72053108131513,3.359999895095825,5.035440754022643,1.0048595671917941,1.00455361991209,1.0048595671917941,0.0,0.002440453547978269
Ganymede,0.30492849992588167,2458668.5420291815,0.8510389756411314,1.571646427270025,3.390000104904175,5.0439921666081045,1.0018245000267463,1.0015118527648843,1.0018245000267463,0.0,0.002429688820505762
Ganymede,0.30550770014524464,2458668.5426083817,0.8329176362603903,1.7374439588747919,3.2799999713897705,5.043575083081429,1.0041020445390216,1.0038016174147155,1.0041020445390216,0.0,0.002433580716242049
Ganymede,0.3060862000100315,2458668.5431868816,0.9217407312244177,1.8090312234126031,3.4000000953674316,5.043158583270525,1.001326882858299,1.0010401250571797,1.001326882858299,0.0,0.0024251611141582457
Ganymede,0.3066626002080739,2458668.543763282,0.8907985202968121,1.7364917821250856,3.319999933242798,5.041156341880547,1.0026799350552644,1.0024092194432728,1.0026799350552644,0.0,0.0024248143910222827
Ganymede,0.307240999955684,2458668.5443416815,0.7828831188380718,1.777642325963825,3.309999942779541,5.038161671773116,1.0000592327274194,0.999807900985675,1.0000592327274194,0.0,0.002413496454356089
Ganymede,0.3078221000730992,2458668.5449227816,0.861764457076788,1.6844480871222913,3.309999942779541,5.035153222316487,1.0009073708146323,1.0006743898353359,1.0009073708146323,0.0,0.0024127153860543185
Ganymede,0.3083999000489712,2458668.5455005816,0.8266181871294975,1.750612975563854,3.390000104904175,5.032162146507456,0.9986487713046113,0.9984347047023546,0.9986487713046113,0.0,0.002406283387594459
Ganymede,0.3089791002683342,2458668.546079782,0.8616319671273232,1.7544791200198233,3.309999942779541,5.029163284257224,0.9956674796019158,0.9954723076791266,0.9956674796019158,0.0,0.0023939114918156844
Ganymede,0.3095561998896301,2458668.5466568815,0.7825922891497612,1.8242703848518431,3.259999990463257,5.026175805157256,0.9982421910125151,0.9980646628197702,0.9982421910125151,0.0,0.0023972057467821347
Ganymede,0.3101339002139867,2458668.547234582,0.7851203291211277,1.8879425846971571,3.319999933242798,5.023184731758888,1.002030764243171,1.0018706840205722,1.002030764243171,0.0,0.0024064253987527238
Ganymede,0.31071240007877354,2458668.5478130816,0.7899407928343862,1.7464169287122786,3.3499999046325684,5.020190061651457,0.9953507670608774,0.9952096642363778,0.9953507670608774,0.0,0.002391150654994108
Ganymede,0.31129220006987457,2458668.5483928816,0.7527895232196897,1.7005707160569727,3.3399999141693115,5.017188202947226,1.0044174514098243,1.0042929802783542,1.0044174514098243,0.0,0.0024121383664119146
Ganymede,0.3118700000457466,2458668.5489706816,0.7833683246280998,1.664534839335829,3.4100000858306885,5.014197127138195,0.9993328962928298,0.9992266750437967,0.9993328962928298,0.0,0.0023992413141928405
Ganymede,0.312446400243789,2458668.549547082,0.7128303030040115,1.67340033268556,3.2200000286102295,5.023301997977614,1.0022756322557198,1.00215947819781,1.0022756322557198,0.0,0.002403978861383215
Ganymede,0.31302410010248427,2458668.5501247817,0.6894679421093315,1.7343554585240781,3.25,5.033286003964305,1.001612390995756,1.0014846509378845,1.001612390995756,0.0,0.002397631270937873
Ganymede,0.3136004001833499,2458668.5507010818,0.6400532254483551,1.7688972256146371,3.0199999809265137,5.041714502302677,0.9980334160510481,0.9978979323438056,0.9980334160510481,0.0,0.0023875230205015773
Ganymede,0.3141795999370516,2458668.5512802815,0.6412447289330885,1.667478074785322,3.180000066757202,5.048804916556472,0.9992688642506933,0.9991278714648603,0.9992688642506933,0.0,0.0023850664279509077
Ganymede,0.3147556001320482,2458668.5518562817,0.6074374140007421,1.6390796727500856,3.259999990463257,5.0541878992251235,0.9963547068870692,0.9962124869808714,0.9963547068870692,0.0,0.0023778437108722852
Ganymede,0.31533409999683504,2458668.5524347816,0.6432566054863855,1.5876133940182626,3.309999942779541,5.047467897169514,0.995145707941762,0.9950286268771861,0.995145707941762,0.0,0.002371551911973524
Ganymede,0.3159125002101064,2458668.553013182,0.5882527463836595,1.493143883999437,3.259999990463257,5.040747895113905,1.0005231058189645,1.0004303210158192,1.0005231058189645,0.0,0.0023830993065193052
Ganymede,0.31649190019816165,2458668.553592582,0.5921596101252362,1.616836232598871,3.3399999141693115,5.038460664875553,1.003257307951583,1.0031791572733877,1.003257307951583,0.0,0.002388627468259428
Ganymede,0.3170680000446737,2458668.5541686816,0.550489570829086,1.4943465567193925,3.440000057220459,5.037736216178237,0.9973705729345845,0.9973040499099659,0.9973705729345845,0.0,0.0023720034595600173
Ganymede,0.31764580002054577,2458668.5547464816,0.5497047078097239,1.40918463235721,3.359999895095825,5.037009729308793,0.9985839488962385,0.9985283818853058,0.9985839488962385,0.0,0.002375016794538072
Ganymede,0.3182256000116468,2458668.5553262816,0.5515025164932013,1.3886241330765188,3.2300000190734863,5.036280623437934,1.0007487552419916,1.0007039266797106,1.0007487552419916,0.0,0.0023765268268386244
Ganymede,0.31880409987643366,2458668.5559047814,0.4887783955782652,1.5603388859890401,3.0199999809265137,5.035553264153531,1.002019256894086,1.0019850212688204,1.002019256894086,0.0,0.0023785133575692564
Ganymede,0.3193810998462141,2458668.5564817814,0.5117986351251602,1.3836831613443792,3.299999952316284,5.0348276502845595,1.003789613902814,1.003765777783766,1.003789613902814,0.0,0.002382400241698692
Ganymede,0.31995889982208614,2458668.5570595814,0.44503580033779144,1.415043832268566,3.0399999618530273,5.034101164000629,0.9994540389255093,0.9994405449176513,0.9994540389255093,0.0,0.002370801324000965
Ganymede,0.32053670026361947,2458668.557637382,0.43850987823680043,1.3904706253670156,3.200000047683716,5.033374677716698,1.0025780976797183,1.0025746535793558,1.0025780976797183,0.0,0.0023770840881163213
Ganymede,0.32111510001122956,2458668.5582157816,0.4774630186147988,1.3682494065724313,3.049999952316284,5.0326473178467825,1.0010361735980966,1.0010426128359116,1.0010361735980966,0.0,0.002373601283830852
Ganymede,0.32169110020622615,2458668.558791782,0.43642933340743184,1.3197519979439676,3.299999952316284,5.031688822727732,0.9989268626211119,0.998943487320775,0.9989268626211119,0.0,0.0023670126397168736
Ganymede,0.3222689001820982,2458668.5593695818,0.43063981644809246,1.3438277426175773,3.0999999046325684,5.028752352877734,1.00068430659746,1.0007153594056255,1.00068430659746,0.0,0.002367899296865869
Ganymede,0.32284590015187864,2458668.5599465817,0.36741857044398785,1.3206205195747316,3.109999895095825,5.025819411710413,1.0014562478731142,1.0015015613337137,1.0014562478731142,0.0,0.0023691412190325516
Ganymede,0.3234244000166655,2458668.5605250816,0.33281182684004307,1.2766807391308248,3.0,5.025,1.003698266683414,1.0037531210321278,1.003698266683414,0.0,0.002377029586479018
Ganymede,0.3240008002147079,2458668.561101482,0.3283015415072441,1.126600535120815,3.2200000286102295,5.025,1.0011407642271828,1.0012029478975872,1.0011407642271828,0.0,0.0023754738338365063
Ganymede,0.32457850007340316,2458668.5616791816,0.33212025836110115,0.9452320947311819,3.049999952316284,5.031386207547803,0.9974241313013281,0.9974794862919519,0.9974241313013281,0.0,0.0023663001673154245
Ganymede,0.3251581999473274,2458668.5622588815,0.29982273280620575,0.9288544054143131,3.2699999809265137,5.051670594662426,1.0012377465951325,1.001256203667961,1.0012377465951325,0.0,0.0023745996250678714
Ganymede,0.32573599992319946,2458668.5628366815,0.2766760438680649,0.8269022251479328,3.240000009536743,5.071886128577798,1.0005300627485647,1.0005116182965328,1.0005300627485647,0.0,0.0023724754744841084
Ganymede,0.3263157999143005,2458668.5634164815,0.2127225026488304,0.840399834793061,3.200000047683716,5.059039996754528,0.9957867808768184,0.9958031712171599,0.9957867808768184,0.0,0.002362192714006784
Ganymede,0.3268943998962641,2458668.5639950815,0.1807512864470482,0.7972234967164695,3.309999942779541,5.042376670554751,1.0009594403147961,1.001019010804455,1.0009594403147961,0.0,0.002373030939510297
Ganymede,0.3274728001095355,2458668.5645734817,0.08558260649442673,0.6785971182398498,3.140000104904175,5.036433228917165,0.9960186091876034,0.9960973874492371,0.9960186091876034,0.0,0.0023570670772001204
Ganymede,0.32805060008540754,2458668.5651512817,0.0,0.6240914422087371,3.0799999237060547,5.041321227908655,1.0017383378580988,1.0018134107658796,1.0017383378580988,0.0,0.0023658298902447406
Ganymede,0.3286249001510442,2458668.5657255817,-0.12868419289588928,0.6089467969723046,3.2799999713897705,5.046179854027471,0.9975801496117236,0.9976507655094717,0.9975801496117236,0.0,0.0023531604027210076
Ganymede,0.32920260000973944,2458668.5663032816,-0.14988045021891594,0.4710310813970864,3.309999942779541,5.051067853018961,1.0021956757586739,1.0022622920462265,1.0021956757586739,0.0,0.0023631244900848146
Ganymede,0.3297803999856115,2458668.5668810816,-0.29045502468943596,0.5490078893490136,3.5899999141693115,5.055955855949945,0.9983586132256065,0.9984205440680055,0.9983586132256065,0.0,0.0023509816706220703
Ganymede,0.33035809984430675,2458668.5674587814,-0.3575685881078243,0.5881639835424721,3.680000066757202,5.060843854941434,1.0008536778486388,1.000911238428538,1.0008536778486388,0.0,0.002353462496053924
Ganymede,0.3309359002858401,2458668.568036582,-0.4038463793694973,0.5020266366191208,3.359999895095825,5.065731853932924,1.0023160009700056,1.0023690236781302,1.0023160009700056,0.0,0.002353283526591904
Ganymede,0.33151430003345017,2458668.5686149816,-0.5200400166213512,0.3144683581776917,3.430000066757202,5.070625730650543,0.997277420064992,0.997325452063779,0.997277420064992,0.0,0.0023407752583933187
Ganymede,0.33209110023453836,2458668.569191782,-0.5671790763735771,0.24814379634335637,3.5999999046325684,5.075504916992332,1.0041697643681105,1.0042133208457527,1.0041697643681105,0.0,0.0023563461640517293
Ganymede,0.3326681002043188,2458668.569768782,-0.6028918139636517,0.2823028494603932,3.619999885559082,5.08038704613668,0.9983124575190114,0.9983508794810201,0.9983124575190114,0.0,0.002343512529617026
Ganymede,0.33324590018019085,2458668.5703465817,-0.5532445646822453,0.2864271104335785,3.569999933242798,5.077988963636187,1.00283964163731,1.0028889486564845,1.00283964163731,0.0,0.0023545170084358163
Ganymede,0.3338236000388861,2458668.5709242816,-0.5353853348642588,0.10315275192260742,3.4100000858306885,5.074546206362662,0.9969692098448212,0.997031005598947,0.9969692098448212,0.0,0.0023394114371668635
Ganymede,0.33440070012584333,2458668.5715013817,-0.47297493927180767,-0.036523833870887756,3.5999999046325684,5.080774668277781,1.0015732938341573,1.0016273476932327,1.0015732938341573,0.0,0.002347740729061659
Ganymede,0.33498560003936295,2458668.5720862816,-0.5834277253597975,0.09629976749420166,3.509999990463257,5.095094341343304,1.0006571170580874,1.0006856173039997,1.0006571170580874,0.0,0.0023439516114052835
Ganymede,0.33556400025263433,2458668.572664682,-0.5315882209688425,0.0,3.450000047683716,5.107132500462681,0.9952873032208318,0.9952951113078252,0.9952873032208318,0.0,0.002330061299298615
Ganymede,0.3361417001113296,2458668.5732423817,-0.5564768686890602,0.135197713971138,3.569999933242798,5.10796450029102,0.9952586001367879,0.9952696876479413,0.9952586001367879,0.0,0.0023279203881729216
Ganymede,0.3367216998711229,2458668.5738223814,-0.503978542983532,0.07162733376026154,3.490000009536743,5.108799667137841,0.99833657699446,0.9983508767873891,0.99833657699446,0.0,0.0023333122982036225
Ganymede,0.3373007999733091,2458668.5744014815,-0.4797095041722059,-0.0511147677898407,3.6700000762939453,5.102346494151443,0.9977403443098651,0.9977732474896658,0.9977403443098651,0.0,0.002330173013849292
Ganymede,0.3378793999552727,2458668.5749800815,-0.5068732816725969,0.17727155983448029,3.5199999809265137,5.093598244963482,1.0030563594795627,1.0031129655746283,1.0030563594795627,0.0,0.0023439366789722712
Ganymede,0.3384578001685441,2458668.5755584817,-0.4977407371625304,0.0489770770072937,3.559999942779541,5.165409441230246,1.0003967281602475,1.0003049773787016,1.0003967281602475,0.0,0.0023341524645565477
Ganymede,0.3390347000211478,2458668.5761353816,-0.48460108134895563,-0.0479721799492836,3.700000047683716,5.379866200463165,0.9969415916180141,0.9964065905553389,0.9969415916180141,0.0,0.0023236478381068993
Ganymede,0.33961159987375145,2458668.5767122814,-0.5624095359817147,-0.07853446714580059,3.4800000190734863,5.594365893289047,0.9989643096675399,0.9979933682201071,0.9989643096675399,0.0,0.002326870740818242
Ganymede,0.340191600099206,2458668.5772922817,-0.5731810666620731,-0.16119245253503323,3.569999933242798,5.8099844563218435,0.997513699279069,0.9961167802480495,0.997513699279069,0.0,0.0023227604754445176
Ganymede,0.3407707002013922,2458668.577871382,-0.5171960145235062,-0.08925161324441433,3.5999999046325684,6.025301791726599,1.0022780146151027,1.000454184099531,1.0022780146151027,0.0,0.0023278836055321984
Ganymede,0.34134779982268815,2458668.5784484814,-0.603103406727314,-0.07922378089278936,3.4700000286102295,5.894988492670701,1.0034574692679525,1.0018936723753866,1.0034574692679525,0.0,0.002328226874980614
Ganymede,0.3419263001531363,2458668.5790269817,-0.610310550313443,-0.20730999018996954,3.319999933242798,5.464180487128343,0.9982877545451135,0.9976020707556593,0.9982877545451135,0.0,0.002320059855610886
Ganymede,0.3425030002370477,2458668.579603682,-0.6254190471954644,-0.15221998374909163,3.369999885559082,5.065090775337777,0.99840558524328,0.9985574255631033,0.99840558524328,0.0,0.0023241676612450438
Ganymede,0.34308440024033193,2458668.580185082,-0.6760436003096402,-0.3059794334694743,3.200000047683716,5.066389827951284,1.0007972805305283,1.000950695690348,1.0007972805305283,0.0,0.0023284243438969907
Ganymede,0.34366429988294844,2458668.5807649815,-0.7161241848953068,-0.38983388524502516,3.359999895095825,5.067685776716456,0.9988514201060811,0.9990056751174096,0.9988514201060811,0.0,0.002321274930867306
Ganymede,0.3442435001023114,2458668.5813441817,-0.7007193178869784,-0.3448158046230674,3.1600000858306885,5.076841009368957,0.9961449246044349,0.9962831477406154,0.9961449246044349,0.0,0.0023157473305738395
Ganymede,0.3448211999610067,2458668.5819218815,-0.7132241162471473,-0.49690189864486456,3.369999885559082,5.088489006965697,0.9988014190895321,0.9989190423624968,0.9988014190895321,0.0,0.002321866261376849
Ganymede,0.34540120018646125,2458668.5825018818,-0.7382532223127782,-0.5171204460784793,3.3499999046325684,5.091967992202821,1.0011134389017442,1.0012276386836485,1.0011134389017442,0.0,0.0023273630921041666
Ganymede,0.3459793000482023,2458668.5830799816,-0.7296399702318013,-0.6731695039197803,3.4000000953674316,5.080729245156183,1.0036405846713952,1.0037826366437015,1.0036405846713952,0.0,0.002331420832540292
Ganymede,0.3465569999068976,2458668.5836576815,-0.7500488464720547,-0.7814831389114261,3.259999990463257,5.069497251239432,0.9979986703422807,0.9981672613706887,0.9979986703422807,0.0,0.0023153124919725624
Ganymede,0.3471365000121296,2458668.5842371816,-0.8379868944175541,-0.806931016035378,3.2300000190734863,5.083358003846288,0.998270881905478,0.9984136031934446,0.998270881905478,0.0,0.0023155984350549546
Ganymede,0.34771259985864167,2458668.5848132814,-0.7871198472566903,-0.7457137340679765,3.25,5.0982890040152675,0.9965834075018727,0.9966977575590031,0.9965834075018727,0.0,0.002309660078998621
Ganymede,0.3482895998284221,2458668.5853902814,-0.7727126744575799,-0.7745871497318149,3.4000000953674316,5.108010270172991,1.000127918049023,1.0002254723070516,1.000127918049023,0.0,0.00231672101608934
Ganymede,0.34886820027604704,2458668.585968882,-0.870071638841182,-0.9346211506053805,3.440000057220459,5.1134843810227615,0.9994066177556383,0.9994958413181012,0.9994066177556383,0.0,0.002314516516666774
Ganymede,0.3494471001438797,2458668.5865477817,-0.9303172756917775,-0.8442768855020404,3.390000104904175,5.118961778520743,1.0005523787785302,1.000633375047875,1.0005523787785302,0.0,0.0023154066111593674
Ganymede,0.35002480000257497,2458668.5871254816,-0.8629668210633099,-0.9903165502473712,3.700000047683716,5.124428223461821,0.9997378216688916,0.9998104017561912,0.9997378216688916,0.0,0.002316728254810789
Ganymede,0.3506011000834406,2458668.5877017817,-0.9053796087391675,-0.8111675484105945,3.880000114440918,5.12988043360348,0.9997663918833328,0.9998306057823813,0.9997663918833328,0.0,0.0023178545237359568
Ganymede,0.3511797000654042,2458668.5882803816,-0.8959424602799118,-0.9180575637146831,3.309999942779541,5.135354544453251,0.998868486769327,0.9989241871890513,0.998868486769327,0.0,0.0023148463913009844
Ganymede,0.3517565999180079,2458668.5888572815,-0.9315404105000198,-0.9040747862309217,3.569999933242798,5.140813327891331,1.0006527590865293,1.000700081047269,1.0006527590865293,0.0,0.0023166732765638907
Ganymede,0.35233519989997153,2458668.5894358815,-0.831309865694493,-0.9277504626661539,3.450000047683716,5.146287438741101,0.9977200573792498,0.9977587031533834,0.9977200573792498,0.0,0.0023078610979898233
Ganymede,0.3529121002182365,2458668.590012782,-0.9060186552815139,-0.977248040959239,4.070000171661377,5.151746222179181,0.9989502599315396,0.9989803989567316,0.9989502599315396,0.0,0.0023080511890482902
Ganymede,0.35349140008911495,2458668.5905920817,-0.9502032096497715,-1.3178524654358625,3.880000114440918,5.157226901919677,0.9989205327206357,0.998942023929577,0.9989205327206357,0.0,0.0023057322761306192
Ganymede,0.3540690999478102,2458668.5911697815,-1.0126602868549526,-1.1438895743340254,3.8499999046325684,5.147285000147521,0.9978498097683446,0.9978948116586351,0.9978498097683446,0.0,0.0023035511856515215
Ganymede,0.35464760027825837,2458668.591748282,-0.9961873120628297,-1.0545528437942266,4.230000019073486,5.134789995762109,0.9985614133126696,0.9986352841045972,0.9985614133126696,0.0,0.0023023775728643727
Ganymede,0.35522530013695364,2458668.5923259817,-1.0299129127524793,-1.0319838784635067,3.6600000858306885,5.136155669050256,0.9992853111384452,0.9993589965413867,0.9992853111384452,0.0,0.0023011617906114937
Ganymede,0.3558031001128257,2458668.5929037817,-1.0081207952462137,-1.1952722631394863,4.019999980926514,5.154043679776411,0.9961231435345119,0.9961618541781596,0.9961231435345119,0.0,0.0022943612173416143
Ganymede,0.3563806002028287,2458668.593481282,-0.9913616380654275,-1.2304993569850922,3.7799999713897705,5.171823875221832,0.999828371953696,0.9998326349087636,0.999828371953696,0.0,0.0023001295809219014
Ganymede,0.35695990007370715,2458668.5940605816,-1.002428235951811,-1.3705031126737595,3.680000066757202,5.187806222003738,0.9988509719448116,0.9988244479967153,0.9988509719448116,0.0,0.0022949804793691267
Ganymede,0.3575397000648082,2458668.5946403816,-1.0440647476352751,-1.217912271618843,3.549999952316284,5.203804551145275,1.000766958143679,1.0007095240921182,1.000766958143679,0.0,0.0022966332636773145
Ganymede,0.3581175000406802,2458668.5952181816,-1.0445679271942936,-1.0794729143381119,3.700000047683716,5.198347685456186,0.9973872857527395,0.9973437392142569,0.9973872857527395,0.0,0.0022898009300959653
Ganymede,0.3586967002600432,2458668.595797382,-0.9732788721448742,-1.0634142756462097,3.5799999237060547,5.18250377238337,0.9989158747616494,0.9989075010982801,0.9989158747616494,0.0,0.002293022304151834
Ganymede,0.35927450023591523,2458668.596375182,-0.946846141887363,-1.2710039913654327,3.4800000190734863,5.166700997478048,0.9953667710811774,0.9953934238087976,0.9953667710811774,0.0,0.002285045555859473
Ganymede,0.3598518000915647,2458668.5969524817,-0.9572508367127739,-1.2956997212022543,3.799999952316284,5.1509108951661196,1.0029478994739283,1.003009980019256,1.0029478994739283,0.0,0.0023034317099187595
Ganymede,0.36043029995635156,2458668.5975309815,-0.9137914175516926,-1.1837847512215376,3.609999895095825,5.13508597187898,0.9962196171210378,0.996316310859416,0.9962196171210378,0.0,0.002287018707247277
Ganymede,0.3610066000372172,2458668.5981072816,-0.8973603690392338,-1.3149936776608229,3.369999885559082,5.119324360613702,1.0004371370561485,1.000569273925203,1.0004371370561485,0.0,0.00229790578891582
Ganymede,0.36158500025048856,2458668.598685682,-0.90533985797083,-1.4002017956227064,3.380000114440918,5.103502595922705,0.9994259603419589,0.99959306950476,0.9994259603419589,0.0,0.0022949502711477675
Ganymede,0.3621628002263606,2458668.599263482,-0.8557376809767447,-1.4625607971102,3.2699999809265137,5.087699833753659,1.0003949937373298,1.0005973493301066,1.0003949937373298,0.0,0.002296372560472423
Ganymede,0.36274140020832424,2458668.599842082,-0.8635002918890677,-1.3386029619723558,3.4800000190734863,5.071874910466518,0.9988012195518408,0.9990383151418153,0.9988012195518408,0.0,0.0022926938557333468
Ganymede,0.3633196001872421,2458668.6004202818,-0.8349538337788545,-1.407800504937768,3.5,5.059583583672856,0.9970962011318532,0.9973604669846879,0.9970962011318532,0.0,0.0022883480437122534
Ganymede,0.36389799993485217,2458668.6009986815,-0.8233302509761415,-1.6390801463276148,3.2200000286102295,5.072495088204448,1.0017567387434463,1.0019968245629143,1.0017567387434463,0.0,0.002298560890784448
Ganymede,0.3644765002653003,2458668.601577182,-0.8816192014492117,-1.7342989016324282,3.559999942779541,5.08540658234248,0.9973023277151003,0.9975160463304841,0.9973023277151003,0.0,0.0022889899791925104
Ganymede,0.365055700019002,2458668.6021563816,-0.8381829759455286,-1.6821589078754187,3.450000047683716,5.093625921982483,0.9998012862012237,1.0,0.9998012862012237,0.0,0.0022949003614485264
Ganymede,0.36563349999487404,2458668.6027341816,-0.8420899588963948,-1.8455004002898932,3.4800000190734863,5.1000156799785765,1.0012941492506295,1.0014814038020994,1.0012941492506295,0.0,0.002296146426098598
Ganymede,0.3662119002081454,2458668.603312582,-0.8960104737780057,-1.7949968334287405,3.5,5.105371092863826,0.9982935531167636,0.9984706460666237,0.9982935531167636,0.0,0.0022874434609455813
Ganymede,0.3667888000607491,2458668.6038894816,-0.8457446847460233,-1.9237150456756353,3.569999933242798,5.107046387115119,0.9988880051408687,0.9990632403162939,0.9988880051408687,0.0,0.0022872637267821135
Ganymede,0.36736660003662114,2458668.6044672816,-0.8135486100218259,-2.0262995567172766,3.9600000381469727,5.10872470662775,0.9988227419562143,0.9989959488051013,0.9988227419562143,0.0,0.0022876074263356587
Ganymede,0.36794370012357835,2458668.6050443817,-0.7972920503816567,-2.408075561746955,3.7899999618530273,5.098941716741323,0.9981012929258625,0.9982962113346392,0.9981012929258625,0.0,0.002285503035546125
Ganymede,0.36852209987118845,2458668.6056227814,-0.7368223261437379,-2.4450306575745344,3.380000114440918,5.086877582334876,1.005326279848758,1.0055493657420005,1.005326279848758,0.0,0.00230177644805401
Ganymede,0.3691014002077282,2458668.606202082,-0.7722264532349072,-2.671468226239085,3.390000104904175,5.083141670085785,0.9961234163577745,0.9963535822845506,0.9961234163577745,0.0,0.002281841295254209
Ganymede,0.3696804998442531,2458668.6067811814,-0.7699287493596785,-2.6205169204622507,3.509999990463257,5.087311670165413,1.0051220141636052,1.0053467793810174,1.0051220141636052,0.0,0.0023022789767949466
Ganymede,0.37025830028578643,2458668.607358982,-0.7366852384875529,-2.6620991844683886,3.690000057220459,5.091471668958419,0.9982253162550159,0.9984410953022973,0.9982253162550159,0.0,0.002284620787197171
Ganymede,0.37083739992231135,2458668.6079380815,-0.7956301492522471,-2.718955473974347,3.4700000286102295,5.095641669038047,0.998980553884871,0.9991889824672657,0.998980553884871,0.0,0.0022848068937921504
Ganymede,0.3714151998981834,2458668.6085158815,-0.8256401435355656,-2.831337923184037,3.619999885559082,5.099801667831053,0.9965983753162707,0.9967987913957966,0.9965983753162707,0.0,0.0022796801806355795
Ganymede,0.37199299987405543,2458668.6090936814,-0.7746214770595543,-2.703043529763818,3.930000066757202,5.103961669976821,0.9987021536452436,0.9988954213432779,0.9987021536452436,0.0,0.002284945672271348
Ganymede,0.3725728999823332,2458668.6096735816,-0.8019364380161278,-2.7503945883363485,3.930000066757202,5.108137500508153,1.0004888482653553,1.0006748072853742,1.0004888482653553,0.0,0.0022899982448352364
Ganymede,0.37315000006929044,2458668.6102506816,-0.7978861650335602,-2.7042715307325125,3.9100000858306885,5.112292500334229,0.9983517621832024,0.9985296826040797,0.9983517621832024,0.0,0.002283599905616396
Ganymede,0.37372670015320186,2458668.6108273817,-0.8166621552663855,-2.90091853402555,4.260000228881836,5.1164450023532195,1.0009433018346445,1.0011139926156638,1.0009433018346445,0.0,0.00228969053728603
Ganymede,0.37430509990081196,2458668.6114057815,-0.8210233484278433,-2.6394612099975348,4.059999942779541,5.120610000113156,1.0019128501172554,1.0020759402247905,1.0019128501172554,0.0,0.0022950408541571577
Ganymede,0.3748844002373517,2458668.611985082,-0.8995602910290472,-2.813047816976905,4.03000020980835,5.126293169486115,1.0034375867819556,1.0035899360077913,1.0034375867819556,0.0,0.0022974797381505405
Ganymede,0.37546060020104055,2458668.612561282,-0.8067871664534323,-3.0157200004905462,4.170000076293945,5.1321020024032595,0.9961863715157787,0.9963264154372825,0.9961863715157787,0.0,0.002281942156600349
Ganymede,0.37604059996083383,2458668.6131412815,-0.9123934690724127,-2.691097816452384,3.8499999046325684,5.128682492147832,1.0013255242412047,1.0014741939014906,1.0013255242412047,0.0,0.002294737614354968
Ganymede,0.3766190001741052,2458668.6137196817,-0.9103684562142007,-2.7772494088858366,3.950000047683716,5.116187497820706,0.997755102812391,0.9979299089813842,0.997755102812391,0.0,0.0022894440659320526
Ganymede,0.37719870004802947,2458668.6142993816,-0.8788396405871026,-2.731629217043519,3.869999885559082,5.107220851688299,1.0004386508189858,1.0006332916472545,1.0004386508189858,0.0,0.002295590699422973
Ganymede,0.37777870027348404,2458668.614879382,-0.8046054529841058,-2.8523737136274576,3.759999990463257,5.1281041732813835,1.0007193704972241,1.0008712301128402,1.0007193704972241,0.0,0.0022957870128216414
Ganymede,0.3783584001474083,2458668.6154590817,-0.8117649249616079,-2.7576990220695734,3.630000114440918,5.1489750058421855,1.0000298521038236,1.0001388848854385,1.0000298521038236,0.0,0.002292951468720049
Ganymede,0.37893770001828675,2458668.6160383816,-0.7998907046276145,-2.896958852186799,3.7699999809265137,5.148014361317669,0.9995210331834068,0.9996325563216344,0.9995210331834068,0.0,0.002292120442911814
Ganymede,0.37951840013265614,2458668.6166190817,-0.7872549530002289,-3.040731543675065,3.930000066757202,5.138166944654916,1.0015999746113635,1.0017326994156426,1.0015999746113635,0.0,0.0022982740571290206
Ganymede,0.38009679988026623,2458668.6171974814,-0.8358266439172439,-3.1453740689903498,3.8499999046325684,5.128356817625439,1.0030815634438415,1.00323537723509,1.0030815634438415,0.0,0.002299053653190473
Ganymede,0.3806737001985312,2458668.617774382,-0.7499325659009628,-3.2460533622652292,3.609999895095825,5.118572213699466,1.00191786850664,1.0020922924549087,1.00191786850664,0.0,0.0022958204893476705
Ganymede,0.3812508002854884,2458668.618351482,-0.7728318564477377,-3.1281278524547815,3.4800000190734863,5.108785643420531,1.005407672099574,1.0056035429634798,1.005407672099574,0.0,0.002303422109144041
Ganymede,0.3818293001502753,2458668.6189299817,-0.8389117561164312,-3.2448391038924456,3.559999942779541,5.098975516391055,0.9996381095174199,0.9998535991023584,0.9996381095174199,0.0,0.0022901629014716826
Ganymede,0.3824063001200557,2458668.6195069817,-0.8054787658038549,-3.350761817768216,3.7899999618530273,5.089188946112119,0.999496920384576,0.9997330458169664,0.999496920384576,0.0,0.0022894219357129605
Ganymede,0.3829855999909342,2458668.6200862816,-0.7848533756914549,-3.28587500192225,3.680000066757202,5.079365078302909,1.0003222219742278,1.0005792806892801,1.0003222219742278,0.0,0.002291294611379491
Ganymede,0.38356400020420556,2458668.620664682,-0.8084552876534872,-3.4031564462929964,3.7100000381469727,5.069554959170432,0.9969989819290622,0.9972758015220191,0.9969989819290622,0.0,0.0022838367920682006
Ganymede,0.38414239995181565,2458668.6212430815,-0.8125004695612006,-3.5495624113827944,3.680000066757202,5.05959890910726,0.99827471898328,0.9985728165783875,0.99827471898328,0.0,0.002285565745658515
Ganymede,0.38472080016508703,2458668.6218214817,-0.8770937921362929,-3.6397713366895914,3.7300000190734863,5.0440589043536646,1.0007250455982308,1.0010565357376453,1.0007250455982308,0.0,0.0022913747922147253
Ganymede,0.38529790025204425,2458668.622398582,-0.7633672432857566,-3.747234420850873,3.7300000190734863,5.0285562153263905,1.0036895869667235,1.004054749845839,1.0036895869667235,0.0,0.002298479764273398
Ganymede,0.38587269997224216,2458668.6229733815,-0.838281549687963,-4.070284055545926,3.9000000953674316,5.036666129448962,1.002135408273629,1.0024829545703695,1.002135408273629,0.0,0.00229432003278119
Ganymede,0.3864527998492122,2458668.6235534814,-0.7389228867250495,-4.236837552860379,4.03000020980835,5.058205299070216,1.00078824579029,1.0010901208083869,1.00078824579029,0.0,0.0022921959056500687
Ganymede,0.38703059982508425,2458668.6241312814,-0.813599057670217,-4.402634339407086,3.9200000762939453,5.075542000713468,0.9988441924031907,0.9991091925833729,0.9988441924031907,0.0,0.0022876276073250336
Ganymede,0.38760809991508727,2458668.6247087815,-0.7459367589908652,-4.500728847458959,3.799999952316284,5.078037000405014,1.0003455338711935,1.0006055906721008,1.0003455338711935,0.0,0.002288089529841882
Ganymede,0.3881866002455354,2458668.625287282,-0.7306362066301517,-4.602612072601914,3.759999990463257,5.08053650218466,0.9985639430271291,0.9988181511759975,0.9985639430271291,0.0,0.0022830507990642657
Ganymede,0.3887672998942435,2458668.6258679815,-0.7229463497060351,-4.650138409808278,3.799999952316284,5.057823317241201,1.002537022655464,1.002839624005876,1.002537022655464,0.0,0.002289161965246329
Ganymede,0.3893457001075149,2458668.6264463817,-0.7507678905385546,-4.726380893960595,3.819999933242798,5.029501339595396,1.0010078902414052,1.0013692025059575,1.0010078902414052,0.0,0.0022833774452527987
Ganymede,0.3899256998673082,2458668.6270263814,-0.7187651136773638,-4.864490428939462,3.859999895095825,5.008539627125986,1.0001859256711625,1.0005907109335503,1.0001859256711625,0.0,0.0022822415503918336
Ganymede,0.3905062998645008,2458668.6276069814,-0.8199484163778834,-4.5018820855766535,3.9700000286102295,4.997878502462268,1.0009317449194912,1.0013589588683225,1.0009317449194912,0.0,0.002282178559712899
Ganymede,0.39108529984951024,2458668.6281859814,-0.8102029880392365,-4.659643853083253,3.6500000953674316,4.987249250490174,0.9984969573209573,0.9989451055870289,0.9984969573209573,0.0,0.0022766181150428626
Ganymede,0.3916637000627816,2458668.6287643816,-0.753240430902224,-4.709890929982066,4.050000190734863,4.976628496762574,1.000249245102706,1.0007201302092776,1.000249245102706,0.0,0.002280087230812956
Ganymede,0.39224080014973883,2458668.6293414817,-0.7343941928702407,-4.554964480921626,3.859999895095825,4.9660332463179975,0.9999913417373419,1.0004839541172073,0.9999913417373419,0.0,0.002279961425915482
Ganymede,0.3928185000084341,2458668.6299191816,-0.7894192153471522,-4.7674865406006575,3.7899999618530273,4.95542524850668,0.9995127691510725,1.0000269685145085,0.9995127691510725,0.0,0.0022776354590588214
Ganymede,0.3933992001228035,2458668.6304998817,-0.7107160204905085,-4.631479619070888,3.9700000286102295,4.944764123842963,0.9997344663540803,1.0002706778874575,0.9997344663540803,0.0,0.0022778393215510786
Ganymede,0.39397689998149876,2458668.6310775816,-0.6633568594115786,-4.970859317108989,3.7899999618530273,4.934156117482103,1.001527666679984,1.0020866279675633,1.001527666679984,0.0,0.0022811734359352506
Ganymede,0.3945534999482334,2458668.6316541815,-0.6868723893421702,-4.943397069349885,3.680000066757202,4.923569373831563,1.000028574689303,1.0006083710089821,1.000028574689303,0.0,0.0022768093120383048
Ganymede,0.39513200027868156,2458668.632232682,-0.6515553818899207,-4.958938492462039,3.700000047683716,4.912948620103963,0.9980377354473489,0.9986380388031542,0.9980377354473489,0.0,0.002271738174637854
Ganymede,0.3957105001434684,2458668.6328111817,-0.6300776658463292,-5.1449956279248,3.6500000953674316,4.914061501379997,0.9997000075015461,1.0002982507290161,0.9997000075015461,0.0,0.002276305115171351
Ganymede,0.39628750011324887,2458668.6333881817,-0.6565583797055297,-5.199969390407205,3.8499999046325684,4.9178002532005465,0.9967100692960333,0.9972979096174062,0.9967100692960333,0.0,0.002271120749821025
Ganymede,0.39686740022152667,2458668.633968082,-0.6541646825498901,-5.33554101921618,3.7100000381469727,4.9094368301394375,0.9991953123086561,0.9998014277376149,0.9991953123086561,0.0,0.002276841268027263
Ganymede,0.3974467000924051,2458668.6345473817,-0.6367626613355242,-5.52685877121985,3.5999999046325684,4.883994743542332,1.0003734633797507,1.001033118451058,1.0003734633797507,0.0,0.0022798387060516774
Ganymede,0.39802490007132296,2458668.6351255816,-0.6399223701446317,-5.376675138249993,3.8399999141693115,4.858761003001933,1.0109114973728028,1.0116310282185876,1.0109114973728028,0.0,0.0023044079795857793
Ganymede,0.3986020001582802,2458668.6357026817,-0.6760646001785062,-5.322846127673984,3.7899999618530273,4.84367730556999,1.0080583606843385,1.0088070323152585,1.0080583606843385,0.0,0.0022989036465308494
Ganymede,0.39917970001697545,2458668.6362803816,-0.7053394643007778,-5.42988651804626,3.880000114440918,4.828575460627143,1.0052189600483936,1.0059966197857162,1.0052189600483936,0.0,0.0022941610226669845
Ganymede,0.39975960012525324,2458668.6368602817,-0.7057515346969012,-5.43804928380996,4.0,4.818720270975599,1.0026285699363873,1.0034241094634007,1.0026285699363873,0.0,0.0022884203747926602
Ganymede,0.40033950023353104,2458668.637440182,-0.5748103374207858,-5.577671972103417,3.9800000190734863,4.811948648384151,1.00367177150435,1.0044814660057957,1.00367177150435,0.0,0.0022890014956414638
Ganymede,0.4009194999933243,2458668.6380201816,-0.5975005050713662,-5.558535159565508,3.6600000858306885,4.805177025792702,1.002132595858067,1.002954327345235,1.002132595858067,0.0,0.0022861832600198453
Ganymede,0.4014971002005041,2458668.638597782,-0.6446140950138215,-5.829633236862719,3.869999885559082,4.798432430081337,1.00149648377011,1.0023308721426822,1.00149648377011,0.0,0.0022866256118052614
Ganymede,0.40207640007138257,2458668.6391770816,-0.619051741581643,-5.740951024927199,3.950000047683716,4.79166891935975,1.0014196983661088,1.0022672052175847,1.0014196983661088,0.0,0.0022871064688337606
Ganymede,0.40265550017356877,2458668.6397561817,-0.6636067164654378,-5.8386628637090325,4.0,4.784906756991867,1.0041712647018035,1.0050342871115243,1.0041712647018035,0.0,0.0022937350296638836
Ganymede,0.4032333001494408,2458668.6403339817,-0.7331875918025617,-5.864384931512177,3.8399999141693115,4.778160812926798,0.9984676891453508,0.9993388541972338,0.9984676891453508,0.0,0.00228144305972565
Ganymede,0.40381390014663343,2458668.6409145817,-0.6985521895403508,-5.980166275985539,3.869999885559082,4.771381083902397,1.0022940881743556,1.0031817188206258,1.0022940881743556,0.0,0.0022930267020344923
Ganymede,0.4043924000114203,2458668.6414930816,-0.6459334773535375,-6.121035848744214,3.9800000190734863,4.764627027967466,0.9990919393885102,0.9999897393573038,0.9990919393885102,0.0,0.0022851296922427318
Ganymede,0.4049700002186001,2458668.642070682,-0.5966819842869882,-6.22754490096122,4.139999866485596,4.757717249555424,1.0012625580858852,1.0021756421860473,1.0012625580858852,0.0,0.002289577639220632
Ganymede,0.40554850008338694,2458668.6426491817,-0.707030886929715,-6.1055291118100286,4.150000095367432,4.741473756930158,0.997241398996013,0.9981838237881168,0.997241398996013,0.0,0.002280428618980583
Ganymede,0.4061277999542654,2458668.6432284815,-0.6681861674005631,-6.073303156532347,4.159999847412109,4.725204243523135,1.0005487600380878,1.0015274975188404,1.0005487600380878,0.0,0.0022879996445949935
Ganymede,0.40670630028471355,2458668.643806982,-0.635740375291789,-6.347366415895522,4.03000020980835,4.727825713098523,1.000487204863068,1.001458848218826,1.000487204863068,0.0,0.002289524672011637
Ganymede,0.40728619992733006,2458668.6443868815,-0.5821828899497632,-6.343098497018218,3.9700000286102295,4.742142858398633,1.001293821434724,1.0022342634065275,1.001293821434724,0.0,0.0022952580820015177
Ganymede,0.40786540014669304,2458668.6449660817,-0.5932560760120396,-6.409618152305484,4.099999904632568,4.754505000979006,0.9973248273532783,0.9982337902326723,0.9973248273532783,0.0,0.002284667518585225
Ganymede,0.4084422999992967,2458668.6455429816,-0.6124116248975042,-6.538696927949786,3.869999885559082,4.760736248984113,1.0028852579449554,1.0037843983569557,1.0028852579449554,0.0,0.002298402853871912
Ganymede,0.4090191998519004,2458668.6461198814,-0.7103983081469778,-6.565347645431757,3.9600000381469727,4.766966249761953,1.0000515431342234,1.0009332511115787,1.0000515431342234,0.0,0.002290219834567923
Ganymede,0.40959619982168083,2458668.6466968814,-0.6212793357262854,-6.779131639748812,3.859999895095825,4.758032148273417,1.003939868751248,1.0048423680280543,1.003939868751248,0.0,0.0022974212364938926
Ganymede,0.4101754000410438,2458668.6472760816,-0.6476254175940994,-6.7049855552613735,4.199999809265137,4.746039088656216,0.9963943991717218,0.9973138192843346,0.9963943991717218,0.0,0.002280225058685909
Ganymede,0.4107553001493216,2458668.6478559817,-0.6694002590666059,-6.686754111200571,4.010000228881836,4.736298568748455,1.005266961358501,1.0062136396258374,1.005266961358501,0.0,0.0022999447449477055
Ganymede,0.41133310012519364,2458668.6484337817,-0.5738338596711401,-6.733728118240833,4.130000114440918,4.729796385509174,1.0011128026317462,1.0020676301827598,1.0011128026317462,0.0,0.0022892102518949384
Ganymede,0.4119113001041115,2458668.6490119817,-0.770834199298406,-6.516934730112553,4.010000228881836,4.723288988021682,0.9998921222310816,1.0008578106417274,0.9998921222310816,0.0,0.0022872268538528815
Ganymede,0.4124892001971603,2458668.6495898818,-0.7702016051334795,-6.543972659856081,3.7799999713897705,4.716785499910236,1.0037223842004697,1.0047038060447473,1.0037223842004697,0.0,0.0022973828070610275
Ganymede,0.41306690005585556,2458668.6501675816,-0.7348702925664838,-6.480032678693533,3.7799999713897705,4.710283316670955,0.9998623877764444,1.0008519908267286,0.9998623877764444,0.0,0.002288061313574584
Ganymede,0.41364480014890437,2458668.6507454817,-0.796576574764913,-6.421527400612831,3.759999990463257,4.703779828559508,1.0013092586764365,1.0023122306140004,1.0013092586764365,0.0,0.002293025002659078
Ganymede,0.41422679992392664,2458668.6513274815,-0.7199890393239912,-6.5841833502054214,3.690000057220459,4.697229448897325,1.0018057143388317,1.0028211894503003,1.0018057143388317,0.0,0.0022943128806092146
Ganymede,0.4148068001493812,2458668.6519074817,-0.771489054284757,-6.504529468715191,3.6700000762939453,4.69070251501051,1.00220904013673,1.0032368711103563,1.00220904013673,0.0,0.0022953054793893165
Ganymede,0.4153835002332926,2458668.652484182,-0.7145140397769865,-6.8128147050738335,3.690000057220459,4.6842120546589125,0.9980346419606045,0.9990699795411275,0.9980346419606045,0.0,0.0022858971952136615
Ganymede,0.41596050020307307,2458668.653061182,-0.7409524771792348,-6.687352977693081,3.869999885559082,4.67771768493127,1.0036503895160698,1.0047033744385152,1.0036503895160698,0.0,0.0022997655233614363
Ganymede,0.4165419002063573,2458668.653642582,-0.7868489365500864,-6.788118705153465,3.700000047683716,4.6744754832599344,0.9980181100716259,0.9990699364172876,0.9980181100716259,0.0,0.0022885893720964025
Ganymede,0.4171217998489738,2458668.6542224814,-0.8199024129135069,-6.882319763302803,3.75,4.6716466927554725,1.0022443305856537,1.0033044571693501,1.0022443305856537,0.0,0.0022978365225523783
Ganymede,0.4177024999633432,2458668.6548031815,-0.7408415752870496,-6.93257399648428,3.819999933242798,4.6790517259319175,0.9941069431312459,0.9951403514804747,0.9941069431312459,0.0,0.0022787659567821534
Ganymede,0.41827949993312363,2458668.6553801815,-0.7522231772018131,-7.0958754643797874,3.930000066757202,4.700543102168566,0.9981236108827712,0.9991127303754082,0.9981236108827712,0.0,0.00228819586642834
Ganymede,0.41885860003530984,2458668.6559592816,-0.8711344360781368,-7.224629707634449,4.25,4.71967399893248,1.000964675886095,1.0019130353757928,1.000964675886095,0.0,0.002297543582633685
Ganymede,0.4194362998940051,2458668.6565369815,-0.9137723393214401,-7.419242285192013,4.099999904632568,4.716345999619126,0.9989958278913432,0.9999469671919615,0.9989958278913432,0.0,0.002294055289992546
Ganymede,0.42001409986987714,2458668.6571147814,-0.9266127425653394,-7.538898199796677,4.150000095367432,4.713018000305771,0.9986173457645241,0.9995727090181925,0.9986173457645241,0.0,0.002292765657411281
Ganymede,0.42059389986097817,2458668.6576945814,-0.8132024410588201,-7.682923868298531,4.119999885559082,4.708545782440979,0.9992370710502205,1.0002000313361088,0.9992370710502205,0.0,0.0022923292150854365
Ganymede,0.42117459997534756,2458668.6582752815,-0.8397054247034248,-7.611309915781021,4.260000228881836,4.703570245600852,0.9968071010405098,0.997775740366835,0.9968071010405098,0.0,0.002287415630593011
Ganymede,0.42175380019471054,2458668.6588544818,-0.8266083955240902,-7.7968489825725555,4.269999980926514,4.698606611118892,1.0036768401525529,1.0046601813680227,1.0036768401525529,0.0,0.0023022086161031017
Ganymede,0.422330800164491,2458668.6594314817,-0.7888287402165588,-7.592594236135483,4.110000133514404,4.693662807250443,1.0009384483391812,1.0019270247444672,1.0009384483391812,0.0,0.002296318286945275
Ganymede,0.42290770001709466,2458668.6600083816,-0.7092755905759986,-7.7401600033044815,4.070000171661377,4.688719007372057,1.0002532374160857,1.0012490120965214,1.0002532374160857,0.0,0.002294860860861802
Ganymede,0.4234848001040519,2458668.6605854817,-0.7330369281989988,-7.800036773085594,4.090000152587891,4.683774213967964,1.0042841571225491,1.0052917935676773,1.0042841571225491,0.0,0.0023025774131154248
Ganymede,0.42406470021232967,2458668.661165382,-0.7642979699594434,-7.741949696093798,4.150000095367432,4.678804626311889,0.9970217749878844,0.9980299425050189,0.9970217749878844,0.0,0.0022870877270642367
Ganymede,0.42464389996603136,2458668.6617445815,-0.8471222672087606,-7.933771315962076,4.059999942779541,4.673841981365574,1.002646460820827,1.0036681108162433,1.002646460820827,0.0,0.00230094267170508
Ganymede,0.4252215998247266,2458668.6623222814,-0.7917881909233984,-7.948803634382784,3.859999895095825,4.6688912387774275,0.9984597881506411,0.9994848745985632,0.9984597881506411,0.0,0.002288986493179753
Ganymede,0.42579860026016836,2458668.662899282,-0.791062727192184,-7.755896524526179,3.9200000762939453,4.664164492459062,0.997861400484515,0.9988930393764588,0.997861400484515,0.0,0.0022887874446537045
Ganymede,0.42637700000777845,2458668.6634776816,-0.7788344403670635,-7.965457008220255,3.7699999809265137,4.6796755170304065,0.9983605563811473,0.9993559354684728,0.9983605563811473,0.0,0.0022922556365642566
Ganymede,0.4269562998786569,2458668.6640569814,-0.7467143243120518,-7.957395293749869,3.7300000190734863,4.695208279978191,1.000135304455677,1.0010955090901408,1.000135304455677,0.0,0.002298070348848298
Ganymede,0.42753320019692187,2458668.6646338818,-0.705017168627819,-8.146697231568396,3.9800000190734863,4.680501003146231,,1.0007650895594864,,0.0,0.0022980707620581992
Ganymede,0.4775332001969219,2458669.4661458815,2.6379217720095767,-0.9828974013216794,3.549999952316284,2.67965099307085,0.9983627667640048,0.9985280098489075,0.9983627667640048,0.0,0.0030614109175267717
Ganymede,0.4781080003827811,2458669.4667206816,2.628826427317108,-1.2574615185149014,3.5799999237060547,2.6647500037718554,0.9934251875154555,0.9936407349479561,0.9934251875154555,0.0,0.002968428404713576
Ganymede,0.4786829002201558,2458669.4672955815,2.5415452374581946,-0.9439730052836239,3.509999990463257,2.6430564993951617,0.9948921983361685,0.9951833248604877,0.9948921983361685,0.0,0.002935092315657519
Ganymede,0.47925840029492983,2458669.4678710815,2.5245268727157963,-0.7492232476361096,3.8299999237060547,2.615704994541704,0.9974549065191206,0.9978422468890626,0.9974549065191206,0.0,0.0029334617818998904
Ganymede,0.47983350036665806,2458669.4684461816,2.4443920711491955,-0.5091923479922116,3.5799999237060547,2.5909565854270213,0.999086019830278,0.9995605579314808,0.999086019830278,0.0,0.0028971625776857807
Ganymede,0.4804098004475237,2458669.4690224817,2.4724667342816247,-0.3648719792254269,3.690000057220459,2.5830731629549364,0.9961834464438939,0.9966838682274035,0.9961834464438939,0.0,0.002862351901028371
Ganymede,0.4809846001677216,2458669.4695972814,2.3723885985527886,-0.48175198631361127,3.190000057220459,2.575208749299273,1.0011138809846778,1.0016440488551044,1.0011138809846778,0.0,0.0028680594446491964
Ganymede,0.4815595004707576,2458669.4701721817,2.202509102455224,-0.34310073452070355,3.559999942779541,2.570469831729107,0.999769950157063,1.00031564463642,0.999769950157063,0.0,0.002847797818009984
Ganymede,0.4821373004466296,2458669.4707499817,2.052635890475358,-0.23491013096645474,3.2799999713897705,2.5669338327550517,0.9976630836301648,0.9982196113251569,0.9976630836301648,0.0,0.002835262775450129
Ganymede,0.48271210016682753,2458669.4713247814,1.9710767018113984,-0.10289064096286893,3.7100000381469727,2.5634155398804657,0.9909341728010668,0.9914987724159847,0.9909341728010668,0.0,0.0028062477622613296
Ganymede,0.4832885003648699,2458669.4719011816,2.0073106410418404,0.11552730156108737,3.8499999046325684,2.5598880420000394,0.9963422911428905,0.9969218756900277,0.9963422911428905,0.0,0.0028078547445119315
Ganymede,0.4838630001991988,2458669.4724756815,1.7095307233248604,0.3913623387925327,3.809999942779541,2.556371875111322,0.9977431630477144,0.9983354223351659,0.9977431630477144,0.0,0.002796283963982864
Ganymede,0.48443800015375027,2458669.4730506814,1.8255878286872758,0.536059572827071,3.5999999046325684,2.5528528754746778,0.9962984832424312,0.9969017144437573,0.9962984832424312,0.0,0.0027828234668703933
Ganymede,0.4850135002285243,2458669.4736261815,1.6005625026737107,0.617260396014899,3.359999895095825,2.5493303334782005,0.9971828179599226,0.9977984112893606,0.9971828179599226,0.0,0.0027804541648412486
Ganymede,0.48558840053156027,2458669.474201082,1.603004717544536,0.9150589997880161,3.390000104904175,2.5458120406036144,0.9961882469026346,0.996814998539995,0.9961882469026346,0.0,0.0027659884253097627
Ganymede,0.4861655001528562,2458669.4747781814,1.7324739781179233,1.1172891701571643,3.609999895095825,2.5422802907514503,0.9981346006457797,0.9987743906706156,0.9981346006457797,0.0,0.002761022717284345
Ganymede,0.4867403003387154,2458669.4753529816,1.5965975460567279,1.1566194626502693,3.7699999809265137,2.5388040005820396,0.9947860503281678,0.9954352479034109,0.9947860503281678,0.0,0.002744246753250502
Ganymede,0.4873156001791359,2458669.4759282814,1.5785621640243335,1.1304314672015607,3.569999933242798,2.535904249826327,0.994316615376268,0.9949750563802918,0.994316615376268,0.0,0.0027372097319904526
Ganymede,0.48789050048217186,2458669.4765031817,1.4750113797344966,1.2856328426860273,3.5299999713897705,2.5330068319220445,0.9976008416647982,0.998271005276419,0.9976008416647982,0.0,0.00274128955612933
Ganymede,0.48846540031954655,2458669.4770780816,1.4412440744199557,1.6011958657763898,3.319999933242798,2.5382119176588605,0.9955949949914377,0.9962457527284394,0.9955949949914377,0.0,0.002727775506837772
Ganymede,0.4890409003943206,2458669.4776535816,1.3756020006694598,1.6430946975015104,3.240000009536743,2.5477435026835504,0.9918048643593278,0.9924206581864972,0.9918048643593278,0.0,0.0027114973496467497
Ganymede,0.48961590034887204,2458669.4782285816,1.3004568901815219,1.8938904493115842,3.259999990463257,2.5552955003258884,0.9973714395258192,0.9979649140820199,0.9973714395258192,0.0,0.0027167246905420235
Ganymede,0.49019140042364606,2458669.4788040817,1.279289598853211,1.995284618344158,3.75,2.5565387505465003,0.9921488960641114,0.992734932080714,0.9921488960641114,0.0,0.002692714964417202
Ganymede,0.49076630026102075,2458669.4793789815,1.3582556948967976,2.151442931499332,3.569999933242798,2.557780500071079,0.9957391862672362,0.9963230267573158,0.9957391862672362,0.0,0.0027010216718890774
Ganymede,0.4913422003388406,2458669.4799548816,1.329113845989923,2.356376828160137,3.3399999141693115,2.563287744436553,0.9962071851033955,0.996772687766405,0.9962071851033955,0.0,0.002695792841198305
Ganymede,0.49191710017621526,2458669.4805297814,1.386002880797605,2.2061216249130666,3.4100000858306885,2.569696773270405,1.0019915633278476,1.0025386269336485,1.0019915633278476,0.0,0.002703850458899251
Ganymede,0.4924926002509893,2458669.4811052815,1.3262546111800475,2.427643673028797,3.4800000190734863,2.5723620004752537,0.9931367842890328,0.9936700693268149,0.9931367842890328,0.0,0.0026782434833455353
Ganymede,0.49306830056011686,2458669.481680982,1.3025440082856221,2.626784162130207,3.75,2.5673879982045964,0.9969778279318708,0.9975295979106656,0.9969778279318708,0.0,0.0026832491683072184
Ganymede,0.49364320039749154,2458669.4822558817,1.0678375021525426,2.6955701946280897,3.1700000762939453,2.5624210005226113,0.9997684903663179,1.0003381670178821,0.9997684903663179,0.0,0.0026862521743087325
Ganymede,0.49421800058335075,2458669.482830682,1.156171056718449,2.8734012781642377,3.200000047683716,2.5574539988173135,0.9984133421307884,0.9989985331158063,0.9984133421307884,0.0,0.0026759248211014365
Ganymede,0.4947935001924635,2458669.4834061814,1.217623248041491,2.910271470900625,3.009999990463257,2.552482000156741,0.9946481756205581,0.995247344063315,0.9946481756205581,0.0,0.0026543098876184003
Ganymede,0.4953698002733291,2458669.4839824815,1.183917786271195,2.985061829444021,3.380000114440918,2.5475019991257675,0.9969023319420014,0.9975190467080607,0.9969023319420014,0.0,0.00264914601979588
Ganymede,0.4959447005763651,2458669.484557382,1.2052587171056075,3.186596622224897,3.559999942779541,2.5425350014437824,1.0040307559834574,1.0046680785709772,1.0040307559834574,0.0,0.0026600854237007216
Ganymede,0.4965202001854778,2458669.4851328814,1.1565310929872794,3.199863683898002,3.299999952316284,2.537562000978168,0.9923999153926985,0.9930458205467917,0.9923999153926985,0.0,0.0026244535011790055
Ganymede,0.4970951004885138,2458669.4857077817,1.2181471188523574,3.5312351402826607,3.319999933242798,2.53259499927287,0.9988215506681264,0.9994876170134859,0.9988215506681264,0.0,0.0026461851408845125
Ganymede,0.4976707002148033,2458669.4862833815,1.2860212375380797,3.639548469800502,3.0899999141693115,2.527621998807255,1.0001477100910152,1.000830614761194,1.0001477100910152,0.0,0.0026391044012860658
Ganymede,0.49824540028348574,2458669.4868580815,1.3490436200954719,3.752061214763671,3.7100000381469727,2.532744204146312,1.002204519905805,1.0028711634153933,1.002204519905805,0.0,0.0026445862580156557
Ganymede,0.49882170036435136,2458669.4874343816,1.2942682852008147,3.644410823006183,4.03000020980835,2.5427858836464474,0.99980829796963,1.0004394839779525,0.99980829796963,0.0,0.0026366162602044978
Ganymede,0.4993972004391254,2458669.4880098817,1.2123478178837104,3.908020142931491,3.569999933242798,2.5493019993187187,0.9925217943888213,0.9931264058770664,0.9925217943888213,0.0,0.002618792763614788
Ganymede,0.4999721002765001,2458669.4885847815,1.1576919455983443,3.7362219584174454,3.8399999141693115,2.546818500269562,1.0015843881806852,1.0022020448236955,1.0015843881806852,0.0,0.0026341796780755483
Ganymede,0.5005477004684509,2458669.4891603817,0.8626063366391463,3.666797560174018,3.6500000953674316,2.544331498925775,0.9952661953373392,0.9958873765149958,0.9952661953373392,0.0,0.0026060505105850113
Ganymede,0.5011233001947404,2458669.4897359814,0.8378680360474391,3.9998747226782143,3.549999952316284,2.538971667824487,0.9937010776089592,0.9943380067812987,0.9937010776089592,0.0,0.002588621168583652
Ganymede,0.501697900146246,2458669.4903105814,0.784234484002809,4.004847690463066,3.1700000762939453,2.5331791648673514,1.001052455123014,1.0017122893181811,1.001052455123014,0.0,0.002604786643387449
Ganymede,0.5022736004553736,2458669.4908862817,0.627629106209497,4.1886934489011765,3.309999942779541,2.530607837849593,0.9946231308238456,0.9952861802675406,0.9946231308238456,0.0,0.0025941153461957766
Ganymede,0.5028485002927483,2458669.4914611815,0.6259859643614618,4.025520771741867,3.2200000286102295,2.5319502707581227,0.9913259712976417,0.9919814454056841,0.9913259712976417,0.0,0.0025815251478355852
Ganymede,0.5034255002625287,2458669.4920381815,0.5353517599141924,3.9099442586302757,3.5799999237060547,2.533297838284546,1.0031731284251457,1.0038309330435116,1.0031731284251457,0.0,0.002606447114861122
Ganymede,0.5040004005655647,2458669.492613082,0.494603424493107,3.793649211525917,3.700000047683716,2.5346402701056934,0.99598172870148,0.9966293231895278,0.99598172870148,0.0,0.0025748199318690736
Ganymede,0.5045759001746775,2458669.4931885814,0.5277737371361582,3.830612573772669,3.3399999141693115,2.5359843243008133,0.9937711602406054,0.9944117805712408,0.9937711602406054,0.0,0.0025675449253410405
Ganymede,0.5051506002433599,2458669.4937632815,0.7617542884981958,3.8725614957511425,3.240000009536743,2.5373262167804795,0.9977692035228805,0.9984067969428916,0.9977692035228805,0.0,0.002575878697986127
Ganymede,0.5057261003181339,2458669.4943387816,0.7830523039883701,3.6678178273141384,3.180000066757202,2.538670270975599,0.9978078208329612,0.9984397716570151,0.9978078208329612,0.0,0.00257386459199721
Ganymede,0.5063025005161763,2458669.494915182,0.8836159419006435,3.7142840810120106,3.009999990463257,2.54001621612805,0.9966651312801572,0.9972906406168796,0.9966651312801572,0.0,0.0025675759999440463
Ganymede,0.5068780005909503,2458669.495490682,0.9311737242824165,3.559407714754343,3.2899999618530273,2.54136027032317,0.9987251002717046,0.9993461203897845,0.9987251002717046,0.0,0.0025714071832420213
Ganymede,0.5074543002061547,2458669.4960669815,1.017118019211921,3.66423125192523,3.0799999237060547,2.5427059458048804,0.9919034451697368,0.9925144203651698,0.9919034451697368,0.0,0.002549463358451621
Ganymede,0.5080300005152822,2458669.496642682,1.1496546242124168,3.6050740480422974,3.0799999237060547,2.531665827246954,0.9959659461474908,0.9966135112131309,0.9959659461474908,0.0,0.002560923379408833
Ganymede,0.5086053003557027,2458669.4972179816,1.1869438525027363,3.527782090008259,3.049999952316284,2.5171670852030568,0.9996709351327161,1.000366339432137,0.9996709351327161,0.0,0.0025662685113405585
Ganymede,0.5091801005415619,2458669.497792782,1.3429208185261814,3.4543319046497345,2.809999942779541,2.50237599543488,0.9984924119324896,0.9992332213923953,0.9984924119324896,0.0,0.0025574320866464284
Ganymede,0.5097557002678514,2458669.4983683815,1.3896142106241314,3.2907833009958267,3.049999952316284,2.487042576047336,0.9982044308812692,0.9989932362251535,0.9982044308812692,0.0,0.0025563222073275555
Ganymede,0.5103328003548087,2458669.4989454816,1.288651124734315,3.3203253466635942,3.109999895095825,2.4716690754022643,0.9954207783679613,0.9962558881377135,0.9954207783679613,0.0,0.0025478857293615422
Ganymede,0.5109076005406679,2458669.499520282,1.2375353958195774,3.5013713110238314,3.049999952316284,2.4636293106677454,0.9971443247928791,0.998005480647297,0.9971443247928791,0.0,0.002550311470932546
Ganymede,0.5114832002669574,2458669.5000958815,1.104767763215932,3.5221364703029394,2.740000009536743,2.4559125865879396,0.9993911099109887,1.0002778524036817,0.9993911099109887,0.0,0.0025465542286623494
Ganymede,0.5120579003356398,2458669.5006705816,1.0185484375542728,3.5651785861700773,2.9000000953674316,2.446049750621602,0.9937611745397872,0.9946736188609671,0.9937611745397872,0.0,0.002521793805976181
Ganymede,0.5126328001730145,2458669.5012454814,0.9450776066369144,3.5080407466739416,3.190000057220459,2.4348739958479406,0.997304521803987,0.9982555377468683,0.997304521803987,0.0,0.002526834569783823
Ganymede,0.5132083002477885,2458669.5018209815,0.9850434150284855,3.4645217675715685,3.119999885559082,2.426149750905873,0.997871646968641,0.9988504581690226,0.997871646968641,0.0,0.002524149211947847
Ganymede,0.5137832005508245,2458669.502395882,0.9746305953449337,3.4421746097505093,3.0,2.4268725988095676,0.9967185285450826,0.9976917619292969,0.9967185285450826,0.0,0.0025147814912786803
Ganymede,0.5143589003942908,2458669.5029715816,0.9998181715345709,3.626843672245741,3.0,2.427596466092083,0.9929757712338803,0.9939409073039063,0.9929757712338803,0.0,0.0024984080962716683
Ganymede,0.5149344004690648,2458669.5035470817,0.9756084840482799,3.5565639697015285,2.9600000381469727,2.428320187581763,0.9978259809286839,0.9987913571846537,0.9978259809286839,0.0,0.0025085425454864766
Ganymede,0.5155097003094853,2458669.5041223816,1.0251197565085022,3.334973480552435,2.9000000953674316,2.4290436174857724,0.9950506413681313,0.996008866743761,0.9950506413681313,0.0,0.002499975318669971
Ganymede,0.51608460014686,2458669.5046972814,1.0759670298284618,3.39677856862545,3.009999990463257,2.4297664659749802,0.9979927710040672,0.9989493523614927,0.9979927710040672,0.0,0.0025051654219481745
Ganymede,0.5166602003388108,2458669.5052728816,1.1015840910113184,3.49223555624485,2.759999990463257,2.4304901874646605,0.9935547757227974,0.9945026477785133,0.9935547757227974,0.0,0.002487788966351111
Ganymede,0.51723500052467,2458669.505847682,1.0253054491913645,3.5118311047554016,2.859999895095825,2.431213035368355,0.9951114526456413,0.9960563503903205,0.9951114526456413,0.0,0.0024948416854994712
Ganymede,0.5178136005066336,2458669.5064262818,0.9242226771748392,3.3334709852933884,2.9100000858306885,2.4319405404455927,0.9938565764095976,0.9947958248220682,0.9938565764095976,0.0,0.0024884897024200054
Ganymede,0.5183921003714205,2458669.5070047816,0.9750035471952287,3.483488529920578,3.0299999713897705,2.432668046108344,0.9952211346775028,0.9961572219699446,0.9952211346775028,0.0,0.0024900223656486187
Ganymede,0.5189697005786003,2458669.507582382,0.9154220588243334,3.536878392100334,2.799999952316284,2.4366120023496154,0.9979499303933934,0.9988733160470826,0.9979499303933934,0.0,0.0024925483803097466
Ganymede,0.5195474004372955,2458669.5081600817,0.815314724270138,3.4709045961499214,2.7899999618530273,2.443268000976324,0.9980387412518199,0.9989378579434134,0.9980387412518199,0.0,0.0024917328181039986
Ganymede,0.5201259003020824,2458669.5087385816,0.814991820094292,3.445812912657857,2.4600000381469727,2.4467956770026125,0.9938383226686225,0.9947199004159356,0.9938383226686225,0.0,0.002481199576634033
Ganymede,0.520706500299275,2458669.5093191816,0.8043172168108867,3.4872453194111586,2.549999952316284,2.4309744340970414,0.9977390437114609,0.9986753945235876,0.9977390437114609,0.0,0.0024867508952281254
Ganymede,0.5212858001701535,2458669.5098984814,0.7939249188202666,3.4592783730477095,2.759999990463257,2.415191038383801,1.0001927278849543,1.0011830486773834,1.0001927278849543,0.0,0.0024897029201575945
Ganymede,0.52186350049451,2458669.5104761817,0.6634450316923903,3.400121157988906,2.7899999618530273,2.3994486237068426,0.9897002891046113,0.9907315522657836,0.9897002891046113,0.0,0.002460031703182886
Ganymede,0.5224431002512575,2458669.5110557815,0.5003791064518737,3.540697431191802,2.7799999713897705,2.383655763023613,0.9944267803503154,0.9955150527777522,0.9944267803503154,0.0,0.002470914294415163
Ganymede,0.5230209002271295,2458669.5116335815,0.3813461572426604,3.576555198058486,2.700000047683716,2.367913361034282,0.9950010124453722,0.9961421868650899,0.9950010124453722,0.0,0.0024699281949639843
Ganymede,0.5235993004404009,2458669.5122119817,0.3560083028423833,3.443322977051139,2.880000114440918,2.352152029104972,0.9953044918597007,0.9964986877130915,0.9953044918597007,0.0,0.002467271349051058
Ganymede,0.5241785001941026,2458669.5127911814,0.43009246555448044,3.3835289869457483,2.9200000762939453,2.33637177992331,0.9927694807038311,0.9940135530519514,0.9927694807038311,0.0,0.0024594658449083946
Ganymede,0.5247562005184592,2458669.513368882,0.3682656292367028,3.6159189734607935,2.9800000190734863,2.320629377933979,0.9923454934853339,0.9936421019879198,0.9923454934853339,0.0,0.002452850463891091
Ganymede,0.5253348005004228,2458669.5139474818,0.3481603529799031,3.6414548251777887,3.2799999713897705,2.3048648994730905,0.9950677903420873,0.9964215389525974,0.9950677903420873,0.0,0.0024539084450607377
Ganymede,0.5259130004793406,2458669.5145256817,0.3181779668229865,3.4819136653095484,3.2799999713897705,2.2891098732945645,0.9956488180906466,0.9970572117573584,0.9956488180906466,0.0,0.0024509965402256754
Ganymede,0.5264901005662979,2458669.515102782,0.4035157993930625,3.5118661038577557,3.190000057220459,2.2733863885575856,0.9961300633909873,0.9975930629494832,0.9961300633909873,0.0,0.0024503387922112933
Ganymede,0.527068500313908,2458669.5156811816,0.42316290592134465,3.509213623823598,2.940000057220459,2.2576250566282754,0.9923453692478716,0.9938567852120819,0.9923453692478716,0.0,0.0024377995417285384
Ganymede,0.5276470001786948,2458669.5162596814,0.35478441273153294,3.52577121485956,3.2200000286102295,2.2418637373865926,0.9929018220994715,0.9944682078021081,0.9929018220994715,0.0,0.002439577594949513
Ganymede,0.528225500509143,2458669.5168381818,0.22374354158819187,3.7025488161016256,3.4800000190734863,2.226099258925704,0.9950847278470325,0.9967089153861497,0.9950847278470325,0.0,0.0024523342840632742
Ganymede,0.5288047002628447,2458669.5174173815,0.2931840554374503,3.687438309425488,3.890000104904175,2.220435500245422,0.9948940662701836,0.9965364755043684,0.9948940662701836,0.0,0.002455424478496079
Ganymede,0.5293824005872012,2458669.517995082,0.3010852760198759,3.4795631470624357,3.299999952316284,2.219603499746531,0.9972147998706299,0.998862360380258,0.9972147998706299,0.0,0.0024567263797574223
Ganymede,0.5299595002084971,2458669.5185721815,0.2795912469300674,3.4713399403262883,3.1500000953674316,2.2261662590826305,0.9959702025871559,0.9975906900740152,0.9959702025871559,0.0,0.0024502695542106324
Ganymede,0.5305386003106833,2458669.5191512816,0.28476284114003647,3.4289161257911474,2.990000009536743,2.2524372617862976,0.9987376340590939,1.0002676371508898,0.9987376340590939,0.0,0.0024486046518055176
Ganymede,0.5311171001754702,2458669.5197297814,0.46748107341409195,3.4051362213212997,3.009999990463257,2.2786767498732656,0.9921858152777615,0.9936120146293077,0.9921858152777615,0.0,0.0024307860834798874
Ganymede,0.5316984005272389,2458669.520311082,0.6011989679682301,3.503359654219821,3.140000104904175,2.2974941261312187,0.9944409047541269,0.995802556051935,0.9944409047541269,0.0,0.002430632045153143
Ganymede,0.5322835002094508,2458669.5208961815,0.5337649401772069,3.5678897809702903,3.259999990463257,2.3153353019395415,0.9980810237760517,0.9993831280181554,0.9980810237760517,0.0,0.0024376913170361374
Ganymede,0.5328616005368532,2458669.521474282,0.5738655817258405,3.4721677463967353,3.119999885559082,2.3356416779766485,0.9972473533843381,0.9984754455701076,0.9972473533843381,0.0,0.002433530317824279
Ganymede,0.53344010040164,2458669.5220527817,0.6286946017789887,3.341821224661544,3.140000104904175,2.3585537591832137,0.9976292698586092,0.9987764820929155,0.9976292698586092,0.0,0.002430490265120093
Ganymede,0.5340208005160094,2458669.522633482,0.6422669109451817,3.3381822041701525,3.490000009536743,2.380656422025462,0.9949310750239447,0.9959981106784495,0.9949310750239447,0.0,0.0024214408099860396
Ganymede,0.5345999001525343,2458669.5232125814,0.6667727683234261,3.5578125796746463,3.609999895095825,2.395564172310132,0.9987670234374605,0.9997862530408057,0.9987670234374605,0.0,0.0024303941366243817
Ganymede,0.5351770002394916,2458669.5237896815,0.7526647974300431,3.6369145296048373,3.619999885559082,2.410418296688352,0.9962750376321223,0.9972408586374457,0.9962750376321223,0.0,0.0024228911560744758
Ganymede,0.5357547005638481,2458669.524367382,0.7994545851397561,3.7691077671479434,4.050000190734863,2.425290292373348,1.000127006134319,1.0010460281699678,1.000127006134319,0.0,0.002425793528037581
Ganymede,0.5363323003053666,2458669.5249449816,1.0258804414916085,3.669490822358057,3.7200000286102295,2.440156342942207,0.9973304319751535,0.9981968287318332,0.9973304319751535,0.0,0.002414514047121719
Ganymede,0.5369114004075528,2458669.5255240817,1.2662003789591836,3.476859965128824,4.099999904632568,2.455064081240756,1.0007333628514479,1.0015526594786979,1.0007333628514479,0.0,0.002421623528075556
Ganymede,0.53748850049451,2458669.5261011817,1.3181269955384778,3.3921207569073886,4.300000190734863,2.4699182056189763,0.9955043904181883,0.9962700813050174,0.9955043904181883,0.0,0.002409277522448752
Ganymede,0.5380669002421201,2458669.5266795815,1.3491307575750398,3.8206580958794802,4.449999809265137,2.48480808459687,0.9989052082784008,0.999624198015631,0.9989052082784008,0.0,0.0024169467955257513
Ganymede,0.5386455002240838,2458669.5272581815,1.4849115837860154,3.3317083797883242,3.7899999618530273,2.499700936132833,0.9950933165282135,0.9957607143758317,0.9950933165282135,0.0,0.002402349092345237
Ganymede,0.5392232005484403,2458669.527835882,1.5826393072056817,3.2144016555976123,3.940000057220459,2.5145729438039504,1.0006103698735216,1.0012326828434015,1.0006103698735216,0.0,0.0024163122313031553
Ganymede,0.5398000002838672,2458669.5284126815,1.6144514162588166,2.926357679767534,4.110000133514404,2.5130774974049626,0.9981319039129107,0.9987571275570585,0.9981319039129107,0.0,0.0024076971426605065
Ganymede,0.5403770002536477,2458669.5289896815,1.568484921430354,2.8678654066752642,4.429999828338623,2.495210996655285,0.9979892778256185,0.9986717582300805,0.9979892778256185,0.0,0.002407239057687363
Ganymede,0.5409555005840958,2458669.529568182,1.571256356270169,2.969567500753328,4.199999809265137,2.478486497088462,0.9992956774401375,1.0000327556331552,0.9992956774401375,0.0,0.0024092397492569894
Ganymede,0.5415325005538763,2458669.530145182,1.4476493913243758,3.0277484774123877,4.369999885559082,2.4730849968618154,1.0005229317925797,1.0012779305883288,1.0005229317925797,0.0,0.0024116982523468508
Ganymede,0.5421096001751722,2458669.5307222814,1.473797028840636,2.9201136722695082,3.8399999141693115,2.467683496635168,0.9982636134298208,0.999033867043925,0.9982636134298208,0.0,0.00240507802338928
Ganymede,0.5426873004995287,2458669.5312999818,1.3980654086481081,2.9493915296625346,4.03000020980835,2.465147603036703,0.999212497007375,0.9999911719731729,0.999212497007375,0.0,0.002405432005093162
Ganymede,0.5432671004906298,2458669.5318797817,1.3505742121051298,2.8975785754155368,4.059999942779541,2.463905702197726,0.9976177009923913,0.9983986383987794,0.9976177009923913,0.0,0.0023998671048759265
Ganymede,0.543844800349325,2458669.5324574816,1.3104839715670096,2.8903001316357404,3.880000114440918,2.4621631255917626,0.99926244078492,1.0000497957614427,0.99926244078492,0.0,0.0024011974505450256
Ganymede,0.5444248005747796,2458669.533037482,1.3242781199078308,3.1024383672047406,3.630000114440918,2.459031249916181,0.9987465159904682,0.9995430648158761,0.9987465159904682,0.0,0.00240112133165139
Ganymede,0.5450054005719722,2458669.533618082,1.1369306928972946,3.2199940376449376,4.010000228881836,2.4558956250150876,0.9991935153911632,1.0000000273257488,0.9991935153911632,0.0,0.0024014448937590333
Ganymede,0.5455868005752564,2458669.534199482,1.0189017094235169,3.156198858516291,4.119999885559082,2.452756250888482,0.9981807283797451,0.9989960230301302,0.9981807283797451,0.0,0.0023957367719619617
Ganymede,0.5461660003289581,2458669.5347786816,1.0805064960877644,3.289671465056017,3.859999895095825,2.4496281244384126,0.9980952898901182,0.9989200714081286,0.9980952898901182,0.0,0.0023947168787110326
Ganymede,0.546740500163287,2458669.5353531814,0.9471981152455555,3.3197924096602947,3.869999885559082,2.446525623982437,1.0017515824063175,1.0025888789481445,1.0017515824063175,0.0,0.002402031697586048
Ganymede,0.547318300139159,2458669.5359309814,0.9373662415455328,3.342359121190384,4.019999980926514,2.4434056246261675,1.0035515755750453,1.0043999312102292,1.0035515755750453,0.0,0.002403268347928597
Ganymede,0.5478960004635156,2458669.5365086817,0.9635686650435673,3.2147709981072694,4.019999980926514,2.4402856252698975,0.9973509846106307,0.9982035830303778,0.9973509846106307,0.0,0.002384056240893762
Ganymede,0.548473000433296,2458669.5370856817,1.0787799134413945,3.0559371516574174,3.950000047683716,2.437169998752773,0.9985298860295061,0.9993929582377621,0.9985298860295061,0.0,0.0023848357193840854
Ganymede,0.5490522001869977,2458669.5376648814,1.1613449081341969,2.926601226674393,4.059999942779541,2.4340418748172747,0.9936619195106708,0.9945302306974168,0.9936619195106708,0.0,0.002375385118631199
Ganymede,0.5496300001628698,2458669.5382426814,0.993742071048473,2.7393329844344407,3.6600000858306885,2.4418098365537606,0.9946549910094669,0.995498978406656,0.9946549910094669,0.0,0.002377840310929708
Ganymede,0.5502069004811347,2458669.5388195817,0.9744808617542731,2.897110949503258,4.010000228881836,2.455017950166624,0.9972074826615076,0.9980112169185674,0.9972074826615076,0.0,0.0023824735389745555
Ganymede,0.5507847004570068,2458669.5393973817,0.8471397105167853,2.858395538525656,3.819999933242798,2.468846395635077,0.9977329367191015,0.9984928991865467,0.9977329367191015,0.0,0.0023818635494332044
Ganymede,0.5513626005500556,2458669.539975282,0.836653162681614,2.9339193247724324,4.079999923706055,2.48395125907739,0.9964190035903777,0.9971300287481563,0.9964190035903777,0.0,0.002376733355642203
Ganymede,0.5519403004087509,2458669.5405529817,0.8385812448832439,2.9747603603173047,3.640000104904175,2.4990531161916056,0.9956974479370061,0.9963603111992241,0.9956974479370061,0.0,0.0023716901169806574
Ganymede,0.5525181003846229,2458669.5411307816,0.8162120892229723,2.917982693063095,4.019999980926514,2.5175462546972187,0.9971937009030664,0.9977994604643938,0.9971937009030664,0.0,0.002371820598861166
Ganymede,0.5530979003757239,2458669.5417105816,0.6359829171124147,2.746332372771576,3.890000104904175,2.536333751981482,1.0011008623942332,1.0016500183406116,1.0011008623942332,0.0,0.002379336404804401
Ganymede,0.5536791001446546,2458669.5422917814,0.7338595478358911,2.799201376037672,4.28000020980835,2.5339300778242992,0.9962872000125217,0.9968411295733466,0.9962872000125217,0.0,0.002368200854949797
Ganymede,0.5542582002468408,2458669.5428708815,0.6773307486000704,2.7875549227464944,4.199999809265137,2.5135011499971838,0.9974647878411159,0.9980829005683135,0.9974647878411159,0.0,0.0023724871466426177
Ganymede,0.5548351005651058,2458669.543447782,0.5818440033617662,2.773415833013132,4.320000171661377,2.4959131674045656,0.9991559352202396,0.9998298318593752,0.9991559352202396,0.0,0.002378820465801339
Ganymede,0.555415100324899,2458669.5440277816,0.7859880341711687,2.7695345145184547,3.809999942779541,2.495290682881202,0.9939849542619057,0.9946570673616174,0.9939849542619057,0.0,0.00236751907426081
Ganymede,0.5559906003996731,2458669.5446032817,0.6774797155085253,2.8215237867552787,3.9000000953674316,2.49467291887876,0.997343927650858,0.9980199998332733,0.997343927650858,0.0,0.0023729896580235482
Ganymede,0.5565692003816367,2458669.5451818816,0.6114351613941835,2.695286722155288,3.990000009536743,2.4940519252303472,0.9993218616376026,1.0000009695848397,0.9993218616376026,0.0,0.00237866744994161
Ganymede,0.5571454003453256,2458669.5457580816,0.5887047214928316,2.7169887826312333,3.940000057220459,2.4934334160403253,0.9956413641795823,0.9963196445001151,0.9956413641795823,0.0,0.0023693960605420386
Ganymede,0.5577240003272892,2458669.5463366816,0.5697927451255964,2.697021357016638,3.690000057220459,2.4928124223919124,0.9936945072931962,0.9943731310086039,0.9936945072931962,0.0,0.0023611117161923757
Ganymede,0.5583031004294754,2458669.5469157817,0.4945785230520414,2.8247749723959714,3.630000114440918,2.4921908075039543,1.0082265504342804,1.0089167868278608,1.0082265504342804,0.0,0.002395998527633911
Ganymede,0.5588816002942623,2458669.5474942815,0.46447622911364306,2.686423323350027,3.490000009536743,2.491569937803576,1.0132168579897978,1.0139121964405071,1.0132168579897978,0.0,0.002408558145971651
Ganymede,0.5594615004025401,2458669.5480741817,0.3463464616361307,2.629625412868336,4.099999904632568,2.4909474532802123,1.0269069078302033,1.0276133475322697,1.0269069078302033,0.0,0.0024403942814281055
Ganymede,0.5600386004894973,2458669.5486512817,0.3461153711541556,2.5874836922157556,3.9600000381469727,2.490328074454785,1.01721752319582,1.0179189682068432,1.01721752319582,0.0,0.0024206185989963753
Ganymede,0.5606182002462448,2458669.5492308815,0.3815249148174189,2.577951043145731,3.6700000762939453,2.4872385000281634,1.0194380374756609,1.020150469331463,1.0194380374756609,0.0,0.002428922893484813
Ganymede,0.5611960002221168,2458669.5498086815,0.2658711168332957,2.611974037485197,3.440000057220459,2.481414501229793,1.0092586436191262,1.0099818355369559,1.0092586436191262,0.0,0.002401042574111693
Ganymede,0.5617730001918972,2458669.5503856814,0.21361246512969956,2.615849444642663,3.5,2.47665578354704,1.0093962187098098,1.0101340308159197,1.0093962187098098,0.0,0.0023977923394460374
Ganymede,0.5623537003062666,2458669.5509663816,0.3900874684914015,2.401250520721078,3.430000066757202,2.4861922299500145,1.0106235600369435,1.011332176387256,1.0106235600369435,0.0,0.0023978402258825944
Ganymede,0.5629358001984657,2458669.5515484815,0.2129686157568358,2.2480021063238382,3.7100000381469727,2.495753393465806,1.0069147578453779,1.007590826584432,1.0069147578453779,0.0,0.0023876438770169413
Ganymede,0.5635143005289138,2458669.552126982,0.2049504173337482,2.4617648664861917,4.099999904632568,2.5118858351192377,1.007686241996292,1.0083126624013168,1.007686241996292,0.0,0.002389055992060127
Ganymede,0.5640882005915047,2458669.552700882,0.14822945272317156,2.3625924307852983,3.640000104904175,2.5313085841422427,1.0084552997078806,1.0090220722931302,1.0084552997078806,0.0,0.002388387527108532
Ganymede,0.5646659004501999,2458669.5532785817,0.005327033752109855,2.422179440036416,3.7200000286102295,2.5458707288441813,1.0056197416907071,1.0061401410748931,1.0056197416907071,0.0,0.002378498499911739
Ganymede,0.5652445004321636,2458669.5538571817,0.03801289846887812,2.2917902413755655,3.6500000953674316,2.5453499997694977,1.007577850387588,1.008100729025137,1.007577850387588,0.0,0.002378449524522974
Ganymede,0.565821500401944,2458669.5544341817,0.10242089530220255,2.3132813200354576,3.5399999618530273,2.54483072914593,1.0054483677044617,1.0059715725518028,1.0054483677044617,0.0,0.002375353296967316
Ganymede,0.5664001003839076,2458669.5550127816,-0.00416077027330175,2.358926050364971,3.690000057220459,2.544309895716554,1.0031334356792685,1.0036568441937133,1.0031334356792685,0.0,0.0023726523304687754
Ganymede,0.5669749005697668,2458669.555587582,-0.21359025785932317,2.3419897463172674,3.9100000858306885,2.5437926040602776,1.0040638995302766,1.0045891771235673,1.0040638995302766,0.0,0.002372304298961144
Ganymede,0.5675546004436911,2458669.5561672817,-0.10111346939811483,2.2322174068540335,3.690000057220459,2.5432708331150544,1.0036151720261666,1.0041416031699766,1.0036151720261666,0.0,0.002370828407266356
Ganymede,0.568133100308478,2458669.5567457816,-0.1370925242663361,2.144322833046317,3.690000057220459,2.5427502083950624,1.0029430141649278,1.0034704695831203,1.0029430141649278,0.0,0.002367839191678558
Ganymede,0.5687101002782584,2458669.5573227815,0.009966365003492683,2.16791307926178,3.75,2.542230833416803,1.002832882863787,1.0033616453959753,1.002832882863787,0.0,0.002367263055242063
Ganymede,0.5692893004976214,2458669.5579019818,-0.03320647502550855,1.975975826382637,4.119999885559082,2.5417095834068495,1.0017037007302716,1.0022332307376376,1.0017037007302716,0.0,0.0023671494059772174
Ganymede,0.5698670003563167,2458669.5584796816,0.06728040700545534,2.026973396539688,3.930000066757202,2.5411895831386286,1.0040989376243945,1.0046310891602506,1.0040989376243945,0.0,0.0023758765861596927
Ganymede,0.570443400554359,2458669.559056082,0.24295790022006258,1.7524491846561432,3.740000009536743,2.5279241439014206,1.0014073063401185,1.0019779274813874,1.0014073063401185,0.0,0.0023680254776423646
Ganymede,0.5710230003111065,2458669.5596356816,0.1882492889999412,1.769096901640296,4.230000019073486,2.5072013737532934,1.0015733014556631,1.0022065748581395,1.0015733014556631,0.0,0.0023694845285456125
Ganymede,0.5716021004132927,2458669.5602147817,0.1290301782428287,1.5805077012628317,4.050000190734863,2.4894629972480535,1.0040741412803387,1.00476271087366,1.0040741412803387,0.0,0.002374193760849616
Ganymede,0.572182100173086,2458669.5607947814,0.17400028085103258,1.4892835598438978,4.260000228881836,2.4781882538684163,1.0008550890431094,1.001575336093369,1.0008550890431094,0.0,0.002370476829807753
Ganymede,0.5727612002752722,2458669.5613738815,0.11321957682957873,1.47170246578753,4.300000190734863,2.4669292527097015,0.9993932196229329,1.0001461748050393,0.9993932196229329,0.0,0.0023677438241931285
Ganymede,0.5733390002511443,2458669.5619516815,0.23477125441422686,1.5629763323813677,4.150000095367432,2.4671447504472583,0.9997270250126516,1.0004791665703163,0.9997270250126516,0.0,0.002365060377483044
Ganymede,0.5739189003594221,2458669.5625315816,0.2582709835260175,1.1713971514254808,4.099999904632568,2.4683974997116622,1.0002859943466564,1.0010343470970413,1.0002859943466564,0.0,0.002363416505545123
Ganymede,0.5745000004768372,2458669.5631126817,0.15862683666637167,1.1775906994007528,4.03000020980835,2.481402258956567,0.9978477513501718,0.9985545944995583,0.9978477513501718,0.0,0.0023562759481320274
Ganymede,0.5750778004527093,2458669.5636904817,0.007326182851102203,0.8881965293549001,4.019999980926514,2.505114254064217,1.0025400780568825,1.003178043436003,1.0025400780568825,0.0,0.002365168489692511
Ganymede,0.5756569005548955,2458669.564269582,0.047823515662457794,0.6902242167852819,3.549999952316284,2.526790105059192,1.0018319533005138,1.0024037843831353,1.0018319533005138,0.0,0.0023608889387456357
Ganymede,0.5762369003146888,2458669.5648495816,-0.043114121130201966,0.6065116762183607,3.680000066757202,2.5333126888577904,1.0005830653461139,1.001134323981108,1.0005830653461139,0.0,0.0023564151895500095
Ganymede,0.576814600173384,2458669.5654272814,-0.09137164714047685,0.5476279533468187,3.619999885559082,2.539810538504732,1.0041863584016424,1.0047197945940078,1.0041863584016424,0.0,0.0023639468274020124
Ganymede,0.5773946003988386,2458669.5660072817,-0.13836211251327768,0.462892537470907,3.640000104904175,2.5463331223033303,1.0034492088283888,1.003962436542714,1.0034492088283888,0.0,0.002361087515055563
Ganymede,0.5779707002453507,2458669.5665833815,-0.11674927273998037,0.21520081674680114,3.5899999141693115,2.55281275257411,1.0013224362700355,1.0018149788395285,1.0013224362700355,0.0,0.002351764924978027
Ganymede,0.5785480005666614,2458669.567160682,-0.0971106598735787,0.25383366039022803,3.5999999046325684,2.5593053966850055,1.001023550250212,1.0014963635358411,1.001023550250212,0.0,0.0023516355981980114
Ganymede,0.5791262005455793,2458669.567738882,-0.21706101397285238,0.24703796207904816,3.859999895095825,2.565808451867994,0.9979699375147816,0.9984218018594385,0.9979699375147816,0.0,0.0023423551337770072
Ganymede,0.5797062003053726,2458669.5683188816,-0.3074509436846711,0.16597231477499008,3.6600000858306885,2.572331035666592,1.0016131510344062,1.0020470781226027,1.0016131510344062,0.0,0.0023480831845985443
Ganymede,0.580284600518644,2458669.568897282,-0.3192431955249049,0.04482405632734299,3.859999895095825,2.578836698854561,1.0012462122493442,1.001660499343507,1.0012462122493442,0.0,0.0023515956208114267
Ganymede,0.580862400494516,2458669.5694750817,-0.3640969908447005,-0.04482405632734299,3.619999885559082,2.5853345485015025,1.0025123506570839,1.0029077255685173,1.0025123506570839,0.0,0.002355387475218292
Ganymede,0.5814449003897608,2458669.5700575816,-0.33231151389190927,-0.2288736328482628,4.0,2.5950967576784945,0.9995607376718387,0.9999259986713475,0.9995607376718387,0.0,0.002346565511118688
Ganymede,0.5820226002484561,2458669.5706352815,-0.29891566099831834,-0.45805972069501877,4.019999980926514,2.6088247548460815,1.0039003987533723,1.0042265573114268,1.0039003987533723,0.0,0.0023541569183456006
Ganymede,0.5826004002243281,2458669.5712130815,-0.27449511463055387,-0.5109901316463947,3.940000057220459,2.6225695132831333,1.0004981875411705,1.0007827905836961,1.0004981875411705,0.0,0.0023435619736396057
Ganymede,0.5831782002002002,2458669.5717908815,-0.33441493386635557,-0.7553435601294041,4.090000152587891,2.6367135056227466,1.0056604448379194,1.0059048342722317,1.0056604448379194,0.0,0.0023559840705107567
Ganymede,0.5837552001699806,2458669.5723678814,-0.32600922329584137,-0.8690075986087322,3.880000114440918,2.6508405014790704,1.0053323426039382,1.0055351875057907,1.0053323426039382,0.0,0.0023568931600524336
Ganymede,0.5843366001732648,2458669.5729492814,-0.28583069710293785,-0.9214965887367725,3.690000057220459,2.663265038317836,0.9997545436717338,0.9999201205299961,0.9997545436717338,0.0,0.0023417043370596424
Ganymede,0.5849208001978696,2458669.5735334815,-0.32651740504661575,-1.0421660207211971,3.8499999046325684,2.6747184911154083,1.0011549241437983,1.0012874765635402,1.0011549241437983,0.0,0.0023467783404467124
Ganymede,0.5854978001676501,2458669.5741104814,-0.3218883174122311,-1.146706435829401,4.210000038146973,2.684916509553906,1.0013857933351131,1.001488848967167,1.0013857933351131,0.0,0.002349545706468622
Ganymede,0.5860778003931046,2458669.5746904816,-0.18411390954861417,-1.0485485680401325,4.150000095367432,2.6921048416102624,1.0011813287505626,1.0012636145845017,1.0011813287505626,0.0,0.002350706284268832
Ganymede,0.5866556003689767,2458669.5752682816,-0.33808407658943906,-1.0191894620656967,4.039999961853027,2.6992659264662096,1.0027429219912982,1.0028046833188324,1.0027429219912982,0.0,0.0023538288601076996
Ganymede,0.587233300227672,2458669.5758459815,-0.26515167678007856,-0.7389409691095352,3.859999895095825,2.706427005550667,1.0004916205574599,1.000532685590706,1.0004916205574599,0.0,0.0023499500265285658
Ganymede,0.5878125004470349,2458669.5764251817,-0.27524102391907945,-0.7216874677687883,4.010000228881836,2.713605300987343,1.0050132534436411,1.0050338524738043,1.0050132534436411,0.0,0.002360707242395291
Ganymede,0.5883915004320444,2458669.5770041817,-0.2414327813894488,-0.7905493546277285,4.119999885559082,2.7207821593232135,1.0040374953866023,1.0040374953866023,1.0040374953866023,0.0,0.0023557809444195213
Ganymede,0.5889692002907396,2458669.5775818815,-0.27745794790098444,-0.7037717942148447,3.890000104904175,2.7279432441791602,1.0001188001716272,1.0000983941682788,1.0001188001716272,0.0,0.002346205154463523
Ganymede,0.5895491003990174,2458669.5781617817,-0.24579769658157602,-0.7976577896624804,3.6600000858306885,2.7351301449062007,1.0007278318276567,1.0006869680763233,1.0007278318276567,0.0,0.002346933560085286
Ganymede,0.5901276002638043,2458669.5787402815,-0.3764352677972056,-0.5210301000624895,3.7899999618530273,2.742301266381828,0.9998246801240981,0.9997635177066512,0.9998246801240981,0.0,0.0023413874042283117
Ganymede,0.5907061005942524,2458669.579318782,-0.194575208297465,-0.5093360580503941,3.6700000762939453,2.7494709565281394,1.002291381233757,1.0022097325360066,1.002291381233757,0.0,0.002346292587265199
Ganymede,0.5912845003418625,2458669.5798971816,-0.23929922940442339,-0.46074073389172554,3.8399999141693115,2.7533479157223053,1.001801185812234,1.0017086579562373,1.001801185812234,0.0,0.0023426300311701694
Ganymede,0.5918640004470945,2458669.5804766817,-0.2653482044697739,-0.6271632052958012,3.7699999809265137,2.7554341665169098,1.0039331537833225,1.0038345996199138,1.0039331537833225,0.0,0.002340279274975971
Ganymede,0.5924360001459719,2458669.5810486814,-0.38587054709205404,-0.56623450294137,4.139999866485596,2.757102069058804,1.006007794056108,1.0059043940826564,1.006007794056108,0.0,0.0023434106611846667
Ganymede,0.5930147002451123,2458669.5816273815,-0.455721938109491,-0.5419780742377043,3.950000047683716,2.7575331037269417,1.0030703361322997,1.0029661257001095,1.0030703361322997,0.0,0.0023360716107714793
Ganymede,0.5935915004462005,2458669.5822041817,-0.5216687927604653,-0.5909616183489561,4.010000228881836,2.7579627590225426,1.0044001093336716,1.0042946491846805,1.0044001093336716,0.0,0.0023402752507657018
Ganymede,0.5941721004433931,2458669.5827847817,-0.44039476016769186,-0.6655892785638571,3.809999942779541,2.7469195759965155,1.0017004359157506,1.0016266761110215,1.0017004359157506,0.0,0.0023344140371565807
Ganymede,0.5947499004192651,2458669.5833625817,-0.6735341111780144,-0.6953018214553595,4.260000228881836,2.734855582530375,1.000494748693511,1.0004553711315087,1.000494748693511,0.0,0.0023328963694055197
Ganymede,0.5953325004316867,2458669.5839451817,-0.5137088457704522,-0.9078446235507727,4.039999961853027,2.7226900884994913,1.0061896923197968,1.0061848967880405,1.0061896923197968,0.0,0.002347678698120857
Ganymede,0.5959097001701594,2458669.5845223814,-0.5838200310827233,-0.8653259631246328,3.819999933242798,2.7106381669648387,1.0001197693477182,1.0001493065670148,1.0001197693477182,0.0,0.0023335253794245013
Ganymede,0.5964884002692998,2458669.5851010815,-0.582862991199363,-0.8875298742204905,3.9200000762939453,2.7000124583587026,0.9959066293284633,0.9959661867050732,0.9959066293284633,0.0,0.002323407147999843
Ganymede,0.5970681001432241,2458669.5856807814,-0.6416586370323785,-1.0494343433529139,4.050000190734863,2.7001168124726753,0.9990965131410952,0.9991559712186624,0.9990965131410952,0.0,0.0023330851096278714
Ganymede,0.5976472002454103,2458669.5862598815,-0.6428169769351371,-1.1693593431264162,4.059999942779541,2.7002210624834038,0.9996734825375692,0.9997326842035957,0.9996734825375692,0.0,0.0023335723857740537
Ganymede,0.5982243003323675,2458669.5868369816,-0.7568409678642638,-1.1330443564802408,3.859999895095825,2.7003249374877627,1.0027716558739677,1.0028307497248878,1.0027716558739677,0.0,0.002338065744965022
Ganymede,0.5988055005669595,2458669.587418182,-0.8529805255238898,-1.4229957703500986,3.7899999618530273,2.7004295625048615,0.9984952308504668,0.998553779817438,0.9984952308504668,0.0,0.0023263150917932716
Ganymede,0.5993840004317463,2458669.5879966817,-0.892777708650101,-1.4395079016685486,3.700000047683716,2.7005336875414065,0.9981127979210306,0.9981710325033759,0.9981127979210306,0.0,0.002322950391854915
Ganymede,0.5999668002128602,2458669.5885794815,-0.9424403024022467,-1.5596206560730934,4.070000171661377,2.7006386041649346,1.0024430395568151,1.002501230714968,1.0024430395568151,0.0,0.0023323986104270998
Ganymede,0.6005482002161444,2458669.5891608815,-0.9599771977518685,-1.64278045296669,3.880000114440918,2.7007432500529736,0.9979615357572613,0.9980191722319585,0.9979615357572613,0.0,0.0023245012492140696
Ganymede,0.601128800213337,2458669.5897414815,-0.9491107457433827,-1.7322250083088875,3.7899999618530273,2.7008477708830103,0.999401337871935,0.9994587624057273,0.999401337871935,0.0,0.002326878489528219
Ganymede,0.6017079003155232,2458669.5903205816,-0.9250371952657588,-1.813290148973465,3.75,2.700952020893739,0.9974535229273142,0.9975105413397962,0.9974535229273142,0.0,0.0023249850808005966
Ganymede,0.6022872001864017,2458669.5908998814,-1.0424189393525012,-1.8607279099524021,4.150000095367432,2.7021258334543123,1.0012517836487935,1.0013056876586404,1.0012517836487935,0.0,0.0023321412335326037
Ganymede,0.6028650001622737,2458669.5914776814,-1.0566264775698073,-1.797684121876955,3.8399999141693115,2.7042058340041653,0.9974283497936167,0.9974761718273645,0.9974283497936167,0.0,0.002325424035919055
Ganymede,0.6034441002644599,2458669.5920567815,-0.8885496345465071,-1.8360240757465363,3.7899999618530273,2.7064071670640812,0.9982416029716298,0.9982832464923064,0.9982416029716298,0.0,0.002324749764910705
Ganymede,0.6040226005949081,2458669.592635282,-0.8699890368734486,-1.6711351573467255,3.890000104904175,2.7093226657404106,0.998891253930609,0.9989246902916872,0.998891253930609,0.0,0.0023224861912506892
Ganymede,0.6045996005646885,2458669.593212282,-0.8238359348033555,-1.7343668714165688,3.75,2.712231165862451,0.9994870183875421,0.9995122625082516,0.9994870183875421,0.0,0.002317648283860865
Ganymede,0.605178900435567,2458669.5937915817,-0.7817109556053765,-1.61524897813797,3.619999885559082,2.7071622485093623,1.0002671593772456,1.000306759829088,1.0002671593772456,0.0,0.0023166312090808086
Ganymede,0.6057563004083932,2458669.5943689817,-0.8007614587550052,-1.6628136821091175,4.050000190734863,2.699262995974004,0.9996728381031832,0.9997347484210799,0.9996728381031832,0.0,0.0023144703701411984
Ganymede,0.6063340002670885,2458669.5949466815,-0.7712148067657836,-1.677744739688933,3.6700000762939453,2.6901746247782086,1.0023022028528037,1.0023900553062128,1.0023022028528037,0.0,0.0023172134452626816
Ganymede,0.6069118002429605,2458669.5955244815,-0.7772115048137493,-1.5709675261750817,3.7699999809265137,2.678726032543121,0.9983931877386055,0.998513084008686,0.9983931877386055,0.0,0.0023053926995165964
Ganymede,0.6074903005734087,2458669.596102982,-0.7170726385083981,-1.5884920777752995,3.759999990463257,2.667261385291713,1.0001982114521142,1.0003508606913563,1.0001982114521142,0.0,0.0023076138936282873
Ganymede,0.6080681005492807,2458669.596680782,-0.7833570566144772,-1.4881431879475713,3.6700000762939453,2.6558127838296044,1.0017979837281672,1.0019834672357264,1.0017979837281672,0.0,0.0023120152531516105
Ganymede,0.6086460001766683,2458669.5972586814,-0.7463792774942704,-1.3161170901730657,4.139999866485596,2.644361894066319,1.000370811957267,1.0005886311198522,1.000370811957267,0.0,0.002309577662276257
Ganymede,0.6092231002636255,2458669.5978357815,-0.7721121262875386,-1.753643405623734,3.9000000953674316,2.632924771018177,1.0011110086319959,1.001361624759702,1.0011110086319959,0.0,0.0023085617973253856
Ganymede,0.6098017002455891,2458669.5984143815,-0.8799203734961338,-1.9375559659674764,3.9600000381469727,2.621460123766769,1.001121423538674,1.0014048107562055,1.001121423538674,0.0,0.0023053887574498327
Ganymede,0.6103802005760373,2458669.598992882,-0.8828713633702137,-2.0201254608109593,4.070000171661377,2.6099977648165384,0.9995075354139471,0.9998232304106046,0.9995075354139471,0.0,0.0022977709720837865
Ganymede,0.6109572005458177,2458669.599569882,-0.9987150990054943,-2.1466359021142125,3.9200000762939453,2.5985629300695727,0.997987985692601,0.9983358935863056,0.997987985692601,0.0,0.002292327763415987
Ganymede,0.6115364002995194,2458669.6001490816,-0.9726002533570863,-2.2463838877156377,4.170000076293945,2.5870868136312195,0.9946141209810784,0.9949936119949535,0.9946141209810784,0.0,0.00228593727500013
Ganymede,0.6121156005188824,2458669.600728282,-1.0336239543394186,-2.444174555130303,4.179999828338623,2.569302232000365,0.9996288470992852,1.0000614534403947,0.9996288470992852,0.0,0.002297951720024873
Ganymede,0.6126938004978002,2458669.6013064818,-1.0471346574486233,-2.773694750852883,4.260000228881836,2.548069239888742,0.9978461059975993,0.9983391975120234,0.9978461059975993,0.0,0.002295142575401118
Ganymede,0.6132716004736722,2458669.6018842817,-1.106499032175634,-2.8640680285170674,4.25,2.52887158089691,0.9922233957717085,0.9927689784739299,0.9922233957717085,0.0,0.0022807662166312087
Ganymede,0.6138500002212823,2458669.6024626815,-1.1730380664230324,-2.9236208023503423,4.539999961853027,2.515960080694236,1.0002894299028373,1.0008769940168323,1.0002894299028373,0.0,0.0022983855224554353
Ganymede,0.6144271003082395,2458669.6030397816,-1.0407183031202294,-2.805093859322369,4.170000076293945,2.5030795844722937,0.9974572330107836,0.9980805745137499,0.9974572330107836,0.0,0.002288948027864501
Ganymede,0.6150027005001903,2458669.6036153818,-1.0870081047178246,-3.057259892113507,4.190000057220459,2.490492437015702,0.9984287884115458,0.9990894156210666,0.9984287884115458,0.0,0.0022896551892890795
Ganymede,0.615581900253892,2458669.6041945815,-1.1393331150175072,-3.0597340029198676,4.329999923706055,2.47787479481946,0.9993019815842069,0.9999999726742511,0.9993019815842069,0.0,0.0022922301969901956
Ganymede,0.6161624005995692,2458669.604775082,-1.1331229690113105,-3.3304205995518714,4.150000095367432,2.474783471228817,0.9976849724051943,0.9983907262315597,0.9976849724051943,0.0,0.0022894322048201787
Ganymede,0.6167417004704476,2458669.6053543817,-1.2065127525129355,-3.377957818331197,3.890000104904175,2.483056196053096,0.9999061964833178,1.0005891797545043,0.9999061964833178,0.0,0.0022952260140530365
Ganymede,0.6173182003200055,2458669.6059308816,-1.108185994962696,-3.494213615776971,3.8299999237060547,2.4909301462322344,0.9996234224392818,1.0002830554385338,0.9996234224392818,0.0,0.0022933711982736135
Ganymede,0.6178951001726092,2458669.6065077814,-1.1649635728099383,-3.5936820704955608,3.7899999618530273,2.4889403360345885,0.9973303826149218,0.9979941951444427,0.9973303826149218,0.0,0.0022904698853382106
Ganymede,0.6184758002869786,2458669.6070884815,-1.2728736471035518,-3.7055073727387935,4.400000095367432,2.4869377521544167,1.002121270528015,1.0027940322913376,1.002121270528015,0.0,0.0023008230106105554
Ganymede,0.6190557003952564,2458669.6076683817,-1.2787294909940101,-3.620876205386594,3.799999952316284,2.48493756273749,0.9994813689297961,1.000158099566096,0.9994813689297961,0.0,0.002294802805243193
Ganymede,0.619636300392449,2458669.6082489816,-1.2427286096499301,-3.720911477925256,4.110000133514404,2.4829353771315534,0.9994752476746827,1.0001577242098183,0.9994752476746827,0.0,0.002294720440432376
Ganymede,0.6202147001400591,2458669.6088273814,-1.2156172264949419,-3.7154824116732925,4.03000020980835,2.4809403781272388,1.002002203430123,1.0026921522406664,1.002002203430123,0.0,0.0022998358885434225
Ganymede,0.6207918002270163,2458669.6094044815,-1.1397237871424295,-3.885054318001494,3.7799999713897705,2.4789501680494133,1.0011761662649987,1.001871277364061,1.0011761662649987,0.0,0.00229831231000477
Ganymede,0.6213709003292025,2458669.6099835816,-1.2318240646854974,-3.8173021578695625,3.9800000190734863,2.4769527729759098,1.001559181228357,1.0022603160433357,1.001559181228357,0.0,0.002301732494443627
Ganymede,0.6219473005272449,2458669.610559982,-1.122201310528908,-3.818998657981865,4.190000057220459,2.4749649573613284,0.9969296429798971,0.9976332433066709,0.9969296429798971,0.0,0.0022954226811127717
Ganymede,0.6225272001698614,2458669.6111398814,-1.1186971616116352,-4.002064400236122,4.349999904632568,2.472964767944401,1.0013157353526412,1.0020282029598173,1.0013157353526412,0.0,0.0023076794243496322
Ganymede,0.6231081005185843,2458669.611720782,-1.1249802543898113,-3.9528987117810175,4.480000019073486,2.470321289458887,0.9964385395959617,0.9971551564736462,0.9964385395959617,0.0,0.0022917839061772985
Ganymede,0.6236874003894628,2458669.6123000816,-1.1020263194222935,-3.9842812948627397,4.53000020980835,2.467092256192901,1.0005032249886183,1.0012321313164267,1.0005032249886183,0.0,0.0022951699814876343
Ganymede,0.6242651002481581,2458669.6128777815,-0.873059427656699,-4.228273340384476,4.5,2.4639828447260763,0.9983571169742228,0.9990934599340366,0.9983571169742228,0.0,0.002288666287221799
Ganymede,0.6248465002514423,2458669.6134591815,-0.7895006298203953,-4.185528845409863,4.329999923706055,2.4635498275350782,0.9974692915421667,0.998206178096439,0.9974692915421667,0.0,0.002289036205664827
Ganymede,0.6254235002212227,2458669.6140361815,-0.8009636321221478,-4.050830737571232,4.730000019073486,2.463119999861265,1.0013104328977083,1.0020513560412667,1.0013104328977083,0.0,0.0022988392684451355
Ganymede,0.6260013001970948,2458669.6146139815,-0.5504457571660168,-4.138425835291855,4.289999961853027,2.458799995775522,1.0012127428958937,1.0019661723425353,1.0012127428958937,0.0,0.0023004271024450445
Ganymede,0.6265810005366803,2458669.615193682,-0.49155170406447724,-3.8845429205102846,3.9600000381469727,2.452956167352362,0.9964374839287721,0.9972042761311769,0.9964374839287721,0.0,0.0022945506131051806
Ganymede,0.6271589001640678,2458669.6157715814,-0.519798060238827,-4.015607603709213,4.010000228881836,2.4491654957632596,0.9979519772927303,0.998730937433183,0.9979519772927303,0.0,0.0023006462037133005
Ganymede,0.6277372002601624,2458669.6163498815,-0.5016943154041655,-4.067108859191649,3.759999990463257,2.4496817147462338,0.9986586180930829,0.9994365859182963,0.9986586180930829,0.0,0.0022995935759696474
Ganymede,0.6283150002360345,2458669.6169276815,-0.3975306016509421,-4.159529392491095,3.6600000858306885,2.4501974175147976,0.9991651733672378,0.9999419984708637,0.9991651733672378,0.0,0.0023060051042065547
Ganymede,0.6288913003169001,2458669.6175039816,-0.33547832566546276,-4.259462644229643,3.619999885559082,2.4507118800387535,0.99969537509316,1.0004710836201345,0.99969537509316,0.0,0.0023129087590543097
Ganymede,0.629469800181687,2458669.6180824814,-0.36862428236054257,-4.42445086396765,3.5199999809265137,2.451228202513989,1.003582942519225,1.004360133255509,1.003582942519225,0.0,0.002321577067229782
Ganymede,0.6300523005425931,2458669.618664982,-0.34963584068464115,-4.535348792443983,3.7100000381469727,2.45174814056826,0.995945697064847,0.9967154458794054,0.995945697064847,0.0,0.002303741616081654
Ganymede,0.6306249004788698,2458669.6192375817,-0.2914040510659106,-4.83642755902838,3.7200000286102295,2.4522592975743325,0.9954953030434166,0.9962632081320771,0.9954953030434166,0.0,0.002302985366822333
Ganymede,0.631202000565827,2458669.619814682,-0.29785515257390216,-4.798314065556042,3.549999952316284,2.4527743802205926,0.9994220089372612,1.0001914356991046,0.9994220089372612,0.0,0.0023123402766790594
Ganymede,0.6317804003134371,2458669.6203930816,-0.22461824008496478,-5.014404029469006,3.7100000381469727,2.453290702695828,0.9997145102433681,1.000482656461704,0.9997145102433681,0.0,0.002310003692516768
Ganymede,0.6323575004003943,2458669.6209701817,-0.14171441533835605,-4.99717094830703,3.8499999046325684,2.453805785342088,0.9965815177544515,0.9973457648676907,0.9965815177544515,0.0,0.0022992213395834253
Ganymede,0.6329353003762663,2458669.6215479816,-0.0800133075681515,-5.155888506094925,3.8399999141693115,2.4638546698602837,0.9989919134014846,0.9997287127305804,0.9989919134014846,0.0,0.002299844418472051
Ganymede,0.633515900373459,2458669.6221285816,-0.10425982699962333,-5.251913302461617,4.039999961853027,2.4797418360258243,0.998938808548035,0.9996292464244515,0.998938808548035,0.0,0.0022965622266219988
Ganymede,0.6340950004756452,2458669.6227076817,-0.028920509677845985,-5.331396997789852,3.75,2.4873735777585853,0.9982839980274545,0.9989517545488843,0.9982839980274545,0.0,0.0022888222004858196
Ganymede,0.6346730002202094,2458669.6232856815,-0.07460469083162025,-5.548349589924328,3.740000009536743,2.466981416984285,0.9959328707229654,0.996658389204114,0.9959328707229654,0.0,0.0022820578525376547
Ganymede,0.6352537003345788,2458669.6238663816,-0.17347077355952933,-5.343667165259831,4.190000057220459,2.4464953178686093,0.9991333923403305,0.9999210424930219,0.9991333923403305,0.0,0.002291175759241139
Ganymede,0.6358350002206863,2458669.6244476815,0.011447764176409692,-5.264333025435917,3.700000047683716,2.437397307963693,1.0005145392076265,1.001329901903821,1.0005145392076265,0.0,0.0022927295451309546
Ganymede,0.6364158004522324,2458669.6250284817,-0.039313682180363685,-5.261660752468742,4.050000190734863,2.430650415297247,1.0029567088584947,1.0037938743690986,1.0029567088584947,0.0,0.0022970070762014824
Ganymede,0.6369960004463793,2458669.6256086817,-0.1829785339650698,-5.22225747036282,4.110000133514404,2.427949588225593,1.0012357846001307,1.0020794695294202,1.0012357846001307,0.0,0.0022895403746612847
Ganymede,0.6375744001939894,2458669.6261870814,-0.25779107288690284,-5.352231552475132,4.050000190734863,2.4300148759489697,1.0028717470797945,1.0037108234125156,1.0028717470797945,0.0,0.002295094465413563
Ganymede,0.638153000175953,2458669.6267656814,-0.3944171227631159,-5.124580090516247,4.309999942779541,2.4319350006839633,1.0009867893503623,1.0018187424892528,1.0009867893503623,0.0,0.0022925083245093295
Ganymede,0.6387300001457334,2458669.6273426814,-0.2809430889901705,-5.003572826855816,4.230000019073486,2.4302730006142257,0.999614565195129,1.0004503064556596,0.999614565195129,0.0,0.0022889389501033336
Ganymede,0.6393078005872668,2458669.627920482,-0.17505327687831596,-5.27280182170216,4.099999904632568,2.428608999616444,1.0016471669719111,1.0024895595546706,1.0016471669719111,0.0,0.0022915683036249827
Ganymede,0.6398883004672826,2458669.6285009817,-0.39360635803313926,-5.2445789478952065,4.380000114440918,2.426937000270903,0.9975517165260351,0.9983956272751071,0.9975517165260351,0.0,0.002281871618508312
Ganymede,0.6404687002301217,2458669.6290813815,-0.03746642993064597,-5.503013779991306,4.130000114440918,2.4252653335192997,0.9973080364889038,0.9981567076349285,0.9973080364889038,0.0,0.0022797528977397323
Ganymede,0.6410415004007519,2458669.6296541817,-0.21956826077075675,-5.5441251039737836,4.159999847412109,2.423615666247348,0.9997520054621615,1.0006076788437033,0.9997520054621615,0.0,0.0022835403986503928
Ganymede,0.6416186004877091,2458669.6302312817,-0.2929767452296801,-5.539148370386101,4.420000076293945,2.4219536661776107,1.000367313983205,1.0012284841977568,1.000367313983205,0.0,0.0022835554412617316
Ganymede,0.6421992004849018,2458669.6308118817,-0.36146941111655906,-5.580149794579484,4.599999904632568,2.4202813328970274,1.0012303028494183,1.0020972289284233,1.0012303028494183,0.0,0.00228757020849559
Ganymede,0.6427813003771008,2458669.6313939816,-0.07784979866119102,-5.7278826186666265,4.989999771118164,2.41860499910146,0.9986740383931635,0.9995437702186966,0.9986740383931635,0.0,0.0022858704465249288
Ganymede,0.6433597005903722,2458669.631972382,-0.060129628342110664,-5.458411658764817,4.510000228881836,2.4169389998578428,0.9995964516640348,1.000471989105581,0.9995964516640348,0.0,0.0022865077413055336
Ganymede,0.643942200485617,2458669.6325548817,-0.13132308499189094,-5.027795697213151,4.309999942779541,2.4062126623071824,0.9984003380641007,0.9993063064502675,0.9984003380641007,0.0,0.0022830358290881194
Ganymede,0.644520000461489,2458669.6331326817,-0.052727610629517585,-4.9955662625143304,3.9700000286102295,2.3841646490865736,1.0162239740950716,1.0172118885714654,1.0162239740950716,0.0,0.002324779330343133
Ganymede,0.6450984002090991,2458669.6337110815,-0.18448464648099616,-5.014520254568197,4.179999828338623,2.3625364963050903,1.0023900085347581,1.0034282135061665,1.0023900085347581,0.0,0.002294478618732893
Ganymede,0.6456755002960564,2458669.6342881816,-0.16632084624143317,-5.0624300396302715,4.519999980926514,2.3513179995956572,0.9978237645801163,0.9988902897103753,0.9978237645801163,0.0,0.0022855942064748482
Ganymede,0.6462532001547516,2458669.6348658814,-0.12340862752171233,-5.00621601997409,4.329999923706055,2.3400859966264522,1.001232666995546,1.002336084560067,1.001232666995546,0.0,0.0022949475041159264
Ganymede,0.6468303002417088,2458669.6354429815,-0.3377912759897299,-5.0025038259336725,4.139999866485596,2.330188331317206,1.0002298421065787,1.0013615054947584,1.0002298421065787,0.0,0.002293385009640212
Ganymede,0.647411400359124,2458669.6360240816,-0.33708714408567175,-5.084987601847388,4.050000190734863,2.320983166455219,1.0006802069328828,1.0018397862761674,1.0006802069328828,0.0,0.002295494610376281
Ganymede,0.6479900003410877,2458669.6366026816,-0.3159449910162948,-5.036117898882367,4.460000038146973,2.317324998875839,0.9991877005752853,1.0003565921522313,0.9991877005752853,0.0,0.0022968515969947266
Ganymede,0.6485669001936913,2458669.6371795814,-0.20708876004209742,-4.977626173407771,4.260000228881836,2.3312536815009732,0.9989207229829782,1.000048494312393,0.9989207229829782,0.0,0.0023007356043422264
Ganymede,0.6491433003917337,2458669.6377559816,-0.4018430178402923,-4.952042874530889,4.050000190734863,2.3451683795614318,0.9993948073290725,1.0004824374389476,0.9993948073290725,0.0,0.0023040403126746547
Ganymede,0.6497232005000115,2458669.6383358818,-0.13912052562227473,-5.186226156190969,4.360000133514404,2.359169705479922,1.0025919492567088,1.0036420236979966,1.0025919492567088,0.0,0.0023105496832000207
Ganymede,0.6503039001487196,2458669.6389165814,0.00416077027330175,-5.112924468354322,4.449999809265137,2.3731877926411227,0.9998800734314377,1.0008863541882118,0.9998800734314377,0.0,0.0023027067828339394
Ganymede,0.650886600278318,2458669.6394992815,-0.1556199108599685,-5.117831178125925,3.819999933242798,2.387256174772066,1.00226890181646,1.0032364028181309,1.00226890181646,0.0,0.0023097431803257287
Ganymede,0.6514657003805042,2458669.6400783816,-0.20891903614392504,-5.228044182178564,4.03000020980835,2.4012379402865887,0.9985571808492963,0.9994803308878426,0.9985571808492963,0.0,0.0023044775751598157
Ganymede,0.6520428004674614,2458669.6406554817,-0.36072826659074053,-5.021033898112364,3.619999885559082,2.4151694108313686,0.9979543462731666,0.9988363484233285,0.9979543462731666,0.0,0.0023052260312934275
Ganymede,0.6526213003322483,2458669.6412339816,-0.26469517027726397,-4.8955728561850265,3.9100000858306885,2.429134415103181,1.0003684228171403,1.0012117718942355,1.0003684228171403,0.0,0.0023105612045981024
Ganymede,0.6531983003020287,2458669.6418109816,-0.38563373213401064,-4.871220585075207,4.019999980926514,2.4430658856479615,1.0021917325129546,1.0029958528294964,1.0021917325129546,0.0,0.0023158967601013
Ganymede,0.6537768001668156,2458669.6423894814,-0.15945152466883883,-5.02424361940939,3.7799999713897705,2.4589666762332127,0.998282799718075,0.9990373956488446,0.998282799718075,0.0,0.0023098683414409463
Ganymede,0.6543536003679038,2458669.6429662816,-0.40255736833205447,-4.873207580414601,4.21999979019165,2.475580011640788,1.0004635980080807,1.001171242726169,1.0004635980080807,0.0,0.0023183985479157893
Ganymede,0.6549300005659462,2458669.643542682,-0.3431991217075847,-4.999299150076695,4.119999885559082,2.4890720012230876,1.0017946007123666,1.0024636848748392,1.0017946007123666,0.0,0.0023212812717021115
Ganymede,0.6555070005357266,2458669.644119682,-0.4597827968536876,-4.8832463511498645,3.990000009536743,2.495720001502037,1.0001699002159798,1.0008185568093353,1.0001699002159798,0.0,0.0023169223878865236
Ganymede,0.6560862002894283,2458669.6446988815,-0.16664125298848376,-5.011741314199753,4.159999847412109,2.502392002188683,0.9984759888848479,0.9991041592201999,0.9984759888848479,0.0,0.0023145669771212954
Ganymede,0.6566646005026997,2458669.6452772818,-0.29764116083970293,-4.853024009731598,3.8399999141693115,2.502242999687858,1.0019868005056685,1.0026178122898661,1.0019868005056685,0.0,0.0023238836263185666
Ganymede,0.6572424004785717,2458669.6458550817,-0.34775805001845583,-4.699339870479889,4.599999904632568,2.501411000138469,1.003705894752962,1.0043406432765898,1.003705894752962,0.0,0.0023300169469578414
Ganymede,0.6578236002475024,2458669.6464362815,-0.3010556278168224,-4.647407982614823,4.559999942779541,2.494403871985921,1.0051589987901681,1.0058155953580286,1.0051589987901681,0.0,0.0023366859623905703
Ganymede,0.6584020004607738,2458669.6470146817,-0.10645462846150622,-4.5806494244607165,4.260000228881836,2.4815058007109583,1.002125427672224,1.0028182988037504,1.002125427672224,0.0,0.0023302004310786304
Ganymede,0.6589812002144755,2458669.6475938815,-0.2705385265289806,-4.661067176726647,4.159999847412109,2.4687278089744233,1.0028257259329818,1.0035570402733835,1.0028257259329818,0.0,0.0023345057151359224
Ganymede,0.6595597005449236,2458669.648172382,-0.28427239501615986,-4.287155587342568,5.119999885559082,2.460116087472923,0.9998876393122892,1.0006424238279477,0.9998876393122892,0.0,0.002329222075325471
Ganymede,0.6601396001875401,2458669.6487522814,-0.27711083641042933,-4.397901866701432,4.840000152587891,2.4514854168406437,1.005538859077768,1.0063237503022535,1.005538859077768,0.0,0.00234584849593577
Ganymede,0.6607202001847328,2458669.6493328814,-0.13630003383150324,-4.554347533849068,4.170000076293945,2.44284268641043,1.0030097273175922,1.0038184833541304,1.0030097273175922,0.0,0.002342439836300887
Ganymede,0.6612997002899648,2458669.6499123815,-0.3223790740012191,-4.448147062328644,3.8299999237060547,2.4342171793123244,1.0004371719450973,1.0012696083511696,1.0004371719450973,0.0,0.0023323754185396164
Ganymede,0.661876800376922,2458669.6504894816,-0.27124074002495036,-4.569443296757527,4.630000114440918,2.4256278516080236,1.0041672884887873,1.0050286049159962,1.0041672884887873,0.0,0.002335887486034785
Ganymede,0.6624559004791082,2458669.6510685817,-0.2923735444783233,-4.514234259841032,4.510000228881836,2.4170075149750097,0.998976617998383,0.9998592513769812,0.998976617998383,0.0,0.0023162587544923855
Ganymede,0.6630316003225745,2458669.6516442816,-0.43503799190511927,-4.441511228797026,4.78000020980835,2.4084388622001573,1.0014034896263047,1.0023139865288162,1.0014034896263047,0.0,0.0023173706161026915
Ganymede,0.6636122003197671,2458669.6522248816,-0.437877319927793,-4.320661209640093,4.75,2.3997961317699437,0.9992743570130714,1.0002088415802415,0.9992743570130714,0.0,0.0023134384878117933
Ganymede,0.6641929004341365,2458669.6528055817,-0.40525193157372996,-4.330878462758847,4.409999847412109,2.3911534013397295,0.9996273542952385,1.0005881444109013,0.9996273542952385,0.0,0.002315692869735259
Ganymede,0.6647740005515517,2458669.653386682,-0.44976909848628566,-4.264557551709004,4.190000057220459,2.386347499192823,1.0007526665488427,1.0017291990736161,1.0007526665488427,0.0,0.002320791460754909
Ganymede,0.6653532003052534,2458669.6539658816,-0.43168073723791167,-4.4807277583749965,4.21999979019165,2.3850962500381376,1.0017550783767113,1.0027367195303136,1.0017550783767113,0.0,0.002326043783796026
Ganymede,0.6659317001700402,2458669.6545443814,-0.4121734147774987,-4.446547098574229,4.130000114440918,2.383166319642369,1.0028089098688435,1.0037977508414222,1.0028089098688435,0.0,0.002328480279500483
Ganymede,0.6665101003833116,2458669.6551227816,-0.38335521350381896,-4.4013976455898955,4.360000133514404,2.376369035798166,0.9990727905514811,1.0000785585574137,0.9990727905514811,0.0,0.00231701478229067
Ganymede,0.6670893001370133,2458669.6557019814,-0.35456699709175155,-4.607788607594557,4.599999904632568,2.369563599109206,1.0015813465552947,1.002610364343274,1.0015813465552947,0.0,0.002320300824975574
Ganymede,0.6676679005846382,2458669.656280582,-0.34824622300220653,-4.627671010908671,4.5,2.3641215094385553,1.0052439161461115,1.0062934546974893,1.0052439161461115,0.0,0.0023258859129492607
Ganymede,0.6682469005696476,2458669.656859582,-0.2513064506347291,-4.422110147890635,4.119999885559082,2.3594968905544125,1.0050461515596536,1.0061098221533509,1.0050461515596536,0.0,0.002325128601984184
Ganymede,0.6688246004283429,2458669.6574372817,-0.3292691993410699,-4.230438135680743,4.769999980926514,2.35498403555933,1.002807527129351,1.0038828286250465,1.002807527129351,0.0,0.002322407231548158
Ganymede,0.6694025005213917,2458669.658015182,-0.3353019102360122,-4.313618712243624,4.53000020980835,2.3507882367777517,1.0021301185393452,1.0032177627022592,1.0021301185393452,0.0,0.002320314133147545
Ganymede,0.669978800136596,2458669.6585914814,0.03150552074657753,-4.190812386688776,3.8499999046325684,2.3466042036526953,1.001055684104671,1.0021552094438297,1.001055684104671,0.0,0.0023135448334118684
Ganymede,0.6705572003498674,2458669.6591698816,-0.02314813871635124,-4.185996666667052,4.099999904632568,2.3424042023679394,1.003062752317492,1.0041776327419087,1.003062752317492,0.0,0.0023191505878385975
Ganymede,0.6711350003257395,2458669.6597476816,-0.1416583998943679,-4.2298487277003005,4.510000228881836,2.338209245439371,1.002362417564142,1.0034896744163073,1.002362417564142,0.0,0.0023209098527726194
Ganymede,0.6717162005603314,2458669.660328882,-0.04392574419034645,-4.112615451333113,4.769999980926514,2.3339890768726748,1.0026100511698397,1.0037508540953493,1.0026100511698397,0.0,0.0023212323059989583
Ganymede,0.6722953001968563,2458669.6609079815,-0.05205903731985018,-4.1529679709346965,4.550000190734863,2.329784034612668,,1.0035391054998122,,0.0,0.002319868055663174
Ganymede,0.7222953001968564,2458670.4665625817,2.4430652528535575,-2.169661459774943,2.890000104904175,1.5334708957095582,1.00098147548583,1.0023699098729233,1.00098147548583,0.0,0.0033478905810507744
Ganymede,0.7228708999231459,2458670.4671381814,2.1521774798166007,-2.070889977068873,2.7899999618530273,1.555,1.0007442021062527,1.0020274283564818,1.0007442021062527,0.0,0.00330143605244972
Ganymede,0.7234450002200903,2458670.4677122817,1.9096307426225394,-2.1010610547673423,2.9700000286102295,1.555,1.0005576657049078,1.0018312303437347,1.0005576657049078,0.0,0.0032537969707919995
Ganymede,0.7240192001685501,2458670.4682864817,1.7348159819375724,-1.945498177112313,3.0399999618530273,1.555,1.0011015394889948,1.002366311964619,1.0011015394889948,0.0,0.0032228411080174268
Ganymede,0.7245955002494158,2458670.4688627818,1.551318374229595,-1.7509307351720054,3.119999885559082,1.5322997402280414,0.9978543727011007,0.9992041720767874,0.9978543727011007,0.0,0.0031862064956907623
Ganymede,0.7251696000806989,2458670.4694368816,1.3848789453040808,-1.7439577726472635,3.2799999713897705,1.5079081601520277,0.999937438936935,1.0013864187728614,0.999937438936935,0.0,0.00317019088120453
Ganymede,0.7257515002042056,2458670.4700187817,1.334501576377079,-1.5103235540736932,2.9800000190734863,1.4966461159021887,0.9991720287468799,1.0006584672449839,0.9991720287468799,0.0,0.003139443882737368
Ganymede,0.7263264000415803,2458670.4705936816,1.18053447897546,-1.3716650454152841,2.990000009536743,1.4978776039837456,0.9975115074813992,0.9989793365201012,0.9975115074813992,0.0,0.003118247846133525
Ganymede,0.7269005999900402,2458670.4711678815,1.2249335579108447,-1.2378802595485467,2.9600000381469727,1.4991076037717734,0.9930144620183547,0.9944594743853251,0.9930144620183547,0.0,0.0030895947074348865
Ganymede,0.7274790002033116,2458670.4717462817,1.1817410744260997,-1.0945350078691263,2.799999952316284,1.500346777712339,0.9986007313231637,1.0000375271804338,0.9986007313231637,0.0,0.003090899942073798
Ganymede,0.7280532001517714,2458670.4723204817,1.0494342751335353,-0.9252714363683481,3.0399999618530273,1.5015767775003668,0.9976940731593691,0.9991131471028777,0.9976940731593691,0.0,0.003071318136562483
Ganymede,0.7286280003376306,2458670.472895282,0.989018828375265,-0.6456544844259042,2.9700000286102295,1.5028082645844079,0.995060143322935,0.9964589835547186,0.995060143322935,0.0,0.00304644632242036
Ganymede,0.7292076000943781,2458670.4734748816,1.07230928610079,-0.6167792303313036,3.2899999618530273,1.5040499173516622,1.0004618611176348,1.0018514442143371,1.0004618611176348,0.0,0.0030509916418069404
Ganymede,0.7297824999317528,2458670.4740497814,1.0147149569820613,-0.7757545335043687,3.0,1.505281405433219,1.0003360061258868,1.0017085317829846,1.0003360061258868,0.0,0.003038292805008583
Ganymede,0.7303581001237036,2458670.4746253816,1.0483530841302127,-0.6439282817591447,2.9600000381469727,1.506514380810789,0.997854526327781,0.9992066399361689,0.997854526327781,0.0,0.0030258922419150046
Ganymede,0.7309329003095628,2458670.475200182,1.0085578120779246,-0.6497070773330051,2.9000000953674316,1.5077458678948303,1.0023258316189003,1.0036667463198534,1.0023258316189003,0.0,0.0030379690777470143
Ganymede,0.7315085000358523,2458670.4757757816,0.9599953375291079,-0.43905949432519265,3.009999990463257,1.5001039972963333,0.9992319569788564,1.0005883167080074,0.9992319569788564,0.0,0.00302046808283068
Ganymede,0.7320869002491237,2458670.4763541818,0.8649376935791224,-0.1754061265673954,3.109999895095825,1.4901079937880035,0.9979890387733995,0.999372707344169,0.9979890387733995,0.0,0.0030109125429974696
Ganymede,0.7326616999693216,2458670.4769289815,0.787772775394842,0.03749895255896263,3.069999933242798,1.4855933356512083,1.0022484126030855,1.0036437108347713,1.0022484126030855,0.0,0.003018540448317835
Ganymede,0.7332372000440956,2458670.4775044816,0.6741916991304606,-9.598422911949456e-05,2.8299999237060547,1.4897375016638073,1.0001244120586892,1.0014861401623478,1.0001244120586892,0.0,0.002998684992436249
Ganymede,0.7338121999986471,2458670.4780794815,0.6941091183107346,0.21010773789021187,3.1500000953674316,1.4938775001952982,0.9994556309161594,1.0007857975724865,0.9994556309161594,0.0,0.0029928751633192673
Ganymede,0.7343862001784147,2458670.4786534817,0.6968536805361509,0.23802974421414547,3.2899999618530273,1.5060325043518843,1.002580506641883,1.003850999948425,1.002580506641883,0.0,0.003000855094943853
Ganymede,0.7349604001268746,2458670.4792276816,0.7612398695200682,0.1923848089936655,3.4600000381469727,1.5184350026956202,0.9991787678865727,1.0003806318953956,0.9991787678865727,0.0,0.002981705041909406
Ganymede,0.7355360003188254,2458670.479803282,0.782323706895113,0.35506565842661075,3.4800000190734863,1.525846723923941,0.9963352172315201,0.997490008764144,0.9963352172315201,0.0,0.0029611495565188147
Ganymede,0.7361106999218465,2458670.4803779814,0.8371051214635372,0.3582126921683084,3.740000009536743,1.5291852113811764,0.9994559512032075,1.0005871514599571,0.9994559512032075,0.0,0.0029632843598952577
Ganymede,0.7366856002248825,2458670.4809528817,0.8129267953336239,0.1569747156172525,3.390000104904175,1.5314162163789842,0.9999339071628169,1.0010429724350687,0.9999339071628169,0.0,0.0029624492305744517
Ganymede,0.7372597000561656,2458670.4815269816,0.8603727631270885,0.3888482129841577,3.0999999046325684,1.5277032025909802,1.0002471442487328,1.0013578611582372,1.0002471442487328,0.0,0.0029537602980056975
Ganymede,0.7378337998874487,2458670.4821010814,0.802324503660202,0.5628688013821375,3.440000057220459,1.523990935583489,0.9972127878167285,0.9983215749820152,0.9972127878167285,0.0,0.002944863967339641
Ganymede,0.7384079001843931,2458670.4826751817,0.637433335185051,0.4996154582768213,3.5299999713897705,1.5202779217954852,0.9956897028451377,0.996798423479009,0.9956897028451377,0.0,0.0029290827913136274
Ganymede,0.7389828000217677,2458670.4832500815,0.48971547186374664,0.8160200393467676,3.359999895095825,1.5165604152795575,1.0022103929939525,1.0033282607828902,1.0022103929939525,0.0,0.0029358601275770333
Ganymede,0.739558199979365,2458670.4838254815,0.4439810812473297,0.647001189616276,3.0299999713897705,1.5128391688386424,1.0015389264150842,1.0026582553250296,1.0015389264150842,0.0,0.00292842918667815
Ganymede,0.7401323999278249,2458670.4843996814,0.5436633676290512,0.6957743144303095,2.940000057220459,1.5091261550506385,1.0024641369445857,1.0035869447339583,1.0024641369445857,0.0,0.002930715838543725
Ganymede,0.740710900258273,2458670.484978182,0.5325717488303781,0.5953391841321718,2.940000057220459,1.505385447148215,1.0007040114417325,1.0018278597541843,1.0007040114417325,0.0,0.0029200668084331427
Ganymede,0.7412850000895561,2458670.4855522816,0.4952408606186509,0.7398027381568681,2.9000000953674316,1.5016724333602112,1.0032412618439281,1.0043712795352346,1.0032412618439281,0.0,0.0029271895398755546
Ganymede,0.7418606002815069,2458670.486127882,0.42800403479486704,0.762441299360944,3.059999942779541,1.4979504371275716,0.9978711056738174,0.9989988920173537,0.9978711056738174,0.0,0.00291186902072733
Ganymede,0.7424354000017048,2458670.4867026815,0.5902090603485703,0.8458363408863079,2.9000000953674316,1.502886253543869,1.0037681055307401,1.0048720141384864,1.0037681055307401,0.0,0.0029206414536214744
Ganymede,0.7430098001845182,2458670.4872770817,0.5645118663087487,1.0530079151212703,2.8299999237060547,1.5173616670734684,0.9992627768395221,1.0002940367997273,0.9992627768395221,0.0,0.0028993087816647166
Ganymede,0.7435840001329781,2458670.4878512817,0.5492750620469451,0.9826670358597767,2.809999942779541,1.5298743718643932,1.0024105413687567,1.0033860331626565,1.0024105413687567,0.0,0.0029082172999551725
Ganymede,0.744158200081438,2458670.4884254816,0.3997044777497649,1.0190617884218227,2.8499999046325684,1.5102805098180685,1.0072693938593666,1.0083190046079202,1.0072693938593666,0.0,0.002926757759625601
Ganymede,0.7447330002672972,2458670.489000282,0.23366815503686666,1.1718999291479122,3.109999895095825,1.4906629392976647,1.001534787582173,1.0026485381880639,1.001534787582173,0.0,0.002912253956462584
Ganymede,0.745307200215757,2458670.4895744817,0.25390940997749567,1.2434210250794422,3.240000009536743,1.4859098331800003,0.9974798049866944,0.9986003974682318,0.9974798049866944,0.0,0.0028960024970892664
Ganymede,0.7458899999968709,2458670.4901572815,0.2095188433304429,1.194818391901208,3.2699999809265137,1.4888475009857118,0.9968514982732511,0.9979527480837442,0.9968514982732511,0.0,0.0028878809226282154
Ganymede,0.7464647000655533,2458670.4907319816,0.1635690601542592,1.1875071157410275,3.0,1.4921663202657895,1.0033440902965658,1.0044331089644736,1.0033440902965658,0.0,0.0029103103822959984
Ganymede,0.7470395002514125,2458670.491306782,0.1593971005640924,0.9645924051001202,2.549999952316284,1.496709939340812,0.9997125104435363,1.0007741651763926,0.9997125104435363,0.0,0.002899843165817258
Ganymede,0.7476173002272846,2458670.4918845817,0.10344614600762725,0.937201247055782,2.490000009536743,1.5012764245540897,1.0006143025437253,1.0016542604153824,1.0006143025437253,0.0,0.0029031258605803968
Ganymede,0.7481914000585677,2458670.4924586816,0.11672320449724793,0.8836136837198865,2.5299999713897705,1.5058145525172055,0.9996380912296211,1.0006553734218013,0.9996380912296211,0.0,0.0028958597567101687
Ganymede,0.7487670002505185,2458670.493034282,0.06644619861617684,0.7590739805891644,2.4800000190734863,1.510363659023765,1.0023088084198797,1.0033079354911443,1.0023088084198797,0.0,0.0028996406460582306
Ganymede,0.7493470000103117,2458670.4936142815,0.05049883993342519,0.6505264495208394,2.4200000762939453,1.5149475266241303,0.9926406739491876,0.9936102367683732,0.9926406739491876,0.0,0.00286822156684408
Ganymede,0.7499218001961709,2458670.4941890817,0.00029297592118382454,0.5810956810310017,2.450000047683716,1.5194911456991531,0.9978355208047823,0.9987912085215508,0.9978355208047823,0.0,0.0028857141846143483
Ganymede,0.7504973999224605,2458670.4947646814,-0.00029297592118382454,0.7288052891090047,2.509999990463257,1.5240402485253426,1.0030763248242125,1.004018749819316,1.0030763248242125,0.0,0.002905795451874504
Ganymede,0.7510722001083197,2458670.4953394816,-0.03176086815074086,0.7206949717074167,2.4600000381469727,1.5285838676003654,1.0037933869701419,1.0047190389192648,1.0037933869701419,0.0,0.0029059973206499506
Ganymede,0.7516464000567795,2458670.4959136816,-0.11275728465989232,0.7024001455574762,2.5199999809265137,1.5331219955634814,0.9996353292469365,1.0005405742463735,0.9996353292469365,0.0,0.002886923982453073
Ganymede,0.7522255001589657,2458670.4964927817,-0.13527879351750016,0.8285957998305093,2.5799999237060547,1.542869333497842,0.9990947357802642,0.9999634206601943,0.9990947357802642,0.0,0.0028798071540404643
Ganymede,0.752801200002432,2458670.4970684815,-0.07118874276056886,0.9109680032997858,2.7300000190734863,1.556133340664705,0.9954777078236666,0.9962945029131539,0.9954777078236666,0.0,0.002871236843690566
Ganymede,0.753376400191337,2458670.4976436817,-0.11483380803838372,1.0352578214078676,3.0,1.5714374058620693,0.999585586018889,1.000349727203704,0.999585586018889,0.0,0.002880221412695245
Ganymede,0.7539513000287117,2458670.4982185815,-0.15546841407194734,0.8989477059512865,3.2799999713897705,1.5960636978444167,0.9995992840134348,1.000272587908479,0.9995992840134348,0.0,0.002870532865211633
Ganymede,0.7545254003256561,2458670.498792682,-0.28096904838457704,0.9490327401726972,3.7300000190734863,1.620660268020303,0.9979038050832049,0.998486560367932,0.9979038050832049,0.0,0.002866358945148095
Ganymede,0.7550996002741159,2458670.499366882,-0.22130933636799455,0.9180745477497112,3.4100000858306885,1.6301728954327406,0.9932736991061081,0.9938223107585692,0.9932736991061081,0.0,0.002853053956665973
Ganymede,0.7556745001114906,2458670.4999417816,-0.0750730955041945,1.0268025169789325,3.180000066757202,1.6355093399071845,0.9975365521838552,0.9980720921537534,0.9975365521838552,0.0,0.0028590639959619906
Ganymede,0.7562493002973498,2458670.500516582,-0.15710158133879304,1.14662598024006,3.2699999809265137,1.6416231255055722,1.0001647994099396,1.0006836801920793,1.0001647994099396,0.0,0.002863469184530758
Ganymede,0.7568238001316787,2458670.5010910816,-0.17664610827341676,1.193556423735572,3.0999999046325684,1.6492023875799506,0.9987567128534107,0.999251665517909,0.9987567128534107,0.0,0.0028505323739051723
Ganymede,0.7574016001075508,2458670.5016688816,-0.16860064445063472,1.1894380203157198,3.0199999809265137,1.6568243986412272,1.0018526114914246,1.002325915669718,1.0018526114914246,0.0,0.002858055745384737
Ganymede,0.7579764999449254,2458670.5022437815,-0.09722502855584025,1.3622001460462343,2.930000066757202,1.664408243377515,1.0038973540685807,1.0043487891870955,1.0038973540685807,0.0,0.002857591894005844
Ganymede,0.7585521001368762,2458670.5028193817,-0.16475510923191905,1.4734540483623277,3.1700000762939453,1.6720027707532932,0.9978785194684098,0.9983046974692271,0.9978785194684098,0.0,0.002837092914410262
Ganymede,0.7591264002025129,2458670.5033936817,-0.1595074450597167,1.5032649929344188,3.0399999618530273,1.6795789797673917,1.0010681665527037,1.0014733242558416,1.0010681665527037,0.0,0.002840982738148122
Ganymede,0.7597019999288024,2458670.5039692814,-0.2126954970881343,1.399099140864564,3.009999990463257,1.6871719836845194,0.9965830202707006,0.9969641336727634,0.9965830202707006,0.0,0.002824206878920904
Ganymede,0.7602752001024784,2458670.5045424816,-0.25612231250852346,1.3542284290015232,3.009999990463257,1.6947344508558688,1.0014519951706071,1.001812834965304,1.0014519951706071,0.0,0.0028321322212267117
Ganymede,0.7608494000509383,2458670.5051166816,-0.2207438861951232,1.3533528154075611,2.930000066757202,1.7023091302683382,0.9958046196933903,0.9961414369456019,0.9958046196933903,0.0,0.0028121762353812934
Ganymede,0.7614234002307059,2458670.5056906817,-0.0839560991153121,1.360575790546136,2.819999933242798,1.7098822862221568,0.996171843104467,0.9964868524820907,0.996171843104467,0.0,0.0028133973007883075
Ganymede,0.7620020002126695,2458670.5062692817,-0.21465857978910208,1.1962468279816676,2.890000104904175,1.7175149860659022,0.998449421147427,0.99874298258258,0.998449421147427,0.0,0.0028080113444486667
Ganymede,0.7625826002098621,2458670.5068498817,-0.2052457770332694,1.3507463438727427,2.9600000381469727,1.725175169595146,1.0003562910718509,1.0006276911482754,1.0003562910718509,0.0,0.002814677629123811
Ganymede,0.7631596001796426,2458670.5074268817,-0.1952082635834813,1.415845620475011,2.7899999618530273,1.7191404997753927,1.0005995916937844,1.0008980219438193,1.0005995916937844,0.0,0.0028093368326706763
Ganymede,0.7637381000444294,2458670.5080053816,-0.19706303079146892,1.4742692811705638,2.7899999618530273,1.6893943615748914,0.995589775242798,0.9960003672276079,0.995589775242798,0.0,0.0027948521119141637
Ganymede,0.7643165999092163,2458670.5085838814,-0.09514750738162547,1.4989819275506306,2.9000000953674316,1.6596542084695083,1.000168430352262,1.0006954074857146,1.000168430352262,0.0,0.0028139345080500596
Ganymede,0.7648950001224877,2458670.5091622816,-0.16910021950025111,1.4345100568898488,3.140000104904175,1.6873275016657932,0.9980887446919589,0.9985162513367181,0.9980887446919589,0.0,0.0028110336609604015
Ganymede,0.7654734999872745,2458670.5097407815,-0.07283986557740718,1.6657072203524876,3.1600000858306885,1.7183823106666278,0.9984885380501073,0.9988028683057886,0.9984885380501073,0.0,0.0028009489792005264
Ganymede,0.7660555998794736,2458670.5103228814,-0.04743352916557342,1.561730791843729,3.069999933242798,1.7496359839989761,1.0000089943326722,1.000206180415005,1.0000089943326722,0.0,0.0028054548486021917
Ganymede,0.7666341002099217,2458670.5109013817,-0.18064199772197753,1.6201147893734742,3.3499999046325684,1.780690792999811,0.9980702997712942,0.9981481660675517,0.9980702997712942,0.0,0.0027979454187308894
Ganymede,0.7672152003273369,2458670.511482482,-0.15390597668010741,1.4483760902949143,3.309999942779541,1.8118885443322101,0.9970909017411257,0.9970489320583813,0.9970909017411257,0.0,0.0027940012383543982
Ganymede,0.7677958003245295,2458670.512063082,-0.10763987537939101,1.326912567979889,3.5999999046325684,1.8430614219990082,0.9996059674637994,0.9994437282527607,0.9996059674637994,0.0,0.002796126963116365
Ganymede,0.7683764999732376,2458670.5126437815,0.07105848554056138,1.231602826184826,3.2200000286102295,1.8742342996658063,0.9995672105459991,0.9992848274653112,0.9995672105459991,0.0,0.0027831618215784447
Ganymede,0.7689570999704303,2458670.5132243815,0.2058219051687047,1.264964406407671,3.3399999141693115,1.9054071773326045,0.9988698275122738,0.998467718979652,0.9988698275122738,0.0,0.002780726106836338
Ganymede,0.7695392003282906,2458670.513806482,0.10007273021619767,1.246557387552457,3.5799999237060547,1.9366546259988877,0.9978870144349654,0.9973654324668283,0.9978870144349654,0.0,0.0027679488689637574
Ganymede,0.7701169001869859,2458670.5143841817,0.37093569699209183,1.093840437970357,3.0999999046325684,1.9676721619993094,1.0063107612216087,1.0056650462589798,1.0063107612216087,0.0,0.002785140659752505
Ganymede,0.7706952002830805,2458670.514962482,0.43523592862766236,1.040242983988719,3.069999933242798,1.9987207713327382,1.0031401090106737,1.0023772831873634,1.0031401090106737,0.0,0.002778123213679823
Ganymede,0.7712730002589525,2458670.515540282,0.39582180592697114,0.853528439096408,3.109999895095825,2.02973830733316,0.9978879200453121,0.9970110727935174,0.9978879200453121,0.0,0.002759115792678193
Ganymede,0.7718500998802484,2458670.5161173814,0.5307133010355756,0.8125179214694072,2.819999933242798,2.0607185703331683,0.9996493728035133,0.9986533320817305,0.9996493728035133,0.0,0.0027543824304299414
Ganymede,0.7724271003156902,2458670.516694382,0.2657985499827191,0.6081169946410228,3.0999999046325684,1.9613077461105421,1.0034064803243012,1.0027796586827733,1.0034064803243012,0.0,0.0027691713140243924
Ganymede,0.7730049002915622,2458670.517272182,0.4431607684819028,0.49361649437923916,2.990000009536743,1.7491916673148673,0.9959315339680674,0.9961184115468488,0.9959315339680674,0.0,0.002747397600421951
Ganymede,0.7735833000391723,2458670.5178505816,0.24103183660190552,0.4000446154095698,3.359999895095825,1.7596041625874737,0.9977279873161343,0.9978727318885275,0.9977279873161343,0.0,0.0027594880806546627
Ganymede,0.7741615000180901,2458670.5184287815,0.32829585287254304,0.41653953774948604,3.549999952316284,1.7694860002092125,0.9964081779352888,0.9965120520735647,0.9964081779352888,0.0,0.0027519705403997187
Ganymede,0.7747413000091912,2458670.5190085815,0.3928549251286313,0.41849208416533656,3.619999885559082,1.7744950017032028,0.999743716020288,0.9998257372471525,0.999743716020288,0.0,0.0027616100164434866
Ganymede,0.7753241002559663,2458670.519591382,0.11509745928924531,0.39245550500345416,3.2699999809265137,1.7795309996325372,0.9990916963959524,0.9991511067478956,0.9990916963959524,0.0,0.002755133513083052
Ganymede,0.7759034001268448,2458670.5201706816,0.15219218272250146,0.22879727350664325,3.2799999713897705,1.7792171419529839,0.9949911319617183,0.9950482385232455,0.9949911319617183,0.0,0.002738549754521661
Ganymede,0.7764817998744549,2458670.5207490814,0.1833109314320609,0.2652353288431186,3.3499999046325684,1.7766971432106922,0.9979321951619039,0.997995735135809,0.9979321951619039,0.0,0.00275159464463925
Ganymede,0.7770588999614121,2458670.5213261815,0.34750095556955785,0.2929585536767263,3.119999885559082,1.771220001502037,1.003250582247866,1.0033320561606252,1.003250582247866,0.0,0.002757996041674528
Ganymede,0.7776400000788273,2458670.5219072816,0.28221316437702626,0.3346537312318105,3.0199999809265137,1.7595043277445033,0.9981774579740847,0.9983001306937602,0.9981774579740847,0.0,0.002740374017101916
Ganymede,0.7782192002981903,2458670.522486482,0.378754502045922,0.4991829952050466,3.0399999618530273,1.74782599838531,0.999875626908455,1.0000399371667503,0.999875626908455,0.0,0.002744903744038037
Ganymede,0.7787992000579835,2458670.5230664816,0.5657459105132148,0.46928642856073566,2.930000066757202,1.7500013938564587,1.0015639494310984,1.0017156296375065,1.0015639494310984,0.0,0.0027404823012797037
Ganymede,0.7793814000673593,2458670.5236486816,0.5097562837181613,0.34539406167459674,3.3399999141693115,1.7532438266813435,0.9989134660749212,0.9990475162143884,0.9989134660749212,0.0,0.00272305976842947
Ganymede,0.7799590002745391,2458670.524226282,0.5419054719386622,0.20115950869512744,3.259999990463257,1.756459834366625,1.0031642555716778,1.0032814834264723,1.0031642555716778,0.0,0.0027404944005878853
Ganymede,0.7805367001332344,2458670.5248039817,0.6575263160048053,0.19675491590169258,3.2200000286102295,1.7596771307668886,0.9988999008527035,0.9989991647452138,0.9988999008527035,0.0,0.0027297389024276944
Ganymede,0.781110700313002,2458670.525377982,0.7068622055230662,0.21739395734039135,3.240000009536743,1.7628731620734535,0.9991503234340551,0.9992319627811408,0.9991503234340551,0.0,0.0027334492780919976
Ganymede,0.7816869002766909,2458670.525954182,0.6190347912488505,0.20659733403590508,3.3299999237060547,1.7660820805298394,0.9983908598660726,0.9984545860328563,0.9983908598660726,0.0,0.00273357443730914
Ganymede,0.7822654001414777,2458670.5265326817,0.7461719753919169,-0.1664788962516468,2.8399999141693115,1.7693032430750495,0.9972103668427987,0.9972559448880373,0.9972103668427987,0.0,0.0027329625316813125
Ganymede,0.7828484001569451,2458670.5271156817,0.6783187108812854,0.029083764442475513,3.2799999713897705,1.7725501876988654,0.9976956448574309,0.997722959851328,0.9976956448574309,0.0,0.0027238004715187595
Ganymede,0.7834282001480461,2458670.5276954817,0.7512346896110103,0.14329887766507454,3.2300000190734863,1.775778442065959,0.998950422833952,0.9989593803369479,0.998950422833952,0.0,0.002725702240432275
Ganymede,0.7840073002502324,2458670.528274582,0.6851634922204539,0.06885238576796837,3.4600000381469727,1.778261681048604,1.0005562552246101,1.0005495981726642,1.0005562552246101,0.0,0.0027216158020355614
Ganymede,0.7845863998867573,2458670.5288536814,0.6831720593618229,0.09049239594605751,3.380000114440918,1.7791026895006055,0.9972049515044866,0.9971890500725327,0.9972049515044866,0.0,0.002714099009626823
Ganymede,0.7851649002172054,2458670.5294321817,0.857422289554961,-0.06696708660456352,3.4000000953674316,1.7799426890813694,0.9959170835301571,0.995891841796805,0.9959170835301571,0.0,0.0027071416973569675
Ganymede,0.785745500214398,2458670.5300127817,0.8275575834559277,9.598422911949456e-05,3.299999952316284,1.78311733324035,0.9972677488431072,0.9972239536215337,0.9972677488431072,0.0,0.0027061476616084216
Ganymede,0.7863240000791849,2458670.5305912816,0.9089743766235188,-0.057669481000630185,3.319999933242798,1.7864493344097934,1.0022507020132212,1.0021874513589821,1.0022507020132212,0.0,0.0027203984664328678
Ganymede,0.7869060999713839,2458670.5311733815,0.8820267311530188,0.03199720595148392,3.3299999237060547,1.7922459504194885,1.0002702771156216,1.000178426167373,1.0002702771156216,0.0,0.002702987525429111
Ganymede,0.7874846003018321,2458670.531751882,0.8393425300018862,-0.043606495222775266,3.549999952316284,1.8000940500859193,0.9998875980877551,0.9997592603056571,0.9998875980877551,0.0,0.0027018617106923703
Ganymede,0.788061400037259,2458670.5323286816,0.86780505545903,0.07112864617374726,3.2100000381469727,1.805793530139859,1.0005955828310864,1.0004390900838651,1.0005955828310864,0.0,0.0027000100010610094
Ganymede,0.7886414002627136,2458670.532908682,0.9403375304536894,-0.10375476416083984,3.2200000286102295,1.795476763673603,1.0045245785194425,1.0044014925909253,1.0045245785194425,0.0,0.0027232892304409704
Ganymede,0.7892212002538146,2458670.533488482,0.8590015984373167,-0.12589825663599186,3.259999990463257,1.7851620597472209,1.0012927746265659,1.0012039847756635,1.0012927746265659,0.0,0.002717055893662088
Ganymede,0.7898018002510072,2458670.534069082,0.9678680888609961,-0.07442498925956897,3.2300000190734863,1.7748329428915994,1.0018792291713796,1.0018243952028505,1.0018792291713796,0.0,0.002718467347291807
Ganymede,0.7903832002542914,2458670.534650482,0.9187270543770865,-0.01082999978098087,3.0799999237060547,1.7644914756466124,0.9969844583951969,0.9969638311128726,0.9969844583951969,0.0,0.00270309314420271
Ganymede,0.7909609001129867,2458670.5352281816,0.8656624659197405,0.02846036132541485,3.0199999809265137,1.7542138228883266,0.9999171558739682,0.9999302798234297,0.9999171558739682,0.0,0.0027096603407535864
Ganymede,0.7915391000919045,2458670.5358063816,0.6437405004398897,0.26008104559150524,3.2899999618530273,1.7439279448204232,1.0034594158256156,1.0035065790601752,1.0034594158256156,0.0,0.002717384264200013
Ganymede,0.7921169000677766,2458670.5363841816,0.7648673608200625,0.37092403348651715,3.25,1.7336502920621375,0.9997282019101713,0.9998090472695923,0.9997282019101713,0.0,0.0027022623351837358
Ganymede,0.7926955000497402,2458670.5369627816,0.792760159005411,0.2918305846687872,3.1500000953674316,1.723358234657905,0.9994381202385696,0.9995528821600788,0.9994381202385696,0.0,0.002698827760817494
Ganymede,0.7932746001519264,2458670.5375418817,0.7905827824724838,0.21079061206546612,3.180000066757202,1.7130558811208885,1.001670224234017,1.0018193121724623,1.001670224234017,0.0,0.0027044797596763167
Ganymede,0.7938539000228049,2458670.5381211815,0.57562228187453,0.315020121895941,3.5899999141693115,1.7146294342441166,0.9993550456491832,0.9994919287932089,0.9993550456491832,0.0,0.0027052189241806197
Ganymede,0.7944272003136577,2458670.538694482,0.5402185049606487,0.10830668386188336,3.8499999046325684,1.723818311985973,1.0003062784716363,1.0004022472470224,1.0003062784716363,0.0,0.00270201969822154
Ganymede,0.7950046002864839,2458670.539271882,0.601643766160123,0.38309300717082806,3.740000009536743,1.7321976072634215,0.9994934089585182,0.9995518649225441,0.9994934089585182,0.0,0.002693849093133118
Ganymede,0.795585299935192,2458670.5398525815,0.7689748060656711,0.28251753773656674,3.9200000762939453,1.733912822024098,1.0021612664171864,1.0022081662787503,1.0021612664171864,0.0,0.0027007020612826197
Ganymede,0.7961673001758756,2458670.5404345817,0.6872933086706325,0.3182571123179514,3.6600000858306885,1.7356321371255181,1.0029670344060289,1.0030024897330578,1.0029670344060289,0.0,0.0027091298862075967
Ganymede,0.796746600046754,2458670.5410138816,0.7985164028359577,0.13648128908243962,3.869999885559082,1.7409525248997468,1.0018632274278738,1.0018728605112088,1.0018632274278738,0.0,0.0026917032078685433
Ganymede,0.7974572001025082,2458670.5417244816,0.8000920879421756,0.2389969195064623,3.7799999713897705,1.7486920194025142,1.0023709438080357,1.002346952669552,1.0023709438080357,0.0,0.0026863212566135735
Ganymede,0.7980411998927595,2458670.5423084814,0.7756821307120845,0.21612693954375573,3.740000009536743,1.747249164491842,1.0008228958010899,1.0007999692551133,1.0008228958010899,0.0,0.0026801501426784472
Ganymede,0.7986472003161909,2458670.542914482,0.7117902504978701,0.4189460336056072,3.930000066757202,1.7411404967987831,0.99603108689629,0.9960266764923861,0.99603108689629,0.0,0.0026736068775875875
Ganymede,0.7992341998964549,2458670.5435014814,0.7623880523024127,0.20613766301539727,3.5899999141693115,1.7388603946961902,0.998638369726516,0.9986383697265159,0.998638369726516,0.0,0.002674727338668906
Ganymede,0.7998157000169159,2458670.5440829815,0.8907283412991092,0.27089328903821297,3.7200000286102295,1.7449973716019558,0.9986759694385813,0.9986492774282063,0.9986759694385813,0.0,0.002671085588536611
Ganymede,0.8004009002819659,2458670.544668182,0.9480609166203067,0.10907266873982735,4.039999961853027,1.7511746630225278,0.9985575637028595,0.9985043982020344,0.9985575637028595,0.0,0.002664588907229314
Ganymede,0.8009803002700211,2458670.545247582,0.6429940628586337,0.2173920108762104,3.3299999237060547,1.757289651980074,1.0028030163976775,1.0027234942456238,1.0028030163976775,0.0,0.0026689744668212576
Ganymede,0.801555399876088,2458670.5458226814,0.646269247517921,0.08637887079385109,3.2799999713897705,1.763359441304233,0.9957985725659506,0.9956938489639253,0.9957985725659506,0.0,0.0026544250274535435
Ganymede,0.802142600156367,2458670.5464098817,0.664671796024777,0.15038177956012078,3.2300000190734863,1.7695574969360761,0.9986213925275284,0.9984900848995213,0.9986213925275284,0.0,0.002656816596698102
Ganymede,0.802724400162697,2458670.5469916817,0.6710048179375008,0.2456665693607647,3.0199999809265137,1.7756981352234742,1.0016835814624967,1.0015258124793516,1.0016835814624967,0.0,0.0026670970717500354
Ganymede,0.8033119999803604,2458670.5475792815,0.6824925198452547,0.5420841633167583,3.119999885559082,1.7818998571515559,0.9995424669613521,0.9993588150439469,0.9995424669613521,0.0,0.0026575482371951975
Ganymede,0.8038972002454103,2458670.5481644818,0.7244106187717989,0.33806054879096337,3.240000009536743,1.7880759199205734,1.0018584214602417,1.0016482778000662,1.0018584214602417,0.0,0.0026640921995719343
Ganymede,0.8044777001254262,2458670.5487449816,0.6227115794317797,0.5207545666780788,3.0799999237060547,1.7942031265891776,0.995873074734442,0.9956384923180343,0.995873074734442,0.0,0.0026456105788537293
Ganymede,0.8050692003220321,2458670.549336482,0.7133984073298052,0.66940639007953,3.1600000858306885,1.7993366672075788,0.9992712714158902,0.999013747199607,0.9992712714158902,0.0,0.0026499072820845224
Ganymede,0.8056474999524654,2458670.5499147815,0.8888075306313112,0.8438483535137493,3.490000009536743,1.8039163321728309,1.002475008566997,1.002196458479536,1.002475008566997,0.0,0.0026506760448421055
Ganymede,0.8062324003316463,2458670.550499682,0.8351059249835089,0.6976496635761578,3.509999990463257,1.807704167080174,0.9993667576712186,0.9990717337078445,0.9993667576712186,0.0,0.0026457242276368437
Ganymede,0.806830199994147,2458670.5510974815,0.724109924514778,0.3779382168140728,3.2200000286102295,1.8098562493462114,1.001454267204911,1.0011473457111797,1.001454267204911,0.0,0.0026361585145032395
Ganymede,0.8074071999639274,2458670.5516744815,0.669800843228586,0.256443446764024,3.0899999141693115,1.811933751109764,0.9986989158161881,0.9983818950749026,0.9986989158161881,0.0,0.0026295354773676113
Ganymede,0.8079920002259315,2458670.5522592817,0.5977544366614893,0.38586052347091027,3.2799999713897705,1.8091687607295297,1.004148506598989,1.0038361030254697,1.004148506598989,0.0,0.002642614105649404
Ganymede,0.8085818002931775,2458670.552849082,0.6196177481906489,0.28459012348321266,3.380000114440918,1.8062206604818467,1.0018258249484036,1.0015212567801128,1.0018258249484036,0.0,0.002629787491164821
Ganymede,0.8091582000255586,2458670.5534254815,0.48894726030994207,0.17292602945235558,3.450000047683716,1.8053587503085586,0.9968304877003826,0.9965270473532419,0.9968304877003826,0.0,0.002610462501235952
Ganymede,0.8097575000487269,2458670.5540247816,0.40710667066741735,0.019188678154023364,3.549999952316284,1.806006000352878,0.998788761050386,0.9984791845401646,0.998788761050386,0.0,0.002611802915036278
Ganymede,0.8103256002999843,2458670.554592882,0.41777283989358693,-0.2429097236308735,3.549999952316284,1.8066196250523345,0.9969410980588602,0.9966265557822663,0.9969410980588602,0.0,0.0026066558812383664
Ganymede,0.8109261999838056,2458670.5551934815,0.41775329584743304,-0.218243114388315,3.8399999141693115,1.8072682500640167,0.9994999463172235,0.999179070501924,0.9994999463172235,0.0,0.002621645302773334
Ganymede,0.8115059003233911,2458670.555773182,0.45191433081890864,-0.3740918559196871,3.369999885559082,1.8078943751982843,0.9992371499327443,0.9989110021825175,0.9992371499327443,0.0,0.0026138897427448304
Ganymede,0.8120843000710012,2458670.5563515816,0.20346776197220606,-0.41872483093175106,2.930000066757202,1.8085191253651889,0.9994424841867684,0.9991109612999948,0.9994424841867684,0.0,0.0026227104365468498
Ganymede,0.8126646001823248,2458670.5569318817,0.2712040374663047,-0.4094490853312891,3.240000009536743,1.8091458751188658,0.9979959398481001,0.9976595389607953,0.9979959398481001,0.0,0.00261113925852054
Ganymede,0.8132662001065911,2458670.5575334816,0.24255384864773077,-0.18646070334943943,3.609999895095825,1.8097956251495646,0.999404483415225,0.9990622884378881,0.999404483415225,0.0,0.0026074952007258644
Ganymede,0.8138489002361895,2458670.5581161818,0.1504757216807775,-0.5898603794339579,3.0999999046325684,1.8104248748896208,0.9967921231630205,0.9964456952392835,0.9967921231630205,0.0,0.0026009377183592673
Ganymede,0.8144272003322841,2458670.558694482,0.22522374602522177,-0.5091343146923464,3.180000066757202,1.8101465460551416,1.0007084360488954,1.0003587596481485,1.0007084360488954,0.0,0.0026079239340093693
Ganymede,0.8150089002214373,2458670.5592761817,0.1268868333336286,-0.32030277673038654,3.0199999809265137,1.799314651518662,0.9975977641991919,0.997284362087369,0.9975977641991919,0.0,0.0025971776651498055
Ganymede,0.8156059999950231,2458670.5598732815,0.3294918573137693,-0.4086139870050829,3.069999933242798,1.7881961219424556,0.997140363005912,0.9968633968119102,0.997140363005912,0.0,0.002596992128147038
Ganymede,0.8162027998827399,2458670.5604700814,0.23905172558988852,-0.40205233517917804,3.119999885559082,1.7970346621891655,0.9964460056220207,0.9961354803718871,0.9964460056220207,0.0,0.0025942153772482994
Ganymede,0.8167881002649666,2458670.561055382,0.06360230954851431,-0.2225521874788683,3.069999933242798,1.8105199945282933,0.9973520398678472,0.9969913635896316,0.9973520398678472,0.0,0.0025995451309318847
Ganymede,0.8173673000186683,2458670.5616345815,0.032805176326291985,-0.14914709303411655,3.3399999141693115,1.8187333334227402,1.000073827994792,0.999680907204471,1.000073827994792,0.0,0.0026025087901221703
Ganymede,0.817950900271535,2458670.562218182,-0.05217945402000623,0.042288348340662196,3.1500000953674316,1.8204140003272296,1.001255347603311,1.0008536635200351,1.001255347603311,0.0,0.002607667526641457
Ganymede,0.8185357000678779,2458670.5628029816,-0.07474756998453813,-0.26463334236177616,3.049999952316284,1.8214345805829513,0.9997501726712574,0.9993431912659544,0.9997501726712574,0.0,0.002605669118750736
Ganymede,0.8191234000027181,2458670.5633906815,-0.22296444339190202,0.027124628686578944,2.930000066757202,1.811701744710013,0.9965362422925385,0.9961622223513749,0.9965362422925385,0.0,0.002618460751628158
Ganymede,0.8197117001749576,2458670.5639789817,-0.25805544493232446,-0.02691983405384235,2.7300000190734863,1.801959331338664,1.0021778031653346,1.0018337236215173,1.0021778031653346,0.0,0.002608796980128813
Ganymede,0.8203000999987127,2458670.5645673815,-0.32717027900253015,0.12405227895942517,2.9100000858306885,1.8030958689131278,1.0001315650878286,0.9997820498288861,1.0001315650878286,0.0,0.002598609063012174
Ganymede,0.8208952002227308,2458670.5651624817,-0.40730553505454736,0.109835547656985,2.8399999141693115,1.8090452903747627,1.002113214860872,1.001740042022696,1.002113214860872,0.0,0.0026021231872428428
Ganymede,0.8214735999703409,2458670.5657408815,-0.44745896396671014,0.018805598170729354,3.1600000858306885,1.8148281020974018,0.9980246744365409,0.9976308597980029,0.9980246744365409,0.0,0.002588595381920919
Ganymede,0.8220569999888541,2458670.5663242815,-0.3905587383869715,0.17457803085562773,3.2100000381469727,1.8206595081332866,0.9996343494310909,0.9992176384405195,0.9996343494310909,0.0,0.002588132048167002
Ganymede,0.8226390002295376,2458670.5669062817,-0.4421911278132029,0.17477557006350253,2.799999952316284,1.8264781825428922,0.9970862139248331,0.9966485172090144,0.9970862139248331,0.0,0.002579544173770074
Ganymede,0.8232211001217367,2458670.5674883816,-0.605558801567895,0.2567974099802086,3.2799999713897705,1.8322980207208963,0.9986038399970533,0.9981434565640934,0.9986038399970533,0.0,0.0025849377045276175
Ganymede,0.8238160001114012,2458670.5680832816,-0.6584313475850649,0.37889405283203814,2.9100000858306885,1.8382451286109551,1.00094946032334,1.0004655911817921,1.00094946032334,0.0,0.002588436865603595
Ganymede,0.8244182002730669,2458670.568685482,-1.6596726739171572,-13.826357640893548,3.0899999141693115,1.8442651256433458,1.0032362487657296,1.0027286955852177,1.0032362487657296,0.0,0.0026042832184370525
Ganymede,0.8249954000115396,2458670.5692626815,-1.8228101098302432,-14.260946669252007,2.9800000190734863,1.8500352103947793,0.9983287835983371,0.9978022259708375,0.9983287835983371,0.0,0.0025958818256667706
Ganymede,0.82557239998132,2458670.5698396815,-1.8683333956960269,-14.146575831444352,3.4100000858306885,1.8526833222915722,1.0036527737712924,1.0031126925150387,1.0036527737712924,0.0,0.00260577940810577
Ganymede,0.826151600200683,2458670.5704188817,-1.9878395312789507,-14.4125516643835,3.140000104904175,1.8360033205749584,0.9973740664806332,0.9968932589198961,0.9973740664806332,0.0,0.002582890024702205
Ganymede,0.8267327003180982,2458670.570999982,-1.7898685002091952,-14.556249954373925,2.7699999809265137,1.8192666571895275,1.0005778032284485,1.0001517713151673,1.0005778032284485,0.0,0.002587787015439276
Ganymede,0.8273133003152908,2458670.571580582,-1.6915701368216105,-14.310510077149956,3.069999933242798,1.809394497852054,1.002153930372136,1.0017598439660884,1.002153930372136,0.0,0.002589717955366263
Ganymede,0.8278939999639989,2458670.5721612815,-1.7527425327662058,-14.342629243255942,2.869999885559082,1.8018690006125493,0.9996804756928709,0.9993117832507628,0.9996804756928709,0.0,0.0025754350028514956
Ganymede,0.8284709999337794,2458670.5727382815,-1.849412236488206,-14.22312474680075,2.9700000286102295,1.804829994206428,0.9989532948452396,0.9985730104326216,0.9989532948452396,0.0,0.002577554415887107
Ganymede,0.8290495002642275,2458670.573316782,-1.7415423282745905,-14.48252952528128,3.0999999046325684,1.8273210021001698,0.9979270173923993,0.9974681690702072,0.9979270173923993,0.0,0.0025753574776419498
Ganymede,0.8296236000955106,2458670.5738908816,-1.7546683132040926,-14.312339697600692,3.0799999237060547,1.8496454991188942,1.0009628733670652,1.0004244981162311,1.0009628733670652,0.0,0.0025828867534252206
Ganymede,0.8302012003026904,2458670.574468482,-1.7234310052681394,-14.469212849260657,2.8299999237060547,1.853832936771534,1.003370714757043,1.00281529403103,1.003370714757043,0.0,0.002587187663473186
Ganymede,0.8307789001613857,2458670.5750461817,-1.8325555167484708,-14.091967154861777,3.0299999713897705,1.8568489383272153,1.0007791120643785,1.0002134847534119,1.0007791120643785,0.0,0.0025759533544425645
Ganymede,0.8313537999987604,2458670.5756210815,-2.0522313109922834,-14.182527941287844,3.4000000953674316,1.859849832760081,0.9993586075436538,0.9987822522757046,0.9993586075436538,0.0,0.002568355213135634
Ganymede,0.831930100079626,2458670.5761973816,-1.896133645563168,-14.414831664980738,2.950000047683716,1.8628585833829612,0.9983371239123893,0.9977498508744589,0.9983371239123893,0.0,0.0025637299809616876
Ganymede,0.8325085999444128,2458670.5767758815,-1.7446446261692472,-14.371131938518374,2.880000114440918,1.8658782091896668,0.9971508982311277,0.9965528345800462,0.9971508982311277,0.0,0.002562041993204304
Ganymede,0.8330878001637758,2458670.5773550817,-1.8279289893198438,-14.512799587668269,2.880000114440918,1.8689020620738588,0.9979067788151175,0.997296824676569,0.9979067788151175,0.0,0.0025653897243584373
Ganymede,0.8336532000452281,2458670.5779204816,-1.9139232850957342,-14.344644141019671,2.7799999713897705,1.8718534153530477,1.000221547194465,0.9995989865534757,1.000221547194465,0.0,0.0025672604170982063
Ganymede,0.834227399993688,2458670.5784946815,-1.7049123860288091,-14.512159433783381,2.9600000381469727,1.8748506879656408,0.9987973695331107,0.9981643948517227,0.9987973695331107,0.0,0.0025656229769955
Ganymede,0.8348065000958742,2458670.5790737816,-1.6758491481978126,-14.310825195731013,3.119999885559082,1.877873938023371,1.000882318846581,1.0002366561186005,1.000882318846581,0.0,0.002567765847190397
Ganymede,0.8353837999515237,2458670.5796510815,-1.6790190272822656,-13.970340129555552,3.369999885559082,1.8780248735445493,1.0022122611898778,1.0015641040971348,1.0022122611898778,0.0,0.002568890639065166
Ganymede,0.8359631999395789,2458670.5802304815,-1.6919308489977993,-14.296077456892817,3.450000047683716,1.8712941174084046,1.001467235600824,1.0008411842781035,1.001467235600824,0.0,0.0025610772506627555
Ganymede,0.8365433002822102,2458670.580810582,-1.630573388081757,-14.276036369250505,3.609999895095825,1.8645552957118579,0.9998718129006764,0.9992683795462204,0.9998718129006764,0.0,0.0025601927778182345
Ganymede,0.8371243002824487,2458670.581391582,-1.5145819819390454,-14.329007892505615,3.3399999141693115,1.8643807438209712,1.0015729411583023,1.000967962089206,1.0015729411583023,0.0,0.0025649434177962512
Ganymede,0.8377041999250652,2458670.5819714814,-1.7194820827662625,-14.34669942279288,3.450000047683716,1.8647948761600694,1.0046568326781207,1.004047495541537,1.0046568326781207,0.0,0.002572042585473769
Ganymede,0.8382842001505197,2458670.5825514817,-1.736621947851745,-14.154192170695751,3.549999952316284,1.8582414594776075,0.9992935616808304,0.9987084798437554,0.9992935616808304,0.0,0.002561633974879168
Ganymede,0.8388612001203002,2458670.5831284816,-1.660678597059814,-14.188488966421573,3.869999885559082,1.8449168062108854,1.0023826928743713,1.0018397859681862,1.0023826928743713,0.0,0.0025643379724390215
Ganymede,0.8394364003092052,2458670.583703682,-1.6031522358625807,-14.065865761236637,3.809999942779541,1.8356225005163254,0.9987443587312435,0.9982336879144256,0.9987443587312435,0.0,0.002551690902510272
Ganymede,0.840014900173992,2458670.5842821817,-1.6120233534693398,-14.438453561262577,4.150000095367432,1.844785496356219,0.9983813867411245,0.9978389570788809,0.9983813867411245,0.0,0.0025516599879146134
Ganymede,0.8405930000357331,2458670.5848602816,-1.8899569212317147,-14.21202178914973,4.079999923706055,1.8539429970200656,1.0038319515269096,1.0032545805251645,1.0038319515269096,0.0,0.0025636360670504644
Ganymede,0.8411671003326775,2458670.585434382,-1.7455099820017494,-14.564274242715328,3.9000000953674316,1.8573484096481387,0.9999909391588032,0.9994033426900327,0.9999909391588032,0.0,0.002550812746498266
Ganymede,0.8417435000650586,2458670.5860107816,-1.7100394478857197,-14.502555044935434,3.7799999713897705,1.859097582229589,1.0029752273731856,1.0023790193271094,1.0029752273731856,0.0,0.002557254518888682
Ganymede,0.8423206001520158,2458670.5865878817,-1.6734870000600495,-14.429052332983701,3.9800000190734863,1.860848863226872,1.0022357274342804,1.0016331231285107,1.0022357274342804,0.0,0.0025543184753265874
Ganymede,0.8429004001431168,2458670.5871676817,-1.6335495262264885,-14.414258168646484,3.8299999237060547,1.8626085750611914,0.9977446700098505,0.997137960934333,0.9977446700098505,0.0,0.002539465057836134
Ganymede,0.8434810001403095,2458670.5877482817,-1.8039740769982018,-14.447219954439788,4.019999980926514,1.8643707443587367,0.9998709522692125,0.9992561516068413,0.9998709522692125,0.0,0.0025426020930685803
Ganymede,0.8440593998879196,2458670.5883266814,-1.6379998772263207,-14.337709525236278,3.809999942779541,1.8661258889008498,0.9979917506481399,0.9973713764846517,0.9979917506481399,0.0,0.0025397272049703357
Ganymede,0.8446348999626936,2458670.5889021815,-1.555960819017855,-14.190364369758754,3.940000057220459,1.8678726040190743,0.9995254498758861,0.9988974373708628,0.9995254498758861,0.0,0.00254288989319997
Ganymede,0.845211300160736,2458670.5894785817,-1.7290386109471,-14.483708092579036,3.7899999618530273,1.8696217766005245,1.00196464775529,1.001328421744525,1.00196464775529,0.0,0.0025489898488794227
Ganymede,0.84578680023551,2458670.5900540818,-1.7815687953352608,-14.392569327363162,3.630000114440918,1.871368491718749,1.0028749546659772,1.002231493535832,1.0028749546659772,0.0,0.0025490968573797738
Ganymede,0.8463661001063885,2458670.5906333816,-1.7585499658107437,-14.433913388857036,3.630000114440918,1.872129994944036,0.9979464841314857,0.9973028598125685,0.9979464841314857,0.0,0.0025410474212583046
Ganymede,0.8469468002207579,2458670.5912140817,-1.6614120452522911,-14.642377787837177,3.4100000858306885,1.8600055786598075,1.0026659297624572,1.0020590217925667,1.0026659297624572,0.0,0.002551876467875127
Ganymede,0.8475266002118589,2458670.5917938817,-1.5506928934573807,-14.238364899167209,3.2699999809265137,1.847898080409949,1.0012520615413325,1.0006857165431462,1.0012520615413325,0.0,0.0025512682432652658
Ganymede,0.8481061999686064,2458670.5923734815,-1.5658449352577009,-14.180638720848947,3.119999885559082,1.844292672437115,1.002645193176915,1.0020893692379453,1.002645193176915,0.0,0.00255341898314644
Ganymede,0.8486823999322952,2458670.5929496814,-1.652510066409377,-14.137328425058513,3.0399999618530273,1.8447218964648953,1.003072618759932,1.0025143568966906,1.003072618759932,0.0,0.0025552247816522924
Ganymede,0.8492595000192524,2458670.5935267815,-1.7820626691773214,-14.167469104388147,3.190000057220459,1.845439999651313,1.0019201095611319,1.0013593458250207,1.0019201095611319,0.0,0.0025564572355185225
Ganymede,0.8498359002172948,2458670.5941031817,-1.6131501988365926,-14.317253371336847,3.609999895095825,1.8466850000134112,0.9956440809855549,0.9950819709211366,0.9956440809855549,0.0,0.0025336441827202784
Ganymede,0.8504165002144874,2458670.5946837817,-1.5708257750466146,-14.23217851445952,3.619999885559082,1.8479392499738485,1.0004497259331016,0.9998800193951075,1.0004497259331016,0.0,0.0025414298781123827
Ganymede,0.8509936003014447,2458670.595260882,-1.6791013301208295,-14.60700315759459,3.390000104904175,1.850667937335217,1.000223115366536,0.9996437596397915,1.000223115366536,0.0,0.0025448451972771968
Ganymede,0.8515734002925457,2458670.595840682,-1.6593836814954557,-14.405180697896867,3.2200000286102295,1.853486063954758,1.0003602842505541,0.9997708060402829,1.0003602842505541,0.0,0.0025424029990506864
Ganymede,0.8521504999138416,2458670.5964177814,-1.6927991815700807,-14.185026606181054,3.0999999046325684,1.856290688837359,0.9996795966413464,0.9990805591644385,0.9996795966413464,0.0,0.002534023488968051
Ganymede,0.8527274998836221,2458670.5969947814,-1.578865856756238,-14.497492691138177,3.930000066757202,1.8590953137199597,1.0004847592345327,0.9998752993002807,1.0004847592345327,0.0,0.0025326610483412206
Ganymede,0.8533053003251554,2458670.597572582,-1.6748374187245645,-13.957100590327173,3.9100000858306885,1.861903312905239,0.9987598769041021,0.9981415646643467,0.9987598769041021,0.0,0.002529308822137195
Ganymede,0.8538807999342681,2458670.5981480815,-1.7741021522178926,-14.38751112447062,3.5799999237060547,1.8647006256671472,1.0035466068786845,1.0029154468568307,1.0035466068786845,0.0,0.0025347002353205113
Ganymede,0.8544569002464415,2458670.5987241818,-1.7496462416693248,-14.336667054900317,3.6500000953674316,1.8675001879641742,0.9972768677408439,0.9966398485018106,0.9972768677408439,0.0,0.0025150494383067855
Ganymede,0.8550332003273071,2458670.599300482,-1.525607566241888,-14.218047665068298,3.380000114440918,1.870301438544097,1.0006269580830307,0.9999779863446372,1.0006269580830307,0.0,0.0025213210864604768
Ganymede,0.8556132000871004,2458670.5998804816,-1.7464233589216747,-14.42259398252645,3.1500000953674316,1.8731201241527469,1.0007445642181343,1.000085669556385,1.0007445642181343,0.0,0.0025242023858042615
Ganymede,0.8561887001618744,2458670.6004559817,-1.6628334027573146,-14.06373334080854,3.369999885559082,1.8802569394684105,1.0007362106700188,1.000053218783312,1.0007362106700188,0.0,0.002517414135419189
Ganymede,0.8567678999155761,2458670.6010351814,-1.5231871259256877,-14.176734255263,3.4100000858306885,1.896385536884645,1.004608100824877,1.003868554081227,1.004608100824877,0.0,0.002530543305966221
Ganymede,0.857339799962938,2458670.6016070815,-1.785972322230009,-14.196392843135982,3.509999990463257,1.912314301950044,0.9977552482239096,0.996968044060279,0.9977552482239096,0.0,0.0025163040623709387
Ganymede,0.8579197000712158,2458670.6021869816,-1.6596508276506938,-14.590770223745494,3.509999990463257,1.9110086662178438,1.0023248659146982,1.0015379535929452,1.0023248659146982,0.0,0.002532140647642054
Ganymede,0.8584965999238194,2458670.6027638814,-1.6479890326827444,-14.37475351394096,3.4200000762939453,1.907685331266244,1.00028757295588,0.9995127930019847,1.00028757295588,0.0,0.002526900681332366
Ganymede,0.8590787999331952,2458670.6033460815,-1.6140060069828905,-14.373436061534449,3.5199999809265137,1.9128805062401595,0.9967589391772704,0.995969517632941,0.9967589391772704,0.0,0.002525432003313043
Ganymede,0.8596557999029757,2458670.6039230814,-1.5671775172322668,-14.119957802686258,3.440000057220459,1.9265920068154936,0.9993547745693929,0.9985180419354318,0.9993547745693929,0.0,0.0025213188689118303
Ganymede,0.8602327998727561,2458670.6045000814,-1.7012776265710272,-14.256160227450891,3.700000047683716,1.9393941672698842,1.0000272052890204,0.999147732280066,1.0000272052890204,0.0,0.0025234918516995274
Ganymede,0.8608126999810339,2458670.6050799815,-1.5889395455687918,-14.654763636979624,3.759999990463257,1.9435700001039355,1.003425889848066,1.0025294503769837,1.003425889848066,0.0,0.002530326571885752
Ganymede,0.8613886000588538,2458670.6056558816,-1.6497200484245695,-14.533763637635275,3.819999933242798,1.9477166672757515,1.0048092328479015,1.003897683797483,1.0048092328479015,0.0,0.0025299206637145214
Ganymede,0.8619686002843083,2458670.606235882,-1.8115472252338805,-14.57680845806317,3.7799999713897705,1.9515152182043694,1.0035600718820537,1.0026369685080079,1.0035600718820537,0.0,0.002522589390638121
Ganymede,0.8625499001704158,2458670.6068171817,-1.9569539631575026,-14.470271756741568,3.8399999141693115,1.9551550720822855,1.002086671972513,1.0011527963323303,1.002086671972513,0.0,0.0025279221341315437
Ganymede,0.8631264000199736,2458670.6073936815,-1.638289680597154,-14.254933869335218,3.9600000381469727,1.9587644916339235,1.0040817441896062,1.003133984576761,1.0040817441896062,0.0,0.0025299283113664225
Ganymede,0.8637040998786689,2458670.6079713814,-1.5228340755074896,-14.048800891134306,4.090000152587891,1.9623818849265684,1.0023851290268735,1.001426965901595,1.0023851290268735,0.0,0.0025193368641990227
Ganymede,0.8642791999503971,2458670.6085464815,-1.6500032077401556,-14.370782172176405,3.869999885559082,1.9659826077069362,1.0127116479184672,1.0117315646724914,1.0127116479184672,0.0,0.0025357670032132035
Ganymede,0.8648545999079944,2458670.6091218814,-1.9897330830663122,-14.53949700841622,3.869999885559082,1.9695847823787196,1.0023104246235635,1.001328500819787,1.0023104246235635,0.0,0.002509924885444603
Ganymede,0.865430300217122,2458670.6096975817,-1.880198901411859,-14.215797683093115,3.5899999141693115,1.973189855002445,0.9985056117568938,0.9975155683423863,0.9985056117568938,0.0,0.002497512100002697
Ganymede,0.8660130999982358,2458670.6102803815,-1.8154952282875456,-14.318831225726171,3.890000104904175,1.976838405651631,1.0061806769887924,1.005170964778665,1.0061806769887924,0.0,0.002522154872094071
Ganymede,0.8665894000791015,2458670.6108566816,-1.765233205524055,-14.413693612310453,4.019999980926514,1.980447102173006,1.0006968449216829,0.999680796875629,1.0006968449216829,0.0,0.002506878239872791
Ganymede,0.8671672000549735,2458670.6114344816,-1.6033457982211985,-14.6361379976006,3.9700000286102295,1.9838516671271125,1.001839227614196,1.0008108514746419,1.001839227614196,0.0,0.0025121144840911692
Ganymede,0.8677420998923482,2458670.6120093814,-1.6703799533515848,-14.553711069616838,3.6700000762939453,1.9755733302577334,0.9978882608682053,0.996890554424533,0.9978882608682053,0.0,0.0025034872175302403
Ganymede,0.8683211999945344,2458670.6125884815,-1.8883002417951502,-14.14541010359244,3.7200000286102295,1.9672333293994264,1.005433566276809,1.004455378656939,1.005433566276809,0.0,0.002522828515978851
Ganymede,0.868901799991727,2458670.6131690815,-1.788096452024547,-14.297620711717173,3.7899999618530273,1.9696411707038384,1.0045274922429719,1.0035422456053495,1.0045274922429719,0.0,0.0025158656868561995
Ganymede,0.8694846998900176,2458670.6137519814,-1.8934938850670733,-14.526772467288538,4.0,1.978873833574285,1.005189581603078,1.004173543694011,1.005189581603078,0.0,0.0025181422673443915
Ganymede,0.8700609003193678,2458670.614328182,-1.798437567320434,-14.226567117366358,4.730000019073486,1.9886611758015607,1.0049761347180852,1.0039284407303972,1.0049761347180852,0.0,0.002524558687209746
Ganymede,0.8706402001902462,2458670.6149074817,-1.7264627682834544,-14.427650062236353,4.289999961853027,2.000858239729309,1.0008186664654066,0.9997358598065346,1.0008186664654066,0.0,0.00250906329186161
Ganymede,0.8712185999378563,2458670.6154858815,-1.9585286843448557,-14.68256667056994,4.28000020980835,2.0130382434551,1.0031595137036409,1.0020347882268965,1.0031595137036409,0.0,0.002511418562813512
Ganymede,0.8717941000126304,2458670.6160613815,-1.8259723055034556,-14.67178987977968,4.320000171661377,2.008535468208695,1.0011299874082846,1.0000220136553626,1.0011299874082846,0.0,0.0025065094186132487
Ganymede,0.872374700009823,2458670.6166419815,-1.9324785264998354,-14.754799033384188,4.380000114440918,2.0007522821339827,1.0040086318868215,1.0029226262359325,1.0040086318868215,0.0,0.0025140500771990144
Ganymede,0.8729575002565981,2458670.617224782,-1.8463071453243174,-14.455743337850436,4.260000228881836,1.992941171057547,1.001531608940938,1.000473510082916,1.001531608940938,0.0,0.002510802780467283
Ganymede,0.8735352001152934,2458670.6178024816,-1.690843658414451,-14.590369890313013,4.409999847412109,1.9851967704009625,1.004628732728526,1.0035924971135877,1.004628732728526,0.0,0.0025166898639062798
Ganymede,0.8741116003133358,2458670.618378882,-1.645839167651502,-14.193596134762629,4.21999979019165,1.977470982251114,1.0037542926571577,1.002744058326719,1.0037542926571577,0.0,0.0025083701707980643
Ganymede,0.8746864000335337,2458670.6189536816,-1.5164165477126517,-14.433596770148142,4.28000020980835,1.9697653607710388,1.0027289424807428,1.001744795964449,1.0027289424807428,0.0,0.0024992377195571696
Ganymede,0.8752739001996817,2458670.6195411817,-1.7684876601069845,-14.688525806050166,3.950000047683716,1.961890647600827,1.0033972895092527,1.002438157996761,1.0033972895092527,0.0,0.002505723768848398
Ganymede,0.8758639000356199,2458670.6201311816,-1.7133077065318503,-14.376475999932154,4.190000057220459,1.9539817990183619,1.0032866658150659,1.002353495557899,1.0032866658150659,0.0,0.002507131324930479
Ganymede,0.8766500000841917,2458670.6209172816,-1.7102724731757917,-14.518554071764811,4.159999847412109,1.9434449418808306,1.0034757937469703,1.002576921992012,1.0034757937469703,0.0,0.0024984164370339588
Ganymede,0.8772280999459328,2458670.6214953815,-1.6579856731787004,-14.428978818337782,4.099999904632568,1.9390699173955406,,0.9970951607306983,,0.0,0.002487188429529915
Ganymede,0.9272280999459328,2458672.4668295817,-1.108394605020294,-1.1187464678951073,3.119999885559082,4.531645001569093,0.9999094052352413,0.9985147239788277,0.9999094052352413,0.0,0.0031657428517305026
Ganymede,0.9278044000267984,2458672.4674058817,-1.1016738725884352,-0.9366180384822655,2.9700000286102295,4.5060540919296725,1.0060742110038279,1.0047602854858024,1.0060742110038279,0.0,0.0031341212738638206
Ganymede,0.9284361999481918,2458672.4680376817,-1.212187157390872,-0.8742660926945973,3.0,4.4675199967137305,1.0046182328649562,1.0034281021571128,1.0046182328649562,0.0,0.0030881698702091374
Ganymede,0.9290138998068871,2458672.4686153815,-1.3046455694420729,-0.7570537599094678,2.9200000762939453,4.440871890411615,0.9955531903349837,0.994462140462336,0.9955531903349837,0.0,0.003026307713815295
Ganymede,0.9295916997827591,2458672.4691931815,-1.340927564917365,-0.6736234324343968,2.950000047683716,4.420243801438551,1.002908466682821,1.00188165676855,1.002908466682821,0.0,0.003016802707330081
Ganymede,0.9301694001071157,2458672.469770882,-1.4341321228130255,-0.512783278740244,3.1500000953674316,4.403904310092215,0.998867681561975,0.9979053285758736,0.998867681561975,0.0,0.0029793532682306496
Ganymede,0.9307472000829877,2458672.470348682,-1.4334705745859537,-0.41577547512133606,3.2899999618530273,4.409416313397367,0.9996966386496794,0.998736892353171,0.9996966386496794,0.0,0.002962702883355725
Ganymede,0.9313255998305978,2458672.4709270815,-1.4598038228286896,-0.3584241913922597,3.369999885559082,4.414934935891848,1.0010570671699555,1.000099421467746,1.0010570671699555,0.0,0.0029465123244797474
Ganymede,0.9319029998034241,2458672.4715044815,-1.496226626826683,-0.5514744567044545,3.190000057220459,4.420443625159927,1.001766502430007,1.000811596597305,1.001766502430007,0.0,0.0029292109672251782
Ganymede,0.9324807997792961,2458672.4720822815,-1.5019256462401245,-0.39491937033017166,3.309999942779541,4.42595562402267,1.0013047843555618,1.0003537480396432,1.0013047843555618,0.0,0.002912075924214431
Ganymede,0.9330593001097442,2458672.472660782,-1.5321195674187038,-0.17313865295727737,3.4800000190734863,4.431475357119388,1.0018535480757016,1.0009056803150518,1.0018535480757016,0.0,0.0029035730506288674
Ganymede,0.9336399001069369,2458672.473241382,-1.5781557065492962,-0.09644267431576736,3.3399999141693115,4.437013854951493,1.0011957434437182,1.0002529541074543,1.0011957434437182,0.0,0.0028918101344409344
Ganymede,0.9342175999656321,2458672.4738190817,-1.5889656002691481,-0.02989358178456314,3.390000104904175,4.442525853814236,0.9983635877681462,0.9974286345151785,0.9983635877681462,0.0,0.0028711010272751422
Ganymede,0.9347947000525894,2458672.4743961818,-1.630033722060034,0.11851430960814469,3.390000104904175,4.448031229045241,1.0026928310531036,1.0017595380239093,1.0026928310531036,0.0,0.00287555760575927
Ganymede,0.9353723999112846,2458672.4749738816,-1.695559305982897,0.010846848570508882,3.369999885559082,4.453543232350394,1.0001944939830811,0.9992695232752979,1.0001944939830811,0.0,0.002861224977784009
Ganymede,0.9359501998871567,2458672.4755516816,-1.7098903887963388,0.06353136428515427,3.0799999237060547,4.462686921145733,0.9971026633827671,0.9961775527484821,0.9971026633827671,0.0,0.0028420333962856825
Ganymede,0.9365270997397603,2458672.4761285814,-1.6486954920983408,0.059403787803603336,3.0899999141693115,4.474734010345281,1.0009177257305935,0.9999787984660207,1.0009177257305935,0.0,0.0028430300551682266
Ganymede,0.9371048997156324,2458672.4767063814,-1.5993999623751733,0.2547948765277397,3.2200000286102295,4.482457989745248,1.001263707836048,1.000324808682147,1.001263707836048,0.0,0.002834088026999942
Ganymede,0.9376826000399889,2458672.4772840817,-1.5835561127460096,0.20967053945059888,3.1500000953674316,4.465401998982773,0.9996538649001647,0.9987781001651714,0.9996538649001647,0.0,0.0028123877655213386
Ganymede,0.9382612000219526,2458672.4778626817,-1.5441996240115259,0.42762009377474897,3.3499999046325684,4.448322089628001,0.9991873513462306,0.9983727619437662,0.9991873513462306,0.0,0.00280455039686903
Ganymede,0.9388394000008704,2458672.4784408817,-1.601103351364145,0.20810895736212842,3.430000066757202,4.432496083639329,0.9998056040782002,0.9990468906633821,0.9998056040782002,0.0,0.002801577931709293
Ganymede,0.9394193001091482,2458672.479020782,-1.5054207378125284,0.26497310723061673,3.359999895095825,4.4170454969731265,0.9958708457441254,0.9951684823395115,0.9958708457441254,0.0,0.0027824154108908854
Ganymede,0.9399971000850202,2458672.479598582,-1.5275922873115633,0.2589192571758758,2.880000114440918,4.409167499939651,0.9993694790440288,0.9986976124900687,0.9993694790440288,0.0,0.002780316962576434
Ganymede,0.9405761997215452,2458672.4801776814,-1.5517523129528854,0.22213504413957708,2.890000104904175,4.4154225005833805,1.001626461996289,1.0009498720165562,1.001626461996289,0.0,0.002781344390762591
Ganymede,0.9411539996974172,2458672.4807554814,-1.525143525475869,0.29084692100877874,3.009999990463257,4.42166249929592,1.0022390457488821,1.0015572046244046,1.0022390457488821,0.0,0.0027832719447141675
Ganymede,0.941733899805695,2458672.4813353815,-1.435749201948056,0.45604335467214696,3.2899999618530273,4.427037312627798,0.9996402677547199,0.9989555659757557,0.9996402677547199,0.0,0.0027710847658656635
Ganymede,0.9423121999017896,2458672.4819136816,-1.4839995865768287,0.4080742592632305,3.0199999809265137,4.432345564485542,1.0002768220731049,0.9995852082518596,1.0002768220731049,0.0,0.0027637594082622636
Ganymede,0.9428884999826552,2458672.4824899817,-1.4029357199615333,0.6429536337673198,3.059999942779541,4.437636811306181,1.000412488491134,0.9997125746609623,1.000412488491134,0.0,0.0027594199788599856
Ganymede,0.9434633998200299,2458672.4830648815,-1.429087557742605,0.5937000880658161,2.8399999141693115,4.442914250618061,1.0003921078636318,0.999683779118714,1.0003921078636318,0.0,0.0027617337046767377
Ganymede,0.9440382000058891,2458672.4836396817,-1.4494561077153776,0.6235971594869625,2.859999895095825,4.4481916856551695,1.0033487195029835,1.0026297045899273,1.0033487195029835,0.0,0.0027631053299786413
Ganymede,0.9446122998371722,2458672.4842137815,-1.4680929527676199,0.604132430133177,2.950000047683716,4.453461686866354,0.9985540635625134,0.9978297343038087,0.9985540635625134,0.0,0.0027377719805246896
Ganymede,0.9451872997917237,2458672.4847887815,-1.546277542511234,0.5515980324416887,2.75,4.458740186321321,0.997746239025093,0.9970134476383163,0.997746239025093,0.0,0.0027344816688007205
Ganymede,0.9457610997371377,2458672.4853625814,-1.6085622691607568,0.6140277213125955,2.9100000858306885,4.46400806297156,1.0005344981288784,0.9997902562151125,1.0005344981288784,0.0,0.0027385390106560285
Ganymede,0.9463358999229969,2458672.4859373816,-1.563297663728008,0.6181517950899433,2.940000057220459,4.469285498008669,1.0014132866089975,1.0006584451467482,1.0014132866089975,0.0,0.0027430116044081768
Ganymede,0.9469115001149477,2458672.486512982,-1.5530545012152288,0.5217829383618664,3.0299999713897705,4.4734923329050735,0.9979045478845188,0.9971437900493522,0.9979045478845188,0.0,0.0027276215902672612
Ganymede,0.9474862998351457,2458672.4870877815,-1.572154375637183,0.5070523433096241,2.7699999809265137,4.47514800027895,0.9990998315191532,0.9983342838137987,0.9990998315191532,0.0,0.0027271906352613453
Ganymede,0.9480604997836055,2458672.4876619815,-1.5339005318528507,0.5133800310723018,2.5999999046325684,4.476801666724781,1.0017405335322929,1.0009676902628182,1.0017405335322929,0.0,0.002732831101553327
Ganymede,0.9486346997320654,2458672.4882361814,-1.553684300655732,0.34101493188063614,2.9800000190734863,4.471906333902856,0.9966279500073326,0.9958678254900961,0.9966279500073326,0.0,0.0027149808123762375
Ganymede,0.9492092000320556,2458672.4888106817,-1.5854135294503067,0.28317073264042847,2.9200000762939453,4.466114999718368,1.0047586055248998,1.0040018060465932,1.0047586055248998,0.0,0.0027311986110223683
Ganymede,0.9497832998633386,2458672.4893847816,-1.5859943832911085,0.28559198809671216,2.690000057220459,4.464347646750363,0.9984753776251966,0.9977217712756336,0.9984753776251966,0.0,0.0027084363758170596
Ganymede,0.9503581997007133,2458672.4899596814,-1.607973746926291,0.239499958435772,2.8499999046325684,4.46726941257255,0.9997918612940947,0.9990231721230838,0.9997918612940947,0.0,0.0027094784706076006
Ganymede,0.9509324001148345,2458672.490533882,-1.5933304549835157,0.21355434527504258,2.9200000762939453,4.46983280896708,0.9948328415224551,0.9940534740277245,0.9948328415224551,0.0,0.0026899446899003726
Ganymede,0.9515064999461176,2458672.4911079817,-1.5481689804873895,0.38909827938186936,2.7899999618530273,4.467232704580226,1.0024233196678727,1.0016345267555555,1.0024233196678727,0.0,0.0027084170624701734
Ganymede,0.9520806998945774,2458672.4916821816,-1.5191324380866718,0.5435380714188796,2.9200000762939453,4.464632598084717,0.9989837820884977,0.9981931858686571,0.9989837820884977,0.0,0.002694970605279019
Ganymede,0.9526552998460831,2458672.4922567816,-1.495917974942131,0.7317137794743758,3.0999999046325684,4.462030397694852,0.9985586742999365,0.9977629504748305,0.9985586742999365,0.0,0.0026901271569360623
Ganymede,0.9532315999269487,2458672.4928330816,-1.3298492720059585,0.8607698457490187,2.8299999237060547,4.459420859185794,1.0031388490834825,1.0023334110820716,1.0031388490834825,0.0,0.0026985798036604307
Ganymede,0.9538071000017228,2458672.4934085817,-1.3540242975286674,0.9823987784038763,2.8399999141693115,4.456814464681253,1.001211818792266,1.0004021188808383,1.001211818792266,0.0,0.0026916108976172623
Ganymede,0.9543812999501826,2458672.4939827817,-1.3747538486204576,0.8829472588549834,2.9100000858306885,4.454214360294399,0.9998749235960478,0.999060817731638,0.9998749235960478,0.0,0.002684261454855872
Ganymede,0.9549568000249566,2458672.4945582817,-1.3738614251778927,0.8788099551748019,2.9100000858306885,4.451607965789857,0.9997318765086872,0.9989128080687351,0.9997318765086872,0.0,0.0026796550620798933
Ganymede,0.9555311997421088,2458672.4951326814,-1.4182946538494434,0.8896831210877281,2.9700000286102295,4.4490068112928425,1.0015616316456646,1.0007364509404153,1.0015616316456646,0.0,0.002684275900074002
Ganymede,0.9561067999340596,2458672.4957082816,-1.4510214148031082,0.8458287391986232,2.930000066757202,4.446400418896956,1.0020386950672853,1.0012090923225339,1.0020386950672853,0.0,0.0026769714329337923
Ganymede,0.9566816001199188,2458672.496283082,-1.397926230536541,0.8848848242487293,2.819999933242798,4.431994988629113,0.9990723180403329,0.9982691369767445,0.9990723180403329,0.0,0.0026666421467124142
Ganymede,0.9572571998462083,2458672.4968586816,-1.4237436173425522,0.9299774181272369,2.75,4.40381465974344,0.9986323713738311,0.9978858660689189,0.9986323713738311,0.0,0.0026664800714235964
Ganymede,0.9578313997946681,2458672.4974328815,-1.38900173138245,1.0163104545499664,2.8499999046325684,4.3770915996087405,0.9995151710809782,0.9988212560278372,0.9995151710809782,0.0,0.0026653512125807306
Ganymede,0.9584061999805273,2458672.4980076817,-1.390868413465796,1.0174206657975446,2.740000009536743,4.379078400883713,1.001545963772696,1.0008357562894472,1.001545963772696,0.0,0.0026679855910098486
Ganymede,0.9589803999289872,2458672.4985818816,-1.315066891926108,1.175273062166525,2.9100000858306885,4.381062801044517,1.0038830813725548,1.003154843032925,1.0038830813725548,0.0,0.0026735025206225263
Ganymede,0.9595548997633161,2458672.4991563815,-1.4600308269436937,1.0493253483145963,3.2699999809265137,4.385964543450265,1.0012518395942318,1.000500769196818,1.0012518395942318,0.0,0.002658009517892476
Ganymede,0.9601303998380901,2458672.4997318815,-1.398133407550631,1.1240474967926275,3.2300000190734863,4.393486729319915,1.0000442350584753,0.9992616904485515,1.0000442350584753,0.0,0.002643658715225183
Ganymede,0.9607053001411261,2458672.500306782,-1.3650578476663213,1.1715556620329153,3.049999952316284,4.401129918285477,1.000182101165858,0.9993657482264562,1.000182101165858,0.0,0.0026419627216053942
Ganymede,0.9612801999785008,2458672.5008816817,-1.372423834836809,1.2832198082178365,3.059999942779541,4.409620519034914,0.9998744040552257,0.9990216631966498,0.9998744040552257,0.0,0.002639190168564213
Ganymede,0.9618565000593664,2458672.5014579818,-1.3102417138579767,1.3698993413418066,2.9000000953674316,4.41813333397523,0.9979165540388916,0.997028391000105,0.9979165540388916,0.0,0.0026304699355596895
Ganymede,0.9624320997856559,2458672.5020335815,-1.292030712327687,1.319892731931759,2.9100000858306885,4.416846686864258,1.003237200749066,1.0023319317445245,1.003237200749066,0.0,0.002642776195755996
Ganymede,0.9630059998482468,2458672.5026074816,-1.3258126990112942,1.2303281402855646,3.2200000286102295,4.412817499904656,1.0001516045171779,0.9992439487114684,1.0001516045171779,0.0,0.002627522780452065
Ganymede,0.9635816000401976,2458672.5031830817,-1.2198012785229366,1.464570564654423,3.1700000762939453,4.408776937026344,0.9964865735695324,0.9955774572814058,0.9964865735695324,0.0,0.002610257768622392
Ganymede,0.9641556998714806,2458672.5037571816,-1.2590182886633556,1.213515681651188,3.2699999809265137,4.404746122133546,0.997585034857232,0.996670508154332,0.997585034857232,0.0,0.0026100217023487396
Ganymede,0.9647305997088553,2458672.5043320814,-1.2539288561965805,1.2243184684484731,3.0999999046325684,4.400710436516934,1.0005193447368514,0.9995984167485624,1.0005193447368514,0.0,0.002618083159962631
Ganymede,0.9653053998947145,2458672.5049068816,-1.2052653145219665,1.3868010132282507,3.359999895095825,4.396674747631379,0.997324361743966,0.9964033932049219,0.997324361743966,0.0,0.0026068001989894237
Ganymede,0.9658802997320892,2458672.5054817814,-1.1517953623260837,1.312174753722502,3.140000104904175,4.392639062014767,1.000777735933697,0.9998513479038931,1.000777735933697,0.0,0.0026169326052900544
Ganymede,0.9664592997170987,2458672.5060607814,-1.1069229405547958,1.2785502164333593,3.200000047683716,4.388574122634784,1.0045499778539824,1.0036187958012128,1.0045499778539824,0.0,0.0026218627235981454
Ganymede,0.9670370996929707,2458672.5066385814,-1.0401119675661903,1.1774936332076322,3.2300000190734863,4.3845181238116036,1.0033280371851547,1.0023975450353706,1.0033280371851547,0.0,0.0026132068167136102
Ganymede,0.9676154999062421,2458672.5072169816,-0.9573429983283859,1.2537904618948232,3.319999933242798,4.380132914318255,1.001086768160052,1.0001597219152056,1.001086768160052,0.0,0.0026018891045662433
Ganymede,0.9681947997771205,2458672.5077962815,-0.8505698900844436,1.1979896328120958,3.200000047683716,4.37363629183353,1.0038344746272934,1.0029126759210012,1.0038344746272934,0.0,0.002606438111706495
Ganymede,0.9687738998793067,2458672.5083753816,-0.8079003814782482,1.0883266231685411,3.140000104904175,4.367140964496452,1.0043545732133359,1.0034411092797595,1.0043545732133359,0.0,0.0026017617776426475
Ganymede,0.9693531997501852,2458672.5089546815,-0.7984062677423935,0.9774807593494188,3.2799999713897705,4.360644342011728,1.0026036165523708,1.0017016688343605,1.0026036165523708,0.0,0.0025959201956355818
Ganymede,0.9699285997077824,2458672.5095300814,-0.7454547939996701,0.7515141269832384,3.319999933242798,4.354190548179597,1.0038892042510723,1.0029969600297035,1.0038892042510723,0.0,0.0026022383301068726
Ganymede,0.9705077999271454,2458672.5101092816,-0.6299795417289715,0.806807493296219,3.2200000286102295,4.347695220842519,0.9994505297018167,0.9985742794553973,0.9994505297018167,0.0,0.002589516959267189
Ganymede,0.9710834001190962,2458672.510684882,-0.6834374686877709,0.7833482189744245,3.180000066757202,4.341238836715096,1.0020681643845923,1.0012027394223435,1.0020681643845923,0.0,0.0025915005013963746
Ganymede,0.9716612000949683,2458672.511262682,-0.6322053803305607,0.8993741660087835,3.0299999713897705,4.334759087706354,1.0006284130312066,0.9997785215465422,1.0006284130312066,0.0,0.002584051200094272
Ganymede,0.9722395998425784,2458672.5118410815,-0.6448597835551482,0.6754681705206167,2.9800000190734863,4.3282715469222595,1.0020352727534318,1.001199400914318,1.0020352727534318,0.0,0.0025848435656696165
Ganymede,0.9728196000680329,2458672.512421082,-0.607474599237321,0.8723346530168783,3.0299999713897705,4.321767132662182,1.0000690548089681,0.9992508326577774,1.0000690548089681,0.0,0.0025748844987953535
Ganymede,0.9733970996923746,2458672.5129985814,-0.5543828422378283,0.9124997309118044,2.7899999618530273,4.3152899791711015,0.9989950899777714,0.9981943900185103,0.9989950899777714,0.0,0.0025681196978385367
Ganymede,0.973975499905646,2458672.5135769816,-0.5390572177420836,0.9444780214398634,2.559999942779541,4.308802438387007,1.0009771118823236,1.0001922020619705,1.0009771118823236,0.0,0.0025698461114287445
Ganymede,0.9745532998815181,2458672.5141547816,-0.5505983691837173,0.9016821398108732,2.759999990463257,4.302322689378265,0.9960143911938483,0.9952512713496534,0.9960143911938483,0.0,0.0025572373215522223
Ganymede,0.9751317000947894,2458672.514733182,-0.4535074692394119,0.8922329353808891,2.619999885559082,4.295835148594169,1.0013967060293476,1.0006480618459614,1.0013967060293476,0.0,0.002569974084500876
Ganymede,0.9757087997160854,2458672.5153102814,-0.4012034211482387,0.9188002342998516,2.869999885559082,4.289363186138411,1.00103653390447,1.000307246193594,1.00103653390447,0.0,0.0025670806669787286
Ganymede,0.9762865000404419,2458672.5158879817,-0.3546045843686443,0.9136903690814506,3.0799999237060547,4.282883437129669,1.0006714991479813,0.9999620735891207,1.0006714991479813,0.0,0.002561049258327873
Ganymede,0.9768640001304449,2458672.516465482,-0.2268293474044185,1.019195656728698,3.200000047683716,4.276407578786234,0.998569408303251,0.997881483669766,0.998569408303251,0.0,0.0025542108346116466
Ganymede,0.9774416999891402,2458672.5170431817,-0.22499707594397478,0.9794143582403194,3.2300000190734863,4.269927829777492,0.9999985746080803,0.9993301137206959,0.9999985746080803,0.0,0.0025541308528748046
Ganymede,0.9780173998326065,2458672.5176188815,-0.1655313211667817,0.884700834256364,3.299999952316284,4.263471445650069,0.9988097541722093,0.9981628482954441,0.9988097541722093,0.0,0.002549475134478186
Ganymede,0.9785964999347927,2458672.5181979816,-0.12496000409009866,0.636083811026765,3.4800000190734863,4.256976118312991,0.9966799982603809,0.9960555935755169,0.9966799982603809,0.0,0.002543366271773801
Ganymede,0.9791736000217499,2458672.5187750817,-0.1502236041415017,0.6590045387565624,3.190000057220459,4.24532605440399,1.000615712511864,1.0000236085946848,1.000615712511864,0.0,0.002551929036796606
Ganymede,0.9797512998804452,2458672.5193527816,-0.08991468578460626,0.624120208871318,3.4200000762939453,4.2327411734754765,0.9978676288663805,0.9973144222566589,0.9978676288663805,0.0,0.002543677349249137
Ganymede,0.9803287999704482,2458672.5199302817,-0.057241230009822175,0.5057895215868484,3.0999999046325684,4.221214874889899,1.0016030950822667,1.0010826406291575,1.0016030950822667,0.0,0.0025450891412184223
Ganymede,0.9809057999402286,2458672.5205072816,0.00972546756383963,0.4774673576175701,3.2699999809265137,4.2109152909537615,0.9970651468959243,0.9965786813436386,0.9970651468959243,0.0,0.0025299882004462815
Ganymede,0.9814842998050155,2458672.5210857815,0.038309260533424094,0.28059592793579213,3.0899999141693115,4.201550008113683,1.0015859712290858,1.0011267623088178,1.0015859712290858,0.0,0.0025415981619686533
Ganymede,0.9820628001354637,2458672.521664282,0.037156859441893175,0.03871913204784505,2.880000114440918,4.215294501873523,0.9978765131890731,0.9973882075497131,0.9978765131890731,0.0,0.002532018243392054
Ganymede,0.9826411998830737,2458672.5222426816,0.03932939752121456,0.06348695556516759,2.940000057220459,4.229039006697477,0.9990384095068578,0.9985185757590556,0.9990384095068578,0.0,0.0025359119507481786
Ganymede,0.983218299970031,2458672.5228197817,0.08451338022132404,0.09212444114382379,3.440000057220459,4.235720001304858,0.9973117790850269,0.9967802848978176,0.9973117790850269,0.0,0.002532414210159139
Ganymede,0.983798099961132,2458672.5233995817,0.11634496509213932,-0.014771877351449803,3.130000114440918,4.238428108825192,1.0010279759094354,1.0004922202460147,1.0010279759094354,0.0,0.002535043895070337
Ganymede,0.984375899937004,2458672.5239773816,0.17458857133169658,0.09686049210722558,2.990000009536743,4.241126488625984,1.00189758128259,1.0013589955730255,1.00189758128259,0.0,0.0025337235704434324
Ganymede,0.9849528999067845,2458672.5245543816,0.21206839292426594,0.07913390497560613,2.9000000953674316,4.243821623678831,1.0038199756000332,1.0032778816181671,1.0038199756000332,0.0,0.002536077108902942
Ganymede,0.9855298998765649,2458672.5251313816,0.1593094310082961,0.05530771563644521,2.880000114440918,4.246516217215432,0.9994940298903785,0.99895169389245,0.9994940298903785,0.0,0.002521678892965985
Ganymede,0.9861083997413518,2458672.5257098814,0.21398223101277836,0.10028449023957364,3.0,4.249218378930886,1.0052532892150572,1.004705050534653,1.0052532892150572,0.0,0.002528764788709733
Ganymede,0.9866853997111322,2458672.5262868814,0.22202199048479088,0.17574085618252866,3.049999952316284,4.251912974642251,1.0001220764190957,0.9995743666544042,1.0001220764190957,0.0,0.0025110814218237514
Ganymede,0.9872651000507178,2458672.5268665818,0.2757786820002366,0.23937685365672223,3.0199999809265137,4.254620540646339,1.0028523099498008,1.0023015561128226,1.0028523099498008,0.0,0.0025117282504616015
Ganymede,0.9878437000326814,2458672.5274451817,0.32950688249547966,-0.06894667868618853,3.0199999809265137,4.257322704536557,1.0028011158415313,1.002249537974213,1.0028011158415313,0.0,0.002508870915476444
Ganymede,0.9884213998913767,2458672.5280228816,0.3465261133678723,-0.06979047550703399,3.1700000762939453,4.2600203488667026,0.9988494741797276,0.9982998623017062,0.9988494741797276,0.0,0.0024978663836889535
Ganymede,0.9889991998672487,2458672.5286006816,0.28102612218935974,-0.21787781312013976,3.119999885559082,4.262624869460992,1.0035856445131421,1.0030340048941042,1.0035856445131421,0.0,0.0025057633671732313
Ganymede,0.9895753998309376,2458672.5291768815,0.358100746787386,-0.19959750628913753,3.240000009536743,4.265222607799419,0.998335602061142,0.9977879694221631,0.998335602061142,0.0,0.0024885272343641066
Ganymede,0.9901531998068096,2458672.5297546815,0.4213133501179982,-0.24403605094994418,3.200000047683716,4.287012005568267,0.9972623639225466,0.9966688302172587,0.9972623639225466,0.0,0.002485782926911601
Ganymede,0.990732199791819,2458672.5303336815,0.382158746040659,-0.280429015372647,3.490000009536743,4.317029997827411,0.9978093530187367,0.9971498111977648,0.9978093530187367,0.0,0.0024890757552908415
Ganymede,0.9913115997798743,2458672.5309130815,0.44678280226071365,-0.18031546703423373,3.200000047683716,4.337370416775073,1.0006602278860115,0.9999580257359358,1.0006602278860115,0.0,0.0024922829300933667
Ganymede,0.9918890998698773,2458672.5314905816,0.30001727215130813,-0.4601775430783164,2.9000000953674316,4.335291250365451,1.0035957810322094,1.002906318337476,1.0035957810322094,0.0,0.002492999843372506
Ganymede,0.9924660998396577,2458672.5320675815,0.3436667220958043,-0.5648293592676055,3.1500000953674316,4.333213750278279,1.0033985941746193,1.002724158990579,1.0033985941746193,0.0,0.0024878646638892173
Ganymede,0.9930431999266149,2458672.5326446816,0.28202376238186844,-0.5812635817273986,3.619999885559082,4.323774439219259,0.999066262075886,0.9984276375025154,0.999066262075886,0.0,0.002474917088607473
Ganymede,0.9936208997853102,2458672.5332223815,0.27100516951759346,-0.42826851687277667,3.8299999237060547,4.313478433908486,1.0040341283054912,1.0034274616747836,1.0040341283054912,0.0,0.0024824409703566213
Ganymede,0.9941991998814048,2458672.5338006816,0.28964686862309463,-0.2749794223054778,3.490000009536743,4.3031741886003605,1.0025635583306742,1.0019929545307413,1.0025635583306742,0.0,0.002472748239831302
Ganymede,0.9947776000946762,2458672.534379082,0.2893477050238289,-0.4110401072248351,3.619999885559082,4.292865810846434,1.002191815760459,1.0016564649017046,1.002191815760459,0.0,0.002470051643653024
Ganymede,0.9953546997159721,2458672.5349561814,0.2270763223641552,-0.43987847535754554,3.2699999809265137,4.282582186276897,0.9997850958108251,0.9992858086500187,0.9997850958108251,0.0,0.0024621254318840675
Ganymede,0.9959324000403287,2458672.5355338817,0.2394758477457799,-0.48959862484480254,3.0199999809265137,4.272286189264207,1.0014115781447062,1.0009461807961677,1.0014115781447062,0.0,0.0024647549356372556
Ganymede,0.9965087001211943,2458672.536110182,0.2672433402040042,-0.5277737718715798,3.109999895095825,4.262017003360724,0.9995400637984402,0.9991099839204112,0.9995400637984402,0.0,0.0024605316617039713
Ganymede,0.9970871999859812,2458672.5366886817,0.2706502262153663,-0.28754049955750816,3.2799999713897705,4.251706559383897,1.0013897738312314,1.000993370487437,1.0013897738312314,0.0,0.002463813035548918
Ganymede,0.9976663000881674,2458672.537267782,0.29836714785778895,-0.2737056999176275,3.430000066757202,4.241387875409718,0.996876897509876,0.9965164011646421,0.996876897509876,0.0,0.0024544870773195544
Ganymede,0.9982433000579478,2458672.5378447818,0.33647386875236407,-0.3115387982397806,3.119999885559082,4.245933997537732,1.0012899627026695,1.00092562047149,1.0012899627026695,0.0,0.002464621575993469
Ganymede,0.9988203000277283,2458672.5384217817,0.2880658298381604,-0.318411140673561,3.140000104904175,4.288306518170626,1.0018723970985675,1.0014133877190077,1.0018723970985675,0.0,0.0024640699643168297
Ganymede,0.9993979998864235,2458672.5389994816,0.346443829650525,-0.5333855738572311,3.0899999141693115,4.330738509415895,1.00051239240286,0.9999600513052708,1.00051239240286,0.0,0.002458805475707724
Ganymede,0.9999750999733807,2458672.5395765817,0.3548056935542263,-0.4828086448542308,3.5399999618530273,4.350192754280135,1.0011765568714388,1.000585572421618,1.0011765568714388,0.0,0.0024573441219944117
Ganymede,1.0005542997270824,2458672.5401557814,0.43346343241864815,-0.6023439122072887,3.440000057220459,4.366458998744726,1.0016815812985422,1.0010596567142247,1.0016815812985422,0.0,0.0024556595238357003
Ganymede,1.0011316996999087,2458672.5407331814,0.4369479872402735,-0.667578066670103,3.259999990463257,4.365555995139837,1.0032060860221839,1.0025936626300809,1.0032060860221839,0.0,0.00245897994071042
Ganymede,1.001709500141442,2458672.541310982,0.5464610092458315,-0.6216339496604633,3.190000057220459,4.345587999259711,1.002077131550911,1.0015213252661244,1.002077131550911,0.0,0.0024518932771205137
Ganymede,1.0022861001081766,2458672.541887582,0.4838579379138537,-0.5294204903475475,3.440000057220459,4.3237884189777995,0.9982424329969276,0.9977486452730023,0.9982424329969276,0.0,0.002438259558334195
Ganymede,1.0028643000870945,2458672.542465782,0.4639582567033358,-0.4977453080646228,3.25,4.275892874813132,1.0043528315500299,1.0039791130122235,1.0043528315500299,0.0,0.0024500212879645274
Ganymede,1.003444199729711,2458672.5430456814,0.5127271942910738,-0.5671630082360934,3.3499999046325684,4.227853539451074,1.0007011297678983,1.0004518246448464,1.0007011297678983,0.0,0.0024395349797418004
Ganymede,1.004021999705583,2458672.5436234814,0.44707414583535865,-0.48999999740044586,3.1600000858306885,4.210124125013076,1.001298486371712,1.0010987013042565,1.001298486371712,0.0,0.0024403119264009613
Ganymede,1.0045995999127628,2458672.5442010816,0.477805076923687,-0.4522262317768764,3.309999942779541,4.2087723955246,1.0004692698704267,1.0002793738856883,1.0004692698704267,0.0,0.002436932237459612
Ganymede,1.00517669999972,2458672.5447781817,0.5125896062818356,-0.24058344491641037,3.25,4.207422020467939,0.9987055217321843,0.9985254289157101,0.9987055217321843,0.0,0.0024282286753732675
Ganymede,1.0057536999695005,2458672.5453551817,0.6330425467458554,-0.010846848570508882,3.1600000858306885,4.206071645411277,1.0020878166865828,1.0019164655114905,1.0020878166865828,0.0,0.0024362692973497265
Ganymede,1.0063308000564577,2458672.5459322818,0.46545531117590144,-0.03854383804718964,3.109999895095825,4.204721270354615,1.0017297968164167,1.0015677081824088,1.0017297968164167,0.0,0.002433063880951111
Ganymede,1.006908499915153,2458672.5465099816,0.39244850241811946,0.21471623799880035,3.119999885559082,4.203369270633565,1.0017532637861881,1.0016002546832532,1.0017532637861881,0.0,0.00243041493331013
Ganymede,1.007486299891025,2458672.5470877816,0.5028218802181073,0.11753195992787369,3.369999885559082,4.202017270912514,1.0021709592087282,1.0020268487508182,1.0021709592087282,0.0,0.0024309216471185236
Ganymede,1.008064399752766,2458672.5476658815,0.4933307718602009,0.40210560432751663,3.1600000858306885,4.200664458314447,0.999292935282947,0.9991580523284034,0.999292935282947,0.0,0.0024243155386906804
Ganymede,1.0086413997225465,2458672.5482428814,0.5082789536681958,0.4566210070915986,2.880000114440918,4.199314083257785,0.9971955005194512,0.9970695646491485,0.9971955005194512,0.0,0.002415878253628438
Ganymede,1.0092191996984186,2458672.5488206814,0.46738081687362865,0.5875892201729584,2.8299999237060547,4.197743327334126,0.9997243644340807,0.9996071895244091,0.9997243644340807,0.0,0.0024195291075500176
Ganymede,1.0097962997853758,2458672.5493977815,0.4907005921122618,0.7100899601646233,3.180000066757202,4.18860232695057,1.0045306013041226,1.004440104391063,1.0045306013041226,0.0,0.0024296297867326486
Ganymede,1.0103776001371445,2458672.549979082,0.4686333190766163,0.7109556377690751,3.3399999141693115,4.179393496179193,0.9948991907936748,0.9948365268241189,0.9948991907936748,0.0,0.002402438946083764
Ganymede,1.0109546997584404,2458672.5505561815,0.34833806270034984,0.5858128697436769,3.2799999713897705,4.187233754451208,1.0040344811888966,1.0039574039681505,1.0040344811888966,0.0,0.002424370825562735
Ganymede,1.0115321998484434,2458672.5511336816,0.3791842691716738,0.6616332859557588,3.180000066757202,4.2051145795789395,1.0011405637406792,1.001025933063392,1.0011405637406792,0.0,0.002418854365333204
Ganymede,1.0121098997071387,2458672.5517113814,0.3329804286477156,0.7113183581095655,3.2799999713897705,4.220314118348305,1.003281242171093,1.0031349773476166,1.003281242171093,0.0,0.00242123569992514
Ganymede,1.012686299905181,2458672.5522877816,0.35279339441331103,0.7134466998104472,3.2100000381469727,4.226172943317597,0.9976844716231401,0.9975299200264168,0.9976844716231401,0.0,0.0024041023414942257
Ganymede,1.0132647001184525,2458672.552866182,0.34241342899622396,0.7718486718658824,3.2100000381469727,4.232052940382945,1.0022465651021732,1.0020820665017045,1.0022465651021732,0.0,0.002414422316555598
Ganymede,1.0138431999832394,2458672.5534446817,0.23962122556986287,0.8425199545745272,3.0899999141693115,4.225662248174086,0.9990571051030177,0.9989128049977194,0.9990571051030177,0.0,0.002403913249592543
Ganymede,1.0144216998480262,2458672.5540231816,0.2628678118926473,0.799313888681354,3.2100000381469727,4.216913998986125,1.0032486589214962,1.0031289739580538,1.0032486589214962,0.0,0.002412231751041285
Ganymede,1.014999300055206,2458672.5546007818,0.1446357106906362,0.9954647131089587,2.880000114440918,4.271823165637145,1.004692760863394,1.0044475321111872,1.004692760863394,0.0,0.0024117609676384214
Ganymede,1.015578399691731,2458672.5551798814,0.2386763280373998,1.0045055735681672,2.9100000858306885,4.409016179756295,1.0027138845485277,1.0021538877769949,1.0027138845485277,0.0,0.002404828779987493
Ganymede,1.0161577000282707,2458672.5557591817,0.20196433347882703,1.1549412745807786,2.7100000381469727,4.546236660032669,1.002299322718014,1.0014298587043455,1.002299322718014,0.0,0.002400694201706063
Ganymede,1.016735399886966,2458672.5563368816,0.18697919213445857,1.1737180005584378,2.9000000953674316,4.683100631794371,1.0044483810981792,1.0032726648578159,1.0044483810981792,0.0,0.0024076339985921237
Ganymede,1.017313199862838,2458672.5569146816,0.23074054234893993,1.2675008203659672,3.180000066757202,4.819964603556073,0.9977656193869983,0.9962995877932131,0.9977656193869983,0.0,0.0023926027984749803
Ganymede,1.0178893998265268,2458672.5574908815,0.16543449723394588,1.3288130748842377,3.119999885559082,4.700599682612506,1.0031904074195384,1.0019873480263706,1.0031904074195384,0.0,0.002405739083391086
Ganymede,1.0184679998084905,2458672.5580694815,0.1805805049953051,1.321023859345587,2.8399999141693115,4.432104854678903,1.00561948654447,1.0050273369718707,1.00561948654447,0.0,0.0024086940005597036
Ganymede,1.019044599775225,2458672.5586460815,0.18535098276333883,1.3559644485649187,2.630000114440918,4.2011212536243345,0.9992538289910711,0.9992041661858961,0.9992538289910711,0.0,0.002389858189714824
Ganymede,1.0196223000995817,2458672.559223782,0.06616411200957373,1.2719825397070963,2.8399999141693115,4.181569241900399,1.003765790771495,1.0037657907714952,1.003765790771495,0.0,0.0023961873752459725
Ganymede,1.0201993997208776,2458672.5598008814,0.10349594644503668,1.5701673219737131,2.7699999809265137,4.162040741080984,1.0058230819649199,1.0058730683731538,1.0058230819649199,0.0,0.0023986421530478638
Ganymede,1.0207784998230638,2458672.5603799815,0.0845440014381893,1.4727373908099253,2.690000057220459,4.14700469882455,1.0016194573658774,1.001708403208039,1.0016194573658774,0.0,0.002391042755998441
Ganymede,1.0213577996939422,2458672.5609592814,-0.0012107432703487575,1.343795676046284,2.9000000953674316,4.133545880481892,1.001312787330811,1.0014371438933622,1.001312787330811,0.0,0.0023934870408255527
Ganymede,1.0219355000182988,2458672.5615369817,-0.054393419704865664,1.5635782222088892,2.809999942779541,4.132709515069992,1.0015877772327553,1.0017176412854958,1.0015877772327553,0.0,0.002395594610962762
Ganymede,1.0225130001083018,2458672.562114482,-0.022365892014931887,1.54788320910302,2.880000114440918,4.153917012448133,1.0000734571226568,1.000156423824157,1.0000734571226568,0.0,0.0023906263186918874
Ganymede,1.0230921998620035,2458672.5626936816,-0.12037908443016931,1.5483039158862084,2.9100000858306885,4.175184014636816,1.0020652787427162,1.0021016132729392,1.0020652787427162,0.0,0.0023916677525738918
Ganymede,1.0236706000752749,2458672.563272082,-0.14023593784077093,1.4502161133568734,3.119999885559082,4.165667098167039,0.9987563423381149,0.9988183161912345,0.9987563423381149,0.0,0.0023785480040264023
Ganymede,1.0242498999461533,2458672.5638513817,-0.17008029081625864,1.5252134937327355,3.119999885559082,4.1549063439003655,1.0006116832781144,1.000702497992418,1.0006116832781144,0.0,0.002383387210248893
Ganymede,1.0248275998048486,2458672.5644290815,-0.19877119892043993,1.4429193648975343,2.9200000762939453,4.144173546834487,1.001647931358157,1.0017675392658243,1.001647931358157,0.0,0.002387146956022155
Ganymede,1.0254061001352968,2458672.565007582,-0.13567606889409944,1.6480981919448823,3.0899999141693115,4.133427843783588,1.0034505315263382,1.0035991364025116,1.0034505315263382,0.0,0.0023907850572108032
Ganymede,1.0259821999818088,2458672.5655836817,-0.16551961161894724,1.6526690686587244,3.569999933242798,4.12272514914926,0.9981429310914652,0.9983193032934897,0.9981429310914652,0.0,0.002375857883178725
Ganymede,1.026559300068766,2458672.566160782,-0.2450068459729664,1.7092744188848883,3.2100000381469727,4.112005240768155,0.9997227369468294,0.9999280513660518,0.9997227369468294,0.0,0.002378562914828219
Ganymede,1.0271369999274613,2458672.5667384816,-0.1623911500792019,1.7071727677248418,3.140000104904175,4.101272443702277,1.003189185476497,1.003424040682602,1.003189185476497,0.0,0.0023859100889369266
Ganymede,1.0277147999033334,2458672.5673162816,-0.20209229149622843,1.7233832175843418,3.069999933242798,4.090539646636399,1.0004376161955164,1.0007005307223023,1.0004376161955164,0.0,0.0023784167290085327
Ganymede,1.0282909998670222,2458672.5678924816,-0.17478017852408811,1.7939152042381465,3.0999999046325684,4.079834798121193,1.0039377855545373,1.0042302271191126,1.0039377855545373,0.0,0.0023826968662363094
Ganymede,1.0288687998428943,2458672.5684702815,-0.30448636756045744,1.7248561452142894,3.0899999141693115,4.069101992405191,1.003074311033423,1.0033950253214639,1.003074311033423,0.0,0.002378463809726359
Ganymede,1.0294472000561656,2458672.5690486818,-0.3240901992539875,1.6919380719773471,3.130000114440918,4.0583562980044166,1.0015235042448387,1.001872107458125,1.0015235042448387,0.0,0.002373440032147994
Ganymede,1.0300243001431229,2458672.569625782,-0.2244373054127209,1.6963086053729057,2.930000066757202,4.047636398273435,1.0018197137610676,1.0021966451973001,1.0018197137610676,0.0,0.0023737389127056617
Ganymede,1.030602699890733,2458672.5702041816,-0.2948295191745274,1.700651299674064,2.9800000190734863,4.047783667089561,1.001006910259065,1.001385833125532,1.001006910259065,0.0,0.002372681841759938
Ganymede,1.0311834000051023,2458672.5707848817,-0.2867952396045439,1.8162479368038476,3.009999990463257,4.048619833729853,1.0045575162461338,1.004938392232953,1.0045575162461338,0.0,0.002380142757005638
Ganymede,1.0317633001133801,2458672.571364782,-0.271232936240267,1.6969819930382073,3.200000047683716,4.058701662392866,1.0032014228233825,1.0035603857819073,1.0032014228233825,0.0,0.0023735890952162595
Ganymede,1.032341799978167,2458672.5719432817,-0.1474957798491232,1.564548667985946,3.009999990463257,4.076463136813908,1.0013712134268007,1.0016900212940296,1.0013712134268007,0.0,0.0023676745999826714
Ganymede,1.0329186998307707,2458672.5725201815,-0.27228162036044523,1.4890207243151963,3.1600000858306885,4.089139332720001,1.0044105111089756,1.0047027750016448,1.0044105111089756,0.0,0.002375252642141766
Ganymede,1.0334977999329569,2458672.5730992816,-0.24008242756826803,1.5709618446417153,2.9800000190734863,4.065787330316742,1.0012187737439948,1.0015675967522466,1.0012187737439948,0.0,0.002367225488544923
Ganymede,1.034074900019914,2458672.5736763817,-0.24632460827706382,1.4660933879204094,2.9000000953674316,4.0425193293404185,0.99941673755214,0.9998220410925519,0.99941673755214,0.0,0.00235953838994722
Ganymede,1.0346548997797074,2458672.5742563815,-0.11553577537415549,1.6141345617361367,2.7100000381469727,4.032310706665667,0.998010166312879,0.9984411210521851,0.998010166312879,0.0,0.002356703497210277
Ganymede,1.0352332999929788,2458672.5748347817,-0.10236312093911693,1.6768163931556046,2.5999999046325684,4.0272085844097445,1.0023237191687273,1.0027707153982768,1.0023237191687273,0.0,0.002366596365736545
Ganymede,1.035806699935347,2458672.5754081816,-0.12365738692460582,1.5879541081376374,2.5999999046325684,4.022151373647214,0.9995935652376589,1.000053328474199,0.9995935652376589,0.0,0.0023604788875253523
Ganymede,1.03638420002535,2458672.5759856817,-0.23909027519403026,1.6024048286490142,2.9600000381469727,4.017057416370611,0.9949937790412584,0.9954653735488171,0.9949937790412584,0.0,0.00234803978622737
Ganymede,1.0369625997729601,2458672.5765640815,-0.21239729988155887,1.6057734352070838,3.0799999237060547,4.011955290007557,1.0004909161891713,1.00097909794925,1.0004909161891713,0.0,0.0023611183856095974
Ganymede,1.0375425999984147,2458672.5771440817,-0.25919432210503146,1.5943887627217919,3.0199999809265137,4.006839897606674,0.9941975402569502,0.9946965151639846,0.9941975402569502,0.0,0.002344508969373124
Ganymede,1.038119700085372,2458672.577721182,-0.22192509862361476,1.531935008475557,3.259999990463257,4.00174900014375,0.9971832677557272,0.9976975269956516,0.9971832677557272,0.0,0.0023518286144985122
Ganymede,1.0386959000490608,2458672.5782973818,-0.22692083072615787,1.5774482993874699,3.190000057220459,3.996667290336127,0.9964251923361782,0.9969527610319112,0.9964251923361782,0.0,0.002351243597337553
Ganymede,1.039273599907756,2458672.5788750816,-0.2169941455940716,1.7036809085402638,3.3399999141693115,3.9915712918146946,0.9991195097398823,0.9996622205075764,0.9991195097398823,0.0,0.0023544375182164936
Ganymede,1.0398504997603597,2458672.5794519815,-0.22736450721276924,1.424980020383373,3.3399999141693115,3.986127585889959,0.9972153591284643,0.9977714889729068,0.9972153591284643,0.0,0.002348055752403066
Ganymede,1.0404274997301401,2458672.5800289814,-0.2281707081128843,1.2591413019690663,3.3299999237060547,3.977531032413694,0.9958392369585594,0.9964163491494158,0.9958392369585594,0.0,0.002344694328489453
Ganymede,1.0410052997060122,2458672.5806067814,-0.1393510404159315,1.4275262265000492,3.119999885559082,3.968924136244687,0.9981663709858887,0.9987666070176507,0.9981663709858887,0.0,0.0023487176697633543
Ganymede,1.0415831001475455,2458672.581184582,-0.15195471356855705,1.375993678579107,3.309999942779541,3.94535340586921,0.9993490673834344,1.000006885442179,0.9993490673834344,0.0,0.002352641796135862
Ganymede,1.0421601997688414,2458672.5817616815,-0.1185398058150895,1.1443995779845864,3.2300000190734863,3.917514904701108,0.9989787134584603,0.9997031848024258,0.9989787134584603,0.0,0.002349601548969356
Ganymede,1.0427385999821128,2458672.5823400817,-0.1384492416982539,1.1116530357394367,2.940000057220459,3.891780568876259,0.9980866195405577,0.9988724142786629,0.9980866195405577,0.0,0.0023452751670409973
Ganymede,1.0433167999610307,2458672.5829182817,-0.14798895857529715,1.13729258463718,3.200000047683716,3.8697149178054038,1.0003416871413464,1.0011827770591546,1.0003416871413464,0.0,0.0023485078241417346
Ganymede,1.0438960998319091,2458672.5834975815,-0.13617025903658941,1.0984567089471966,3.4100000858306885,3.8476094983030005,1.0021100539111552,1.0030063912913416,1.0021100539111552,0.0,0.0023531552158310553
Ganymede,1.044474599696696,2458672.5840760814,0.0012107432703487575,1.0168625621590763,3.3499999046325684,3.8348500048279766,0.9995264413893754,1.000451975213586,0.9995264413893754,0.0,0.0023473661142708086
Ganymede,1.0450529999099674,2458672.5846544816,0.11106954672141,1.0375716595444828,3.6500000953674316,3.822355000442564,1.000412497586919,1.00136975182991,1.000412497586919,0.0,0.0023505437247580505
Ganymede,1.0456314001232387,2458672.585232882,0.09727155015571043,0.8445640264544636,3.7100000381469727,3.8155838009257774,0.9987038384035802,0.9996767077027164,0.9987038384035802,0.0,0.00234513698477155
Ganymede,1.0462092000991108,2458672.585810682,-0.002078425430227071,0.40914199338294566,3.440000057220459,3.8131084296317046,0.9987374414252923,0.9997173728720697,0.9987374414252923,0.0,0.002343342796038829
Ganymede,1.0467882997356357,2458672.5863897814,-0.050277319096494466,0.06301907286979258,3.259999990463257,3.810627107158547,0.995474865372476,0.9964585809242793,0.995474865372476,0.0,0.0023370152369516428
Ganymede,1.047365399822593,2458672.5869668815,-0.05108039703918621,-0.07496337010525167,3.259999990463257,3.8081547104565003,0.9999464125517918,1.0009415098771461,0.9999464125517918,0.0,0.0023479782314454875
Ganymede,1.0479418000206353,2458672.5875432817,-0.1252381640370004,-0.2537051977124065,3.200000047683716,3.8056852883464805,0.9997511943718258,1.0007530215109466,0.9997511943718258,0.0,0.0023469039359566555
Ganymede,1.048518699873239,2458672.5881201816,-0.1689419510657899,-0.6885709406342357,3.319999933242798,3.803213388407287,1.0037330157308415,1.0047457631487673,1.0037330157308415,0.0,0.0023559401901738753
Ganymede,1.0490972998552026,2458672.5886987816,-0.1155970084364526,-0.740841189166531,3.2699999809265137,3.8007345457583344,0.9979972151493467,0.9990110521384234,0.9979972151493467,0.0,0.002342835292019666
Ganymede,1.0496749997138979,2458672.5892764814,-0.11771537474123761,-0.8487012104596943,3.0,3.79825917246923,0.9973615176848037,0.9983815416039831,0.9973615176848037,0.0,0.002339291780745586
Ganymede,1.0502523996867241,2458672.5898538814,-0.14932138210861012,-0.9919660852756351,3.130000114440918,3.795785289468686,0.9990644473179501,1.0000930241614903,0.9990644473179501,0.0,0.0023401973083322547
Ganymede,1.0508294001221659,2458672.590430882,-0.14323544286889955,-1.193843321641907,3.0999999046325684,3.7933133875344613,0.9961528448559679,0.9971851880467684,0.9961528448559679,0.0,0.002333267656400346
Ganymede,1.0514092997647824,2458672.5910107815,-0.1399281452759169,-1.3323296324815601,3.200000047683716,3.783800414570346,1.003622770812434,1.0046864257557069,1.003622770812434,0.0,0.002353253412942597
Ganymede,1.0519883998669686,2458672.5915898816,-0.10239388229092583,-1.4042452143039554,3.0799999237060547,3.773287808920329,0.9999157559859861,1.0010013276762326,0.9999157559859861,0.0,0.0023440574137979643
Ganymede,1.0525662999600174,2458672.5921677817,-0.14106656046351418,-1.6662766800727695,3.309999942779541,3.762016334318598,1.0026941119180588,1.0038104217030566,1.0026941119180588,0.0,0.0023492072550148654
Ganymede,1.0531447998248042,2458672.5927462815,-0.22672027529915795,-1.7510129527654499,3.2699999809265137,3.7499378300793667,0.9961369903114251,0.9972754661845153,0.9961369903114251,0.0,0.002332126118475583
Ganymede,1.0537305998615922,2458672.5933320816,-0.25383624428650364,-2.1495778874959797,3.1700000762939453,3.7363887087949967,1.0034787629901711,1.004658834283426,1.0034787629901711,0.0,0.00234937666741381
Ganymede,1.054314200114459,2458672.593915682,-0.21977838495513424,-2.360713587841019,3.4200000762939453,3.7118251189542413,0.9982432623000005,0.9994765334877544,0.9982432623000005,0.0,0.0023411099781179604
Ganymede,1.0548912000842394,2458672.594492682,-0.18477077403804287,-2.4198982210364193,3.3399999141693115,3.687534352045408,1.0009648181960864,1.0022604593475997,1.0009648181960864,0.0,0.0023480065728804225
Ganymede,1.0554724999703469,2458672.5950739817,-0.20118843944510445,-2.6490595580544323,3.559999942779541,3.6729061912381726,0.9966382681906301,0.997963996184714,0.9966382681906301,0.0,0.0023382699860850583
Ganymede,1.0560453997924926,2458672.5956468815,-0.11501760216196999,-2.809114688774571,3.609999895095825,3.661325438003903,1.0008045621854387,1.002164360267814,1.0008045621854387,0.0,0.0023478836410549997
Ganymede,1.056629800051451,2458672.5962312818,-0.14007109025260434,-2.822943127481267,3.559999942779541,3.6495130847653026,0.9985190955347902,0.9999048118606381,0.9985190955347902,0.0,0.002344847718434125
Ganymede,1.0572057997807862,2458672.5968072815,-0.09922977903624997,-2.963860339252278,3.569999933242798,3.637869172171998,1.0006716247792995,1.0020890231970927,1.0006716247792995,0.0,0.002353233720933481
Ganymede,1.0577863997779788,2458672.5973878815,-0.11422359285643324,-3.114056548802182,3.240000009536743,3.626131678304844,1.00323081552962,1.004680840908064,1.00323081552962,0.0,0.002358763428300304
Ganymede,1.0583599999547006,2458672.5979614817,-0.11147226503817365,-3.1048543581273407,3.3499999046325684,3.6145368907033135,0.9990186052694524,1.0004910913473155,0.9990186052694524,0.0,0.0023498828499675206
Ganymede,1.0589320997707548,2458672.5985335815,0.011808230367023498,-3.192083609988913,3.390000104904175,3.602972525016597,1.0029036423168811,1.0044104625190735,1.0029036423168811,0.0,0.0023554568186515477
Ganymede,1.0595120999962093,2458672.5991135817,-0.13275948277441785,-3.2061480178963393,3.380000114440918,3.5912490655167044,1.0068933571569727,1.0084353004813358,1.0068933571569727,0.0,0.002364456690445683
Ganymede,1.060092699993402,2458672.5996941817,-0.10783292836276814,-3.5410632386337966,3.190000057220459,3.57951157164955,0.9976180076716219,0.9991746558550716,0.9976180076716219,0.0,0.0023392106070363235
Ganymede,1.0606660999357702,2458672.6002675816,-0.06296001112787053,-3.547895311610773,3.940000057220459,3.5682316610653197,0.9961234702469439,0.9977055617553242,0.9961234702469439,0.0,0.002338620595867845
Ganymede,1.061241700127721,2458672.600843182,-0.08178222103742883,-3.653560809092596,4.039999961853027,3.5599416632915535,1.000486174493039,1.0020958022343895,1.000486174493039,0.0,0.0023493728183022955
Ganymede,1.0618159997276964,2458672.6014174814,-0.028726640332024544,-3.721321477787569,3.319999933242798,3.551671661387185,0.9953455487640118,0.9969673643771896,0.9953455487640118,0.0,0.002337529533150998
Ganymede,1.0623994998633863,2458672.6020009816,0.01881990657420829,-3.7613314904738218,3.2699999809265137,3.5450209883915793,0.9971104831268582,0.9987517159186503,0.9971104831268582,0.0,0.0023406762992172377
Ganymede,1.062981100101024,2458672.602582582,0.04591986985178664,-3.792327619390562,3.049999952316284,3.5392069425750265,0.999494755369588,1.001154434121321,0.999494755369588,0.0,0.002342553480632336
Ganymede,1.0635537996888162,2458672.6031552814,-0.0036253288271836936,-3.994851640658453,3.109999895095825,3.5270186752166555,1.0022723344013007,1.0039668511761335,1.0022723344013007,0.0,0.0023489578703740892
Ganymede,1.0641341999173166,2458672.6037356816,0.011741574679035693,-4.174588865833357,3.759999990463257,3.4965107569998954,0.9952459246186163,0.9970034991343844,0.9952459246186163,0.0,0.002333386186296559
Ganymede,1.064715199917555,2458672.6043166816,0.03880685550393537,-4.241327173309401,3.759999990463257,3.4659724161608465,0.994769393665392,0.9966013158116948,0.994769393665392,0.0,0.0023331410347495717
Ganymede,1.0652939000166954,2458672.6048953817,0.1407054735464044,-4.369361988501623,4.099999904632568,3.4460609947777385,0.9929100468870493,0.9947876213888311,0.9929100468870493,0.0,0.0023308415085548356
Ganymede,1.065870200097561,2458672.605471682,0.19225219619693235,-4.199396646814421,4.25,3.427801004219115,0.9935864848978108,0.9955104396402203,0.9935864848978108,0.0,0.0023337890697057236
Ganymede,1.0664508997462692,2458672.6060523815,0.05602733028354123,-4.0277563103009015,4.239999771118164,3.413075624771576,0.9969609489517925,0.9989279952201527,0.9969609489517925,0.0,0.002341796474088215
Ganymede,1.067024200037122,2458672.6066256817,0.1059265470248647,-4.227157837944105,3.9100000858306885,3.402668064796311,0.9963350852548254,0.9983267739587125,0.9963350852548254,0.0,0.0023382504270494453
Ganymede,1.0675993997603657,2458672.6072008815,0.19933810440124944,-4.182444832520559,3.9700000286102295,3.392226889867031,0.9978212719928812,0.9998419393752869,0.9978212719928812,0.0,0.0023412265282809616
Ganymede,1.0681815997697415,2458672.6077830815,0.19160450977506116,-4.091103985207155,4.059999942779541,3.3816596651994533,1.0002330068866818,1.0022849507200196,1.0002330068866818,0.0,0.0023460224926233043
Ganymede,1.068761599995196,2458672.6083630817,0.08992747945012525,-4.10876498115249,4.079999923706055,3.3711302478462595,0.999889213305087,1.0019667518119892,0.999889213305087,0.0,0.002343088279488412
Ganymede,1.0693372998386623,2458672.6089387815,0.19631877524079755,-4.388679688097909,3.7100000381469727,3.3606806712915613,0.9977128280843479,0.9998119013566875,0.9977128280843479,0.0,0.002335240844749576
Ganymede,1.0699179999530317,2458672.6095194817,0.20446868875296786,-4.389385457208846,3.7799999713897705,3.350140756132764,0.9915807716949794,0.9936930776954459,0.9915807716949794,0.0,0.0023198569686397152
Ganymede,1.0704985999502243,2458672.6101000817,0.2144944749888964,-4.4829970328719355,3.6700000762939453,3.3396008409739664,0.997042442480877,0.9991926763857398,0.997042442480877,0.0,0.002334143962552414
Ganymede,1.071078900061548,2458672.610680382,0.25979524181457236,-4.662580597272608,4.320000171661377,3.3290672228080633,0.9976408611363223,0.9998186957341094,0.9976408611363223,0.0,0.0023389007843327746
Ganymede,1.0716575000435116,2458672.6112589817,0.18160509393783286,-4.6235301299602725,4.010000228881836,3.3185651234159894,0.9956555142532209,0.997855212824669,0.9956555142532209,0.0,0.00233335383997526
Ganymede,1.0722417000681164,2458672.611843182,0.12608254404040053,-4.507203045359347,4.239999771118164,3.329151001671016,0.9981412992502666,1.0003200348537487,0.9981412992502666,0.0,0.0023398045739686695
Ganymede,1.0728229999542238,2458672.6124244817,0.10562624857993796,-4.511618193297181,3.7300000190734863,3.3408713411314097,0.9980817990515901,1.0002311415004126,0.9980817990515901,0.0,0.002334734019902891
Ganymede,1.073398100025952,2458672.6129995817,0.1879533536848612,-4.87567665806273,3.6500000953674316,3.347385500513643,1.0013826559882824,1.0035227868299745,1.0013826559882824,0.0,0.002342147259906473
Ganymede,1.0739800001494588,2458672.613581482,0.09999436215730384,-5.0738468580530025,3.359999895095825,3.3498995023160876,0.9983905105181416,1.0005179416421222,0.9983905105181416,0.0,0.0023346925000402884
Ganymede,1.074561999924481,2458672.6141634816,0.32084202842088416,-5.325462739972863,3.740000009536743,3.3482784822858584,0.9961803011727521,0.9983070030758697,0.9961803011727521,0.0,0.0023314492842677163
Ganymede,1.0751433999277653,2458672.6147448816,0.22022535727592185,-5.242463927774224,3.799999952316284,3.3256704880311485,0.9954470212261667,0.9976283653445212,0.9954470212261667,0.0,0.0023311584148659015
Ganymede,1.07572759995237,2458672.6153290817,0.10100965277524665,-5.395638700632844,3.8499999046325684,3.3029544980129866,0.998297115536257,1.0005414883430954,0.998297115536257,0.0,0.0023368652554177135
Ganymede,1.0763104998506607,2458672.6159119816,0.10813094332115725,-5.26497622957686,4.159999847412109,3.2961300610936846,0.995772779544288,0.9980284634492587,0.995772779544288,0.0,0.002333936495799682
Ganymede,1.0768902998417618,2458672.6164917815,0.18163153930800036,-5.163059365062509,4.230000019073486,3.2937492764062166,0.9880189947612964,0.9902629325874174,0.9880189947612964,0.0,0.002316801061134456
Ganymede,1.0774688998237254,2458672.6170703815,0.17269872437464073,-5.135050367622171,4.159999847412109,3.2913737188676366,0.9974031452243417,0.9996742460294028,0.9974031452243417,0.0,0.002337415155630082
Ganymede,1.0780506998300554,2458672.6176521815,0.20134566474007443,-5.279080685286317,4.0,3.2889848544686835,0.9929498650405154,0.9952166759247186,0.9929498650405154,0.0,0.002324065056700732
Ganymede,1.0786241998896005,2458672.6182256816,0.25365105766104534,-5.349381472973619,3.890000104904175,3.2866302074375606,0.9951784373150091,0.9974561029168232,0.9951784373150091,0.0,0.0023290343063519254
Ganymede,1.0792032999917867,2458672.6188047817,0.33222842711256817,-5.1992507391260006,4.130000114440918,3.2842522734007846,1.0006803544493477,1.0029764598384614,1.0006803544493477,0.0,0.002342186444626624
Ganymede,1.0797875000163915,2458672.6193889817,0.45139477896736935,-5.030987318663392,4.050000190734863,3.281853428856552,0.996752501974276,0.9990454630949432,0.996752501974276,0.0,0.0023326063216046
Ganymede,1.0803697000257673,2458672.6199711817,0.43094176921295,-5.231569048075471,3.9600000381469727,3.2794631400882053,0.9982229608151832,1.000525151147446,0.9982229608151832,0.0,0.0023352325355517683
Ganymede,1.0809527996927502,2458672.6205542814,0.5301312518422492,-5.504855182080064,3.5799999237060547,3.277069048540364,0.9967722602586565,0.9990769447266991,0.9967722602586565,0.0,0.0023320364109166
Ganymede,1.0815345996990802,2458672.6211360814,0.4476993841235526,-5.5834091567085125,3.630000114440918,3.2766824995239077,0.9961408927244884,0.9984449014153661,0.9961408927244884,0.0,0.002330521813920628
Ganymede,1.0821135000325741,2458672.6217149817,0.4353897043620236,-5.928988453058992,4.880000114440918,3.289187501844019,0.993867032066073,0.9961342589304355,0.993867032066073,0.0,0.002328238381108456
Ganymede,1.0826955999247732,2458672.6222970816,0.508793308690656,-5.689372595457826,4.489999771118164,3.301762499765307,0.9923970946280692,0.9946293448580416,0.9923970946280692,0.0,0.0023234674414909823
Ganymede,1.0832763000391425,2458672.6228777817,0.6174376824055798,-5.526242908148561,4.179999828338623,3.304069500063032,0.998376040802261,1.0006157120012011,0.998376040802261,0.0,0.0023390603606091654
Ganymede,1.0838554001413288,2458672.623456882,0.5361749597941525,-5.824539270310197,4.320000171661377,3.302818499934286,0.994413476320413,0.9966471413598083,0.994413476320413,0.0,0.002332811830792858
Ganymede,1.0844302999787034,2458672.6240317817,0.5268396784667857,-5.840874994231854,5.110000133514404,3.304703112929003,0.9972915702634338,0.9995267107208473,0.9972915702634338,0.0,0.002341097884773861
Ganymede,1.0850094000808896,2458672.624610882,0.6016820346121676,-6.052421743108425,4.110000133514404,3.3126926932230156,0.9939645958375093,0.9961720381200975,0.9939645958375093,0.0,0.0023324085825067033
Ganymede,1.0855849998071792,2458672.6251864815,0.5535033357446082,-6.12505376531044,4.320000171661377,3.3206327783076457,0.9998838006372903,1.0020841486380507,0.9998838006372903,0.0,0.002348974524643292
Ganymede,1.0861595997586848,2458672.6257610815,0.6138433677260764,-6.280392156972084,4.460000038146973,3.3081922114600437,0.9979365882724602,1.0001635535277258,0.9979365882724602,0.0,0.002342179886003073
Ganymede,1.0867339999414982,2458672.6263354816,0.5123150435392745,-6.263956064416561,4.039999961853027,3.2947676985364707,0.9956176042799264,0.9978727422947671,0.9956176042799264,0.0,0.0023387843135278487
Ganymede,1.087310199905187,2458672.6269116816,0.48850216466234997,-6.03056996507803,4.369999885559082,3.2912061395599337,0.9985050026733553,1.0007753309433571,0.9985050026733553,0.0,0.0023452459527071737
Ganymede,1.0878828999586405,2458672.6274843817,0.6220542837982066,-6.083481514884625,4.360000133514404,3.297610648896667,1.0017422880450186,1.004003478407119,1.0017422880450186,0.0,0.002352637668936446
Ganymede,1.0884360999800267,2458672.6280375817,0.7061819483642466,-6.166954675747547,4.320000171661377,3.303797703250628,0.9961672696662627,0.9983999901026787,0.9961672696662627,0.0,0.002338516289655462
Ganymede,1.08901609973982,2458672.6286175814,0.6950675671105273,-6.091412084235344,4.599999904632568,3.3102837588568548,0.995272885006965,0.9974869724944383,0.995272885006965,0.0,0.002337443768439874
Ganymede,1.0895920999348165,2458672.6291935816,0.7176562243257649,-5.999671654833946,4.429999828338623,3.3167258047866346,0.9970572120779247,0.9992587064997468,0.9970572120779247,0.0,0.0023388071238392596
Ganymede,1.0901744000613691,2458672.629775882,0.664440608874429,-6.278684215678368,4.03000020980835,3.3232390390109403,0.9972126453258048,0.9993977278180362,0.9972126453258048,0.0,0.0023400951493467758
Ganymede,1.0907566997222604,2458672.6303581814,0.599573805287946,-6.2551240306929685,4.21999979019165,3.3297509817431434,0.9977930389218318,0.9999626263197546,0.9977930389218318,0.0,0.0023416821151277657
Ganymede,1.0913301997818055,2458672.6309316815,0.6495958113227971,-6.380911214335356,4.03000020980835,3.336164552355113,0.9954704490269484,0.9976184689156856,0.9954704490269484,0.0,0.002336676934270916
Ganymede,1.0919334998354318,2458672.6315349815,0.5844794654403813,-6.426101634337101,4.269999980926514,3.3429120674129313,0.9996274683624053,1.0017670429372614,0.9996274683624053,0.0,0.0023481344051711124
Ganymede,1.0925061998888852,2458672.6321076816,0.5972791922395118,-6.432672192400787,4.289999961853027,3.3493165819572943,1.0005301826737696,1.002655101092156,1.0005301826737696,0.0,0.0023498765721964307
Ganymede,1.093086699768901,2458672.6326881815,0.5884323020582087,-6.431368222052697,4.489999771118164,3.347755998760819,0.9972363975886673,0.9993577256920355,0.9972363975886673,0.0,0.002342294556419087
Ganymede,1.0936645998619499,2458672.6332660816,0.5572654654388316,-6.435572805872653,4.599999904632568,3.34525949837324,0.9979003872703702,1.000028876416261,0.9979003872703702,0.0,0.0023440536364882974
Ganymede,1.0942379998043181,2458672.6338394815,0.6085758258705027,-6.365131507685874,4.96999979019165,3.3425789982421477,0.9909509176661198,0.9930707376192105,0.9909509176661198,0.0,0.002328957516508493
Ganymede,1.0948150998912753,2458672.6344165816,0.5594095339183696,-6.41785847308347,4.659999847412109,3.3396704990952575,0.9979539289315236,1.0000954960885218,0.9979539289315236,0.0,0.002343236467033778
Ganymede,1.0953881999477746,2458672.6349896817,0.5142752838437445,-6.364280539622996,4.440000057220459,3.33718545415733,0.9946431835758195,0.9967833123854482,0.9946431835758195,0.0,0.002334854231616669
Ganymede,1.0959710998460652,2458672.6355725816,0.683245078951586,-6.28918613033602,4.739999771118164,3.3396826453189408,0.9967402686416417,0.9988780668601925,0.9967402686416417,0.0,0.0023414996503912247
Ganymede,1.0965440997853877,2458672.6361455815,0.5902763095800765,-6.500723968318198,4.369999885559082,3.342137687445698,0.9980013253684921,1.0001350573252676,0.9980013253684921,0.0,0.00234355666577572
Ganymede,1.0971239998936655,2458672.6367254816,0.6786599394981749,-6.513233186735306,4.21999979019165,3.3451996638673647,0.9997946858078944,1.0019239170558534,0.9997946858078944,0.0,0.002348332989945691
Ganymede,1.0977064997889103,2458672.6373079815,0.7165845085983165,-6.453360254003201,4.369999885559082,3.3485831935034645,0.9963163515401476,0.9984290430982006,0.9963163515401476,0.0,0.0023417402826058013
Ganymede,1.0982862997800114,2458672.6378877815,0.7989141319994815,-6.619290987087879,4.079999923706055,3.381338631036931,0.9961747306367136,0.998204320186992,0.9961747306367136,0.0,0.0023398866010465196
Ganymede,1.098868300020695,2458672.6384697817,0.820673396170605,-6.5821334105567075,3.950000047683716,3.4891423410774163,0.9963699406569068,0.998130510081824,0.9963699406569068,0.0,0.0023384807256524114
Ganymede,1.0994424999691548,2458672.6390439817,0.7516495336894877,-6.585356674215291,3.940000057220459,3.5955309137081106,0.9967762417736798,0.9982744993036238,0.9967762417736798,0.0,0.0023383606522747033
Ganymede,1.10002019982785,2458672.6396216815,0.7658246069331653,-6.748962185403798,4.46999979019165,3.7025413531834976,0.9954038953328195,0.9966399523737616,0.9954038953328195,0.0,0.002337153103350718
Ganymede,1.100595699902624,2458672.6401971816,0.8042567691882141,-6.6883304445655085,4.199999809265137,3.80916585393463,0.995155963497543,0.9961361473658437,0.995155963497543,0.0,0.0023382211631876896
Ganymede,1.101169199962169,2458672.6407706817,0.8318986001540907,-6.829690280428622,4.360000133514404,3.746282569936701,0.9973323678284052,0.9984634243955814,0.9973323678284052,0.0,0.00234743700123257
Ganymede,1.1017511997371914,2458672.6413526814,0.8491850796272047,-6.5993321119458415,4.179999828338623,3.541878028394857,1.0001979648471193,1.0018295938078585,1.0001979648471193,0.0,0.0023560085828081413
Ganymede,1.1023346998728814,2458672.6419361816,0.8973296585609205,-6.888515400758479,4.199999809265137,3.3534596656089826,0.9962143882222434,0.9983088653348604,0.9962143882222434,0.0,0.0023478157962277513
Ganymede,1.1029124998487534,2458672.6425139816,0.8161113190581091,-6.71973198937485,3.890000104904175,3.3592848331800003,0.9999026807111132,1.0019893665690156,0.9999026807111132,0.0,0.002358036974841523
Ganymede,1.1034949997439982,2458672.6430964814,0.8528175431420095,-6.768094847968314,4.210000038146973,3.3651566671673456,0.9979262094156675,0.9999931145578212,0.9979262094156675,0.0,0.002355999622059719
Ganymede,1.1040756998583676,2458672.6436771816,0.8838431074400432,-6.908905874064658,4.46999979019165,3.363849416418339,1.0006535158340615,1.0027285207136645,1.0006535158340615,0.0,0.002361665439971303
Ganymede,1.104650999698788,2458672.6442524814,0.8094073592801578,-7.044036055973265,4.239999771118164,3.359292665230791,0.9960613506749888,0.9981374506893583,0.9960613506749888,0.0,0.0023503682893217283
Ganymede,1.1052280001342298,2458672.644829482,0.9974943309207447,-7.118685389927123,4.559999942779541,3.358207169478069,0.9973964226917852,0.9994771512333814,0.9973964226917852,0.0,0.002356280322573539
Ganymede,1.1058098997920753,2458672.6454113815,1.0199814944644459,-7.019176307192538,4.070000171661377,3.3661665826241127,1.000017065345,1.0020821687861063,1.000017065345,0.0,0.002365573543406532
Ganymede,1.1063891000114383,2458672.6459905817,1.045060267962981,-7.091382409504149,4.019999980926514,3.374091169630955,0.9992675766050837,1.0013101119038894,0.9992675766050837,0.0,0.00236756694572968
Ganymede,1.106971000134945,2458672.646572482,1.2704302280326374,-7.058739247790072,3.75,3.374257666424374,1.0009346907262184,1.0029792187295472,1.0009346907262184,0.0,0.002371904417127897
Ganymede,1.1075552998110654,2458672.6471567815,1.2333202346344478,-7.30304372595856,4.130000114440918,3.3734163331786595,0.9990538815132998,1.0010956967586522,0.9990538815132998,0.0,0.0023657744997758554
Ganymede,1.1081343999132516,2458672.6477358816,1.2124776451964863,-7.06057688879082,4.190000057220459,3.3707550405621243,0.999267195364366,1.0013151760586143,0.999267195364366,0.0,0.002365177843278038
Ganymede,1.108710800111294,2458672.648312282,1.3335858120699413,-6.760022166243289,3.7300000190734863,3.366293789638543,0.9990849441465205,1.001142828687239,0.9990849441465205,0.0,0.0023635656364079266
Ganymede,1.1092914001084866,2458672.648892882,1.4080310075660236,-6.7661165306926705,3.7799999713897705,3.3617993943236915,0.998406379911749,1.0004732073436633,0.998406379911749,0.0,0.002363963814307942
Ganymede,1.1098773999139668,2458672.6494788816,1.369502650864888,-6.668565639352892,4.119999885559082,3.357263788377067,0.9963673998489799,0.9984404394681937,0.9963673998489799,0.0,0.0023624701052371217
Ganymede,1.1104570001363756,2458672.650058482,1.4312931544263847,-6.814570927119348,4.329999923706055,3.3527774556985,0.9987825664542672,1.0008709600098766,0.9987825664542672,0.0,0.002368342749841804
Ganymede,1.1110353998839857,2458672.6506368816,1.5581839329679497,-7.259866916632745,4.260000228881836,3.348300083106568,0.9975127504036965,0.9996087779919236,0.9975127504036965,0.0,0.0023620995796319075
Ganymede,1.1116154001094403,2458672.651216882,1.4790004811366089,-7.152221881842706,4.199999809265137,3.343811061681167,0.9952876081194926,0.9973892421965455,0.9952876081194926,0.0,0.0023524996571732846
Ganymede,1.112199600134045,2458672.651801082,1.507165087678004,-7.155804742418695,4.199999809265137,3.339288895864495,0.9985338756991617,1.000652761964084,0.9985338756991617,0.0,0.002361080885785241
Ganymede,1.1127829000353815,2458672.6523843817,1.7076832189341076,-7.50796316965716,3.8499999046325684,3.3347738952337567,,1.0047558415247613,,0.0,0.0023707210957910983
Ganymede,1.1627829000353815,2458673.4666742817,-0.5724049223463226,-3.0068705063313246,2.450000047683716,4.356792248147264,0.9956465253780266,0.9975322915578231,0.9956465253780266,0.0,0.0028113428580184706
Ganymede,1.1633577998727562,2458673.4672491816,-0.5842423731337476,-2.7727411072701216,2.9700000286102295,4.35710499910146,0.9952336516240162,0.9971346081103636,0.9952336516240162,0.0,0.0027861943070467284
Ganymede,1.1639310996979477,2458673.4678224814,-0.5835768764482054,-2.6776919346302748,2.819999933242798,4.361233334763845,0.9936890619171356,0.995592995705074,0.9936890619171356,0.0,0.0027637338857080156
Ganymede,1.1645065001212063,2458673.468397882,-0.5929244335384283,-2.4828152786940336,2.9100000858306885,4.368815413717354,0.9962804147585582,0.9981862183935294,0.9962804147585582,0.0,0.002753955623436984
Ganymede,1.1650812998414042,2458673.4689726816,-0.6774891864151869,-2.326625270769,3.3499999046325684,4.383302503238768,0.9958269668170219,0.9977108643087111,0.9958269668170219,0.0,0.0027370846108921206
Ganymede,1.1656561996787789,2458673.4695475814,-0.7002585388363514,-2.1139940451830626,3.0,4.397789592760181,0.9924764768699822,0.994333217077112,0.9924764768699822,0.0,0.0027148147382282228
Ganymede,1.166231299750507,2458673.4701226815,-0.7267362873644743,-2.248490823432803,3.0199999809265137,4.406731429742367,0.9967228714093493,0.9985817364681504,0.9967228714093493,0.0,0.0027138128909103805
Ganymede,1.1668060999363663,2458673.4706974817,-0.7327496141770098,-2.0230894964188337,3.0,4.415164020914567,0.9959718314844805,0.9978256936253106,0.9959718314844805,0.0,0.00270199850237315
Ganymede,1.167381700128317,2458673.471273082,-0.7795152247526858,-1.9283615853637457,3.069999933242798,4.423606796317877,0.9981207053928022,0.9999756526798774,0.9981207053928022,0.0,0.0026990756737621685
Ganymede,1.1679563997313382,2458673.4718477814,-0.7167149142005655,-1.7184104528278112,3.0299999713897705,4.432037686702991,0.9958384755235808,0.997686702991021,0.9958384755235808,0.0,0.0026829809278469054
Ganymede,1.1685305000282826,2458673.4724218817,-0.7857730940559122,-1.601004844531417,3.119999885559082,4.440458386026524,0.9953211229152997,0.9971662759795582,0.9953211229152997,0.0,0.0026729260646851647
Ganymede,1.1691053998656573,2458673.4729967816,-0.7571631961145613,-1.466210639104247,2.930000066757202,4.448892671155341,0.9968736616052584,0.9987196374151736,0.9968736616052584,0.0,0.002669272605273748
Ganymede,1.169680299703032,2458673.4735716814,-0.7778449759462092,-1.3194084372371435,2.7300000190734863,4.457325262327541,0.9923624890464374,0.9941979888610308,0.9923624890464374,0.0,0.002649841377904584
Ganymede,1.170255200006068,2458673.4741465817,-0.7187834077158186,-1.1479961331933737,2.9200000762939453,4.465757853499741,0.9931554278317515,0.9949900305033814,0.9931554278317515,0.0,0.00264612096039033
Ganymede,1.170830700080842,2458673.474722082,-0.6021625169196341,-0.9437344577163458,3.0899999141693115,4.474200622072581,0.9955266105954623,0.9973627745572944,0.9955266105954623,0.0,0.002646903689853667
Ganymede,1.1714055999182167,2458673.4752969816,-0.7522547908702109,-0.9837672654539347,3.450000047683716,4.4815611681155065,0.9987656067220483,1.000606979082545,0.9987656067220483,0.0,0.002650243666880324
Ganymede,1.1719800997525456,2458673.4758714815,-0.6936565407195303,-0.7240931931883097,3.4200000762939453,4.484456835207751,0.9941132302093257,0.9959555913115828,0.9941132302093257,0.0,0.002632119652575285
Ganymede,1.1725548999384048,2458673.4764462817,-0.82314767619755,-0.7152219144627452,2.950000047683716,4.487354250765101,0.9959524104998294,0.9978066403517565,0.9959524104998294,0.0,0.0026323299083677912
Ganymede,1.1731297997757795,2458673.4770211815,-0.7683064260163519,-0.48709412198513746,2.809999942779541,4.477063327272661,0.9923533205171771,0.9942403939535194,0.9923533205171771,0.0,0.002617786138346174
Ganymede,1.1737045999616387,2458673.4775959817,-0.8027889013865206,-0.4127100659534335,2.9100000858306885,4.462990170712499,0.9967228276495136,0.9986650996799373,0.9967228276495136,0.0,0.002624939237597068
Ganymede,1.1742801996879282,2458673.4781715814,-0.8057339422048244,-0.2909580795094371,3.0399999618530273,4.445680680081995,0.9968715539810866,0.9988661971593786,0.9968715539810866,0.0,0.002620745080698708
Ganymede,1.1748536997474732,2458673.4787450815,-0.8594175696016464,-0.28092798963189125,2.9700000286102295,4.422779417944858,0.9936163565950321,0.9956664945170619,0.9936163565950321,0.0,0.0026070373000950946
Ganymede,1.1754282000474634,2458673.4793195818,-0.8031562536598358,-0.049765292555093765,3.059999942779541,4.399836558464325,0.9950336126334576,0.9971452876608696,0.9950336126334576,0.0,0.002606661407602849
Ganymede,1.1760022998787465,2458673.4798936816,-0.7965744973735127,0.10982000455260277,2.799999952316284,4.381618186509529,0.9929762446507491,0.9951309401804884,0.9929762446507491,0.0,0.0025968805745540955
Ganymede,1.1765771997161212,2458673.4804685814,-0.9240742267684254,0.13996141217648983,2.859999895095825,4.363556359811948,0.996519038924387,0.9987292045640622,0.996519038924387,0.0,0.0026012643169000186
Ganymede,1.1771514001302423,2458673.481042782,-0.8578482361153874,0.4613052811473608,3.1500000953674316,4.343644332136258,0.9958529984755654,0.9981143001824092,0.9958529984755654,0.0,0.0025955048023965136
Ganymede,1.1777261998504402,2458673.4816175816,-0.6635193468646321,0.5636015813797712,3.4200000762939453,4.322017178877773,0.9937790483428637,0.9960925119162833,0.9937790483428637,0.0,0.002587448274354731
Ganymede,1.1783003997989001,2458673.4821917815,-0.8072981478289876,0.6199326161295176,3.2899999618530273,4.300416162739675,0.9961582952676269,0.9985341788255181,0.9961582952676269,0.0,0.0025908953218771336
Ganymede,1.1788750998675825,2458673.4827664816,-0.8174748427809391,0.421189958229661,2.819999933242798,4.278793371507314,0.9960631436600554,0.9984948466698859,0.9960631436600554,0.0,0.0025876833791781493
Ganymede,1.1794485999271276,2458673.4833399816,-0.8980148963273678,0.6309679839760065,3.059999942779541,4.257218474971428,0.9976175121784184,1.0001079860188327,0.9976175121784184,0.0,0.0025887453279397695
Ganymede,1.1800234001129868,2458673.483914782,-0.8229206658543262,0.6112259794026613,3.1500000953674316,4.23559133923112,0.9916160825271636,0.9941452834297574,0.9916160825271636,0.0,0.002569984656909251
Ganymede,1.1805974999442699,2458673.4844888817,-0.845714722538105,0.4530325848609209,3.140000104904175,4.21399466760097,0.9979259082963629,1.0005240921698095,0.9979259082963629,0.0,0.0025837539874737627
Ganymede,1.1811731997877362,2458673.4850645815,-0.8076593286932621,0.6174085158854723,2.9600000381469727,4.192337032714148,0.9963582111043268,0.9990041725475324,0.9963582111043268,0.0,0.0025769030860621615
Ganymede,1.181746500078589,2458673.485637882,-0.80112679373633,0.6592563185840845,3.059999942779541,4.170766498204387,0.9965621082971667,0.9992591477131252,0.9965621082971667,0.0,0.0025735786104055785
Ganymede,1.1823217999190094,2458673.4862131816,-0.6783896244705829,0.7109332252293825,2.890000104904175,4.14912193187776,0.9928728861903297,0.9956093475583042,0.9928728861903297,0.0,0.002560002802883693
Ganymede,1.1828966997563841,2458673.4867880815,-0.6963559936375532,0.8304274622350931,2.9200000762939453,4.138500001521421,0.9966230848014579,0.9993908379504853,0.9966230848014579,0.0,0.002566157139596003
Ganymede,1.1834721998311581,2458673.4873635815,-0.7603833254070196,0.8339516967535019,3.059999942779541,4.1297241180068305,0.9881038132720935,0.9908630041274133,0.9881038132720935,0.0,0.0025396911914836446
Ganymede,1.1840471001341941,2458673.487938482,-0.6629716183633718,1.128373995423317,3.130000114440918,4.120079334763328,0.9969975473046637,0.99979796659993,0.9969975473046637,0.0,0.0025581877546483095
Ganymede,1.1846227999776604,2458673.4885141817,-0.599304775485507,1.308627426624298,3.319999933242798,4.109391403275377,0.9968178067188818,0.999635872519733,0.9968178067188818,0.0,0.0025553631530918133
Ganymede,1.1851975996978583,2458673.4890889814,-0.543484455683938,1.5087830275297165,3.299999952316284,4.098454153669128,0.9925779100364781,0.9954019621768647,0.9925779100364781,0.0,0.0025423209308512574
Ganymede,1.1857723998837175,2458673.4896637816,-0.45755433175872895,1.6085906997323036,3.259999990463257,4.077762485683708,0.9944877948899233,0.9973593014820321,0.9944877948899233,0.0,0.0025449268857947226
Ganymede,1.1863480000756683,2458673.490239382,-0.44227917935859296,1.619563626125455,3.130000114440918,4.057037491249292,0.9925092365658569,0.9954167261500769,0.9925092365658569,0.0,0.002537633907934189
Ganymede,1.1869250000454488,2458673.4908163818,-0.42430828396391007,1.6956733632832766,3.140000104904175,4.047217333039184,0.9937388433414917,0.996663720449268,0.9937388433414917,0.0,0.00253849537125518
Ganymede,1.1874997997656467,2458673.4913911815,-0.6437112677485857,1.4893555957823992,3.0799999237060547,4.044319915134902,0.9972367161028014,1.0001677625261158,0.9972367161028014,0.0,0.002545168058469469
Ganymede,1.1880755000747742,2458673.491966882,-0.5077340591342363,1.764111341908574,3.2799999713897705,4.073092918763847,0.9966020369190991,0.9994457991533495,0.9966020369190991,0.0,0.002540289438542801
Ganymede,1.188650399912149,2458673.4925417816,-0.5711920920402918,1.8551467005163431,3.3499999046325684,4.22799602169316,0.9975537617021719,0.9999954138287079,0.9975537617021719,0.0,0.002538862170336183
Ganymede,1.1892256997525694,2458673.4931170815,-0.38259490464042756,1.8607832924462855,3.380000114440918,4.38302384461009,0.997914637389147,0.9999641934261893,0.997914637389147,0.0,0.0025357229220956726
Ganymede,1.1898004999384286,2458673.4936918817,-0.44700280461620423,1.9100922369398177,3.0199999809265137,4.537926822066579,0.9945243023465854,0.996188044432227,0.9945243023465854,0.0,0.0025237077341011206
Ganymede,1.1903753997758033,2458673.4942667815,-0.5989921901018533,2.0352014773525298,3.2699999809265137,4.692829924995892,0.9962247647907597,0.9974919330002632,0.9962247647907597,0.0,0.0025238152450752925
Ganymede,1.1909508998505773,2458673.4948422816,-0.4864562291295442,2.191572951618582,3.140000104904175,4.646915128209039,0.9949658882662256,0.9963293582290218,0.9949658882662256,0.0,0.0025171723345134385
Ganymede,1.191525799687952,2458673.4954171814,-0.3937840673715982,2.226786030922085,3.6500000953674316,4.356506009175101,0.9958304077181923,0.9979003487334076,0.9958304077181923,0.0,0.0025180235628568565
Ganymede,1.1921000001020732,2458673.495991382,-0.4699874285252008,2.3172873095609248,3.4600000381469727,4.0664476240875755,0.9962365149331077,0.9990126978829281,0.9962365149331077,0.0,0.002518109646357065
Ganymede,1.1926752999424937,2458673.4965666817,-0.5024915624053392,2.2062073559500277,3.4100000858306885,4.061174137311512,0.9946225177302401,0.9973969455521199,0.9946225177302401,0.0,0.002511476243514055
Ganymede,1.1932488000020387,2458673.4971401817,-0.506210709001607,2.380017271731049,3.390000104904175,4.069717240173752,0.9955185307134613,0.998263583324719,0.9955185307134613,0.0,0.0025094210992957413
Ganymede,1.1938243000768127,2458673.497715682,-0.4969200883169833,2.406614561099559,3.430000066757202,4.066350500366122,0.993302645869943,0.9960405614042254,0.993302645869943,0.0,0.0025005059345949523
Ganymede,1.1943991999141874,2458673.4982905816,-0.44745589235026273,2.389150539878756,2.9600000381469727,4.055588671153108,0.9949932686182866,0.9977540288070564,0.9949932686182866,0.0,0.0025023822092747057
Ganymede,1.1949746999889614,2458673.4988660817,-0.377514699484891,2.485004658345133,3.2799999713897705,4.047,0.9972270256537457,1.00000727706852,0.9972270256537457,0.0,0.002506058738968051
Ganymede,1.1955495998263361,2458673.4994409815,-0.391219213615841,2.5118239880539477,3.059999942779541,4.047,0.9955502509891853,0.9983181572049667,0.9955502509891853,0.0,0.0025010579899644287
Ganymede,1.1961248000152411,2458673.5000161817,-0.2565144300569955,2.6117999316193163,3.0,4.047,0.9990797236188327,1.0018493569830105,0.9990797236188327,0.0,0.002507257322291111
Ganymede,1.196699599735439,2458673.5005909814,-0.26587305498469505,2.7309277788735926,3.2100000381469727,4.048577823368117,0.9946223358510642,0.997366632982526,0.9946223358510642,0.0,0.00249323400375723
Ganymede,1.1972745996899905,2458673.5011659814,-0.3087656227980915,2.6751907975412905,3.180000066757202,4.050581048832314,0.9945592473704375,0.9972884915198119,0.9945592473704375,0.0,0.0024900300577978414
Ganymede,1.1978501998819413,2458673.5017415816,-0.2654079077874485,2.727009935770184,3.049999952316284,4.0531583239702025,0.9993606922943734,1.0020860112416876,0.9993606922943734,0.0,0.0024997217724113782
Ganymede,1.1984256999567153,2458673.5023170817,-0.31552268845189246,2.9513966129161417,3.309999942779541,4.05712004041195,0.9970540530749206,0.9997518683928294,0.9970540530749206,0.0,0.002491265385605975
Ganymede,1.1989998999051752,2458673.5028912816,-0.23654872459519538,2.991034841630608,2.9000000953674316,4.061072202285124,0.9948673700824631,0.9975377707082126,0.9948673700824631,0.0,0.002483320789991749
Ganymede,1.1995751997455957,2458673.5034665815,-0.3450079141293827,2.8726240159012377,3.3299999237060547,4.065032325764583,0.9968691447279046,0.999523168229606,0.9968691447279046,0.0,0.00248641251946245
Ganymede,1.2001509000547232,2458673.504042282,-0.24480057788241538,2.7880258322693408,3.619999885559082,4.068994843495208,0.9940129769486495,0.9966381196220723,0.9940129769486495,0.0,0.00247639981901526
Ganymede,1.2007241998799147,2458673.5046155816,-0.21858298500228557,2.8922154963947833,3.2300000190734863,4.07294142519264,0.9990892645951241,1.0017074696475035,0.9990892645951241,0.0,0.002485546924482103
Ganymede,1.2012990997172894,2458673.5051904814,-0.26086855401445064,2.867160987574607,3.5199999809265137,4.076898365952679,0.9970784777025885,0.999672158253173,0.9970784777025885,0.0,0.002477995042289203
Ganymede,1.2018732000142338,2458673.5057645817,-0.19246018399644527,2.9666818347759545,3.180000066757202,4.080850524620697,0.9963016369177299,0.9988750972597452,0.9963016369177299,0.0,0.002473826855927261
Ganymede,1.2024516998790207,2458673.5063430816,-0.11046902557063731,2.889425177592784,3.3399999141693115,4.084832161103936,0.9967593962617295,0.9993168558027018,0.9967593962617295,0.0,0.0024729755536544032
Ganymede,1.2030285000801089,2458673.506919882,-0.14537505154657993,2.9616062310524285,3.359999895095825,4.0888026436460025,0.9969688146426987,0.9995107884212932,0.9969688146426987,0.0,0.0024736106941984776
Ganymede,1.2036049999296667,2458673.5074963816,-0.26866048668671283,3.0855494481511414,3.8299999237060547,4.0943475023268165,0.9987177581665283,1.0012450570580191,0.9987177581665283,0.0,0.0024759953071581296
Ganymede,1.2041861996985974,2458673.5080775814,-0.19890227263022098,2.96704461844638,3.4100000858306885,4.100625003352762,1.0025531377544477,1.0050701619968883,1.0025531377544477,0.0,0.0024835262201026746
Ganymede,1.2047640001401307,2458673.508655382,-0.06947977190066013,2.9472728786058724,3.25,4.119172769207023,0.9945688285043709,0.9970144167280661,0.9945688285043709,0.0,0.002461011055527744
Ganymede,1.2053418001160028,2458673.509233182,-0.11194470619011554,2.9444219341967255,3.319999933242798,4.166602105180295,0.9951216008395938,0.997441286692694,0.9951216008395938,0.0,0.0024601717864283002
Ganymede,1.2059181998483839,2458673.5098095816,0.05337509418677655,2.8988714872393757,3.609999895095825,4.213907958409552,0.9968201625411633,0.9990178110934871,0.9968201625411633,0.0,0.0024613576545875404
Ganymede,1.2064964999444785,2458673.5103878817,0.09909454638909665,3.012171400943771,3.299999952316284,4.261375283193579,0.9966030472826437,0.9986749520229157,0.9966030472826437,0.0,0.002457697315611861
Ganymede,1.2070756996981802,2458673.5109670814,0.03556803519677487,3.076568996766582,3.3299999237060547,4.308909107505488,0.9975909881275943,0.9995404895194195,0.9975909881275943,0.0,0.0024575278247738258
Ganymede,1.2076562996953728,2458673.5115476814,0.038957193715759786,2.997651985147968,3.259999990463257,4.356566414561413,1.0010716676624096,1.002903867129534,1.0010716676624096,0.0,0.0024644531538393537
Ganymede,1.2082420000806453,2458673.512133382,0.04113436582338181,2.948760243365541,3.309999942779541,4.404641674971887,0.9989925913587179,1.0006970907031922,0.9989925913587179,0.0,0.002456200005332594
Ganymede,1.2088204999454322,2458673.5127118817,0.021279090073221596,3.069678763160482,3.490000009536743,4.452118516067663,1.0016653680513758,1.003252816310377,1.0016653680513758,0.0,0.0024616190080080994
Ganymede,1.20940040005371,2458673.513291782,0.11662560793411103,3.1799859500024468,3.2200000286102295,4.499718839907454,0.9954432843184889,0.9969005213220963,0.9954432843184889,0.0,0.002444388749090255
Ganymede,1.20997879980132,2458673.5138701815,0.25070646497260896,3.2693845501635224,2.9000000953674316,4.547186164691482,0.9962878926723608,0.997626004398732,0.9962878926723608,0.0,0.0024443869829318147
Ganymede,1.2105573001317682,2458673.514448682,0.2482775912976649,3.192640537628904,3.2699999809265137,4.594672483880887,1.0000119453046408,1.0012334132238074,1.0000119453046408,0.0,0.0024509408487118577
Ganymede,1.2111335997469725,2458673.5150249815,0.13184351635936764,3.0364937430713326,3.130000114440918,4.641968820798394,0.9963373604509803,0.9974325933039798,0.9963373604509803,0.0,0.0024414309813976048
Ganymede,1.2117127999663355,2458673.5156041817,0.026031935343780788,3.1308534166309983,3.619999885559082,4.628565657388279,0.9993618497400466,1.0004977275780793,0.9993618497400466,0.0,0.002448320209127057
Ganymede,1.212289799936116,2458673.5161811817,0.22250517619613674,3.1325917883077636,3.5299999713897705,4.489870158275192,0.996300478530272,0.9977996178946626,0.996300478530272,0.0,0.002439439545416794
Ganymede,1.2128667999058964,2458673.5167581816,0.17801784885887173,3.0265548570314422,3.180000066757202,4.351146786362396,1.00088034180537,1.0027564524034087,1.00088034180537,0.0,0.0024497468298941734
Ganymede,1.2134437998756769,2458673.5173351816,0.2570308239555743,3.0060843533137813,2.990000009536743,4.348360913542372,0.9986196922594314,1.000503020441808,0.9986196922594314,0.0,0.002443950715054853
Ganymede,1.2140214000828566,2458673.517912782,0.1625927181339648,2.8627838051179424,2.869999885559082,4.371428565053092,0.9954264968755095,0.9972469605355385,0.9954264968755095,0.0,0.0024347167722272504
Ganymede,1.2146020000800493,2458673.518493382,0.2192623966730025,2.7927849224070087,2.7200000286102295,4.390508161962519,0.9992473672549639,1.0010279700874203,0.9992473672549639,0.0,0.0024420630362028428
Ganymede,1.2151818997226658,2458673.5190732814,0.31100319115284947,2.762808248982765,2.880000114440918,4.404703171310017,0.9963903660759774,0.9981317479217059,0.9963903660759774,0.0,0.0024321832308136387
Ganymede,1.2157581998035314,2458673.5196495815,0.1741904148257163,2.9720150685170665,2.950000047683716,4.4202770174675,0.9996807494745399,1.0013898274243613,0.9996807494745399,0.0,0.002437241688733294
Ganymede,1.2163352998904886,2458673.5202266816,0.20464646791879204,2.9738836124306545,2.990000009536743,4.459835367988585,1.0005126256859307,1.0021237741786289,1.0005126256859307,0.0,0.002435414272168842
Ganymede,1.2169135999865832,2458673.5208049817,0.18092875530783203,3.0359869211679325,3.130000114440918,4.49948098917662,1.0004507996907792,1.001965967158965,1.0004507996907792,0.0,0.0024308068417642713
Ganymede,1.217493500094861,2458673.521384882,0.18843938851568964,3.0858396015828475,3.009999990463257,4.53308001834631,0.9981363234271301,0.9995706534842426,0.9981363234271301,0.0,0.0024227431211289985
Ganymede,1.2180733997374775,2458673.5219647815,0.31164026701662806,3.1373111366992816,2.7100000381469727,4.56314600069201,0.9965006410362988,0.9978663148416025,0.9965006410362988,0.0,0.00241742494679217
Ganymede,1.2186525999568405,2458673.5225439817,0.2584364495596674,3.126419134787284,2.740000009536743,4.588769207877631,0.9991939472469261,1.0005093106678966,0.9991939472469261,0.0,0.002423318159713856
Ganymede,1.219229599926621,2458673.5231209816,0.1735353178701189,3.188535750261508,2.75,4.600323403504735,1.001922434352263,1.0032226517733907,1.001922434352263,0.0,0.0024301461060777367
Ganymede,1.2198067000135782,2458673.5236980817,0.20694699207160738,3.286252275458537,2.8399999141693115,4.611877599131838,1.001160874381862,1.0024418163736921,1.001160874381862,0.0,0.002426886004699522
Ganymede,1.220383499749005,2458673.5242748815,0.13459408351991442,3.3128720935201272,2.759999990463257,4.623427161061047,0.9948815715624162,0.9961364374993655,0.9948815715624162,0.0,0.002411063745202067
Ganymede,1.2209517001174393,2458673.524843082,-0.020611359981558053,3.1492729153251275,3.2100000381469727,4.634805248198118,1.0001103149737876,1.001354380609461,1.0001103149737876,0.0,0.0024224930983339104
Ganymede,1.2215309999883177,2458673.5254223817,0.08820490607831744,3.1530887245899066,3.049999952316284,4.646403468616896,0.9997490022931189,1.0009749373888626,0.9997490022931189,0.0,0.0024201444021661536
Ganymede,1.222110100090504,2458673.526001482,0.08099443999890354,3.1368428975110874,2.880000114440918,4.657999376848394,0.9975141521155592,0.9987198110232094,0.9975141521155592,0.0,0.0024124708353099895
Ganymede,1.2226880998350682,2458673.5265794815,0.08378827081833151,3.2374367773300037,3.0899999141693115,4.669572107267078,0.9946270527329817,0.9958119072833338,0.9946270527329817,0.0,0.0024031231857704676
Ganymede,1.2232651999220254,2458673.5271565816,0.07533256405804423,3.002149349427782,2.950000047683716,4.681126302894182,0.9977000633219275,0.9988713936253627,0.9977000633219275,0.0,0.00240845494887022
Ganymede,1.2238425998948517,2458673.5277339816,-0.01207661932494375,2.9619365766411647,2.890000104904175,4.692687453729796,0.9990762721137434,1.0002320755131904,0.9990762721137434,0.0,0.00241046563964452
Ganymede,1.224421000108123,2458673.528312382,0.11134329134438303,2.9040198869770393,3.0399999618530273,4.7011481018437085,0.9931353396037615,0.9942747039976358,0.9931353396037615,0.0,0.002394327094968184
Ganymede,1.224998099729419,2458673.5288894814,0.07351526314232615,2.982213097042404,2.8399999141693115,4.70774116026389,0.9998151394751751,1.000957012235578,0.9998151394751751,0.0,0.0024084891740448035
Ganymede,1.2255742996931078,2458673.5294656814,0.07776973558429745,2.8274983934825286,2.640000104904175,4.7110794956507975,0.9969436568749747,0.9980849016859582,0.9969436568749747,0.0,0.0024014221780794646
Ganymede,1.226151399780065,2458673.5300427815,-0.007272815575561253,2.8239273842191324,2.990000009536743,4.701522995249808,0.9964593277722092,0.9976333107367297,0.9964593277722092,0.0,0.0024004264580509463
Ganymede,1.2267300998792054,2458673.5306214816,0.08614900870088604,2.7511449720477685,2.640000104904175,4.6919396593460245,0.9931913463184374,0.9943946575135542,0.9931913463184374,0.0,0.0023905556932026432
Ganymede,1.227307399734855,2458673.5311987814,0.17742971492771176,2.5705767538165674,2.5999999046325684,4.715844014836636,0.9984594386848239,0.9996227344029099,0.9984594386848239,0.0,0.002402622591950929
Ganymede,1.2278836998157205,2458673.5317750815,0.17485043335545924,2.3961611058330163,2.690000057220459,4.748214013398301,0.9971427852214242,0.9982383897202786,0.9971427852214242,0.0,0.0023983377064550216
Ganymede,1.228460699785501,2458673.5323520815,0.16854730270642904,2.4717060964321718,2.440000057220459,4.77208418633173,0.995378320195758,0.9964262184639883,0.995378320195758,0.0,0.002392346624158662
Ganymede,1.2290392997674646,2458673.5329306815,0.14969690911311773,2.4955914620077237,2.440000057220459,4.782605022486971,0.9959249882019362,0.9969591167896342,0.9959249882019362,0.0,0.0023918617100114146
Ganymede,1.2296154997311535,2458673.5335068814,0.2037702316774812,2.420544058433734,2.5199999809265137,4.793079559604722,0.9974674526498128,0.9984889391239195,0.9974674526498128,0.0,0.002393478973901616
Ganymede,1.230192499700934,2458673.5340838814,0.2355615387095895,2.3890936080133542,2.809999942779541,4.80357093504494,0.9982990654213859,0.9993070663536204,0.9982990654213859,0.0,0.0023940115180684633
Ganymede,1.230771000031382,2458673.5346623817,0.23558175017751637,2.3591950725531206,2.7699999809265137,4.8140875637359954,0.999575069193698,1.000569930968551,0.999575069193698,0.0,0.0023965963932320268
Ganymede,1.231348800007254,2458673.5352401817,0.22659616930104676,2.21953876724001,2.640000104904175,4.824593669533725,0.9972334148353542,0.9982115323164552,0.9972334148353542,0.0,0.0023894082035485335
Ganymede,1.2319271997548642,2458673.5358185815,0.18441045297004166,2.222277967608534,2.640000104904175,4.835108190259826,0.9979021714015204,0.9988664532556744,0.9979021714015204,0.0,0.0023898763053048517
Ganymede,1.2325049000792208,2458673.536396282,0.17209053517944994,2.2709542013471946,2.700000047683716,4.8456121880926,0.9960100647097521,0.9969579892521138,0.9960100647097521,0.0,0.0023839958595765335
Ganymede,1.2330819997005167,2458673.5369733814,0.23432771967418375,2.194507660693489,2.5999999046325684,4.856103563532818,1.001646856879426,1.0025855271070272,1.001646856879426,0.0,0.002397244600839695
Ganymede,1.2336597000248732,2458673.5375510817,0.26569859044320765,2.0373937658732757,2.7200000286102295,4.866607569831316,1.0005132058440795,1.0014360979738102,1.0005132058440795,0.0,0.002393209639474948
Ganymede,1.234235899988562,2458673.5381272817,0.3639195646501321,1.8961829714244232,2.680000066757202,4.8984476768045235,1.0001766807065966,1.0010351792353547,1.0001766807065966,0.0,0.002390808119998482
Ganymede,1.2348150000907483,2458673.538706382,0.3924122984863061,1.7187100820010528,2.819999933242798,4.936811680752736,0.9962100118285636,0.996986580478286,0.9962100118285636,0.0,0.002379888227721457
Ganymede,1.2353920000605287,2458673.539283382,0.35896080093152705,1.7504747681086883,2.5899999141693115,4.973664426575722,0.9952651796027685,0.9959663616642328,0.9952651796027685,0.0,0.0023766410301554893
Ganymede,1.2359698000364008,2458673.5398611818,0.35312654696099344,1.7411108765518293,2.7200000286102295,5.008192435703276,0.9970767340348733,0.9977101308166414,0.9970767340348733,0.0,0.0023803249887848943
Ganymede,1.2365546999499204,2458673.5404460817,0.371640027162357,1.7615278273588046,2.680000066757202,5.043149245109245,0.9983809838054357,0.9989452335781841,0.9983809838054357,0.0,0.0023832674957634616
Ganymede,1.2371318000368776,2458673.5410231818,0.32467679366163793,1.6865335166221485,2.619999885559082,5.047269243187667,1.0028339351866198,1.0034006215993636,1.0028339351866198,0.0,0.002392711688831948
Ganymede,1.2377101001329722,2458673.541601482,0.30357837177507463,1.7200572475558147,2.5799999237060547,5.050628570733064,0.9971050647105232,0.9976700875615212,0.9971050647105232,0.0,0.002376740021192754
Ganymede,1.2382956999354067,2458673.5421870816,0.36314376316659036,1.7627633459633216,2.440000057220459,5.047721666818658,0.9965496377040153,0.997129717307429,0.9965496377040153,0.0,0.0023733003250602713
Ganymede,1.2388734999112787,2458673.5427648816,0.26805954299561563,1.7543365455931053,2.700000047683716,5.04064966827778,0.9976078678611806,0.9982130950882581,0.9976078678611806,0.0,0.002375018740734146
Ganymede,1.2394504998810592,2458673.5433418816,0.3177986877381045,1.7338937617605552,3.130000114440918,5.034958155176592,0.9927774591506567,0.9934008854774578,0.9927774591506567,0.0,0.0023623722461547287
Ganymede,1.240028999745846,2458673.5439203815,0.21659213177554193,1.628249692148529,2.890000104904175,5.034748595361685,0.9975464514993013,0.9981815904500076,0.9975464514993013,0.0,0.002372807262723681
Ganymede,1.2406067000702026,2458673.544498082,0.23861032597415033,1.6924310199683532,2.940000057220459,5.034539287235831,0.9974634006389876,0.9981070204068614,0.9974634006389876,0.0,0.002370937736795803
Ganymede,1.2411841000430288,2458673.5450754818,0.23516755587115767,1.7207748129731044,3.0399999618530273,5.034330104785812,0.9992219319991745,0.9998750665810138,0.9992219319991745,0.0,0.0023733694866605376
Ganymede,1.241761200129986,2458673.545652582,0.17024121469512465,1.6614043548470363,2.9600000381469727,5.03412104818032,0.9948828476400583,0.9955413482624179,0.9948828476400583,0.0,0.0023615558692600958
Ganymede,1.2423388999886813,2458673.5462302817,0.19764978288367274,1.538294656551443,2.890000104904175,5.033911740054466,0.9949552044143901,0.9956217878962889,0.9949552044143901,0.0,0.0023615401388861657
Ganymede,1.2429173998534682,2458673.5468087816,0.21340911312654498,1.3699246182804927,2.9700000286102295,5.033702180239558,1.0014578119364048,1.0021366846237993,1.0014578119364048,0.0,0.0023768240552804777
Ganymede,1.2434943998232486,2458673.5473857815,0.17786327971771243,1.1858199223643169,2.9800000190734863,5.0334931236340665,0.9968289731323768,0.9975124345230686,0.9968289731323768,0.0,0.0023642260554296176
Ganymede,1.2440716000273826,2458673.5479629817,0.2618910394485283,1.0965086057549343,2.6500000953674316,5.033284025024168,0.9958658514475893,0.9965562620247445,0.9958658514475893,0.0,0.0023602546301466462
Ganymede,1.2446504998952153,2458673.5485418816,0.22763576580837253,0.9666474148398265,3.0,5.033074297697712,0.995529600047212,0.9962272369774436,0.995529600047212,0.0,0.002358640799546485
Ganymede,1.2452289997600021,2458673.5491203815,0.30064538343503955,0.6591616257792339,2.8499999046325684,5.034344167334984,0.997212535960743,0.9979153799763826,0.997212535960743,0.0,0.0023621489793614887
Ganymede,1.2458075000904503,2458673.549698882,0.2273863725240517,0.42706559447105974,3.059999942779541,5.0364270838083085,0.9968828083264352,0.9975874814658627,0.9968828083264352,0.0,0.002359408053299673
Ganymede,1.2463845000602307,2458673.550275882,0.2949675194795418,0.29847614315804094,3.0,5.025597463434783,0.9988546576234444,0.9995915098122116,0.9988546576234444,0.0,0.0023626522501212885
Ganymede,1.2469636998139324,2458673.5508550815,0.35808837636068347,0.3288267127936706,3.2699999809265137,4.974296230892612,0.9960234994770907,0.996879102230262,0.9960234994770907,0.0,0.002356632946932346
Ganymede,1.2475423999130728,2458673.5514337816,0.3793283630038786,0.44780837220605463,3.4100000858306885,4.9230462171462905,0.9953828179990563,0.9963586057221708,0.9953828179990563,0.0,0.002354635088421141
Ganymede,1.2481307997368278,2458673.5520221815,0.28104136175170424,0.35371805203612894,2.8399999141693115,4.924672754161866,0.99740986497735,0.9983900135679677,0.99740986497735,0.0,0.002357589862450884
Ganymede,1.2487085997126999,2458673.5525999814,0.2802654102088127,0.2789001486962661,2.9800000190734863,4.935904748078617,0.9964856112835676,0.997445662290317,0.9964856112835676,0.0,0.0023528508023776206
Ganymede,1.2492863000370564,2458673.5531776818,0.263145689630619,0.11702716571744531,3.0,4.950348991781717,0.9947880688784146,0.9957201039355217,0.9947880688784146,0.0,0.0023485207696457224
Ganymede,1.2498634001240136,2458673.553754782,0.1464448317528877,0.18151319248136133,2.990000009536743,4.968582917459311,1.0022446968203784,1.0031486077627443,1.0022446968203784,0.0,0.00236646637203183
Ganymede,1.2504417998716237,2458673.5543331816,0.14075450483869645,0.14684706775005907,3.0399999618530273,4.986860718369295,0.9949859713996145,0.9958483615455052,0.9949859713996145,0.0,0.0023483447126926315
Ganymede,1.2510195998474958,2458673.5549109816,0.20428851876567933,0.014263047254644334,3.0899999141693115,5.005116596376441,1.0024743174850304,1.0033079396763438,1.0024743174850304,0.0,0.002365869061107837
Ganymede,1.2515929001383486,2458673.555484282,0.32043331746172043,-0.23615889402572066,3.190000057220459,5.023233492007613,0.997824928792783,0.9986199421198748,0.997824928792783,0.0,0.0023547416653293568
Ganymede,1.252169900108129,2458673.556061282,0.3616464350016031,-0.24264996743295342,3.2899999618530273,5.041463754059162,0.9953998110427429,0.9961580070655319,0.9953998110427429,0.0,0.002347753326625619
Ganymede,1.2527475999668243,2458673.5566389817,0.4463208008201036,-0.34638909494969994,3.059999942779541,5.059719632066308,0.999468216662667,1.0001944598871457,0.999468216662667,0.0,0.002356837979908541
Ganymede,1.253326199948788,2458673.5572175817,0.41318756971668336,-0.5596798608312383,2.950000047683716,5.078001096602336,0.9977896972106071,0.9984797182619772,0.9977896972106071,0.0,0.0023519830316576225
Ganymede,1.2539067999459805,2458673.5577981817,0.4586279231698427,-0.7347367653856054,2.990000009536743,5.096348388700307,1.0018487959426605,1.0025063287334124,1.0018487959426605,0.0,0.0023611192501359957
Ganymede,1.2544845999218526,2458673.5583759816,0.37818243984293076,-0.8089165562996641,2.9200000762939453,5.114604251994096,0.9948828045199677,0.9955009509102836,0.9948828045199677,0.0,0.002343826676428138
Ganymede,1.2550614001229408,2458673.558952782,0.3755571388282988,-1.0187904859194532,3.009999990463257,5.1164786670493285,1.0017567778445342,1.0023801088613973,1.0017567778445342,0.0,0.002360925831274197
Ganymede,1.255639099981636,2458673.5595304817,0.37041707081880304,-1.1551984722027555,3.0299999713897705,5.113150665053765,0.9969938687031774,0.997626420668582,0.9969938687031774,0.0,0.0023509128312296087
Ganymede,1.256216899957508,2458673.5601082817,0.40475487081494066,-1.3468971276888624,2.880000114440918,5.107615164003681,0.9991888223508709,0.9998397333804065,0.9991888223508709,0.0,0.0023556517555885803
Ganymede,1.256796699948609,2458673.5606880817,0.3397492405601952,-1.4616896385559812,2.7300000190734863,5.098012665391724,0.9993278345629033,1.000004586171292,0.9993278345629033,0.0,0.0023551651720304318
Ganymede,1.2573738000355663,2458673.5612651818,0.20838681725945207,-1.4410752604017034,2.6500000953674316,5.088456164990733,0.9974631411055431,0.9981641502714226,0.9974631411055431,0.0,0.002350426977015369
Ganymede,1.257952999789268,2458673.5618443815,0.0995833587476227,-1.4653115874389187,2.940000057220459,5.117643547940486,1.0003134050826097,1.000957055809302,1.0003134050826097,0.0,0.00235750370393304
Ganymede,1.2585311997681858,2458673.5624225815,0.023492799384257523,-1.5638088217237964,2.7300000190734863,5.148711098023134,0.9999746721281169,1.000554843898416,0.9999746721281169,0.0,0.0023556266518165556
Ganymede,1.2591081997379663,2458673.5629995815,0.06931313244785997,-1.6448027199367061,2.9100000858306885,5.155174209103194,0.9997813599920985,1.0003518020585385,0.9997813599920985,0.0,0.0023548574855842184
Ganymede,1.2596867000684144,2458673.563578082,-0.01906359078202513,-1.8255058383801952,3.069999933242798,5.143193139287747,1.0010346074287024,1.0016362112163653,1.0010346074287024,0.0,0.002357058951514328
Ganymede,1.2602651999332013,2458673.5641565816,0.05646707980122301,-2.004759774194099,2.8299999237060547,5.1341976008115155,1.0013766982705608,1.002002371680887,1.0013766982705608,0.0,0.002357933434797467
Ganymede,1.2608435996808114,2458673.5647349814,-0.010740129964688094,-1.8725788748124614,2.9800000190734863,5.14223196033063,1.0004963584117907,1.0011081678473015,1.0004963584117907,0.0,0.002354947400793252
Ganymede,1.2614206997677686,2458673.5653120815,0.012917991040012566,-1.882661621668376,2.809999942779541,5.150247033646073,0.999150630669415,0.9997483272446614,0.999150630669415,0.0,0.0023506720218018783
Ganymede,1.2619994999840858,2458673.5658908817,0.02910460276689264,-1.7576121051097289,2.8399999141693115,5.158286224417415,1.0026104604842854,1.0031968197065633,1.0026104604842854,0.0,0.0023586836371575857
Ganymede,1.2625807998701932,2458673.5664721816,0.0417398868703458,-1.8771108199143782,3.049999952316284,5.16636077322882,1.0049385752007796,1.0055127086647682,1.0049385752007796,0.0,0.0023636049663284947
Ganymede,1.26315929973498,2458673.5670506814,0.007272815575561253,-1.8074965436244383,3.0399999618530273,5.1743951392154734,1.0034866346383775,1.0040464146245691,1.0034866346383775,0.0,0.0023595742629340818
Ganymede,1.263738499954343,2458673.5676298817,0.023224754502734868,-1.6146697659278288,3.0799999237060547,5.182440752253832,1.0064420091478046,1.006989807594495,1.0064420091478046,0.0,0.002365587122681639
Ganymede,1.264316299930215,2458673.5682076816,-0.01615157140258816,-1.834937583305873,3.0399999618530273,5.190465468671111,1.0058225188713923,1.0063563581645358,1.0058225188713923,0.0,0.002363704699511714
Ganymede,1.2648946996778252,2458673.5687860814,-0.009906552022584947,-1.934511247673072,3.2799999713897705,5.198499834657765,1.0037393246578485,1.0042583981388884,1.0037393246578485,0.0,0.0023592874970681053
Ganymede,1.2654713001102211,2458673.569362682,-0.02516957487750915,-1.7826651517534629,3.259999990463257,5.206508479238651,1.0011319054635115,1.0016360273424427,1.0011319054635115,0.0,0.0023530325876438985
Ganymede,1.2660499000921848,2458673.569941282,-0.1567714151351538,-1.9220578108215705,3.2300000190734863,5.227433176111172,1.001256391299893,1.0017191879496554,1.001256391299893,0.0,0.0023527785116591884
Ganymede,1.2666282998397949,2458673.5705196816,-0.19295761849571136,-1.889675385900773,3.4600000381469727,5.2582541869285215,1.0037830859054786,1.0041844013191572,1.0037830859054786,0.0,0.0023588111140330124
Ganymede,1.267206099815667,2458673.5710974815,-0.42065607871700195,-1.8335779082262889,3.559999942779541,5.277872485136375,1.00114299939704,1.0015048584144293,1.00114299939704,0.0,0.0023530401741104746
Ganymede,1.2677845000289383,2458673.5716758817,-0.4235809210113075,-1.9309673827374354,3.6600000858306885,5.240387484547965,1.00351410469683,1.0039605370421107,1.00351410469683,0.0,0.0023587284561361224
Ganymede,1.2683629998937251,2458673.5722543816,-0.22013149292979506,-1.8164030608022586,3.640000104904175,5.202902514134399,1.0031630035017354,1.0036931378140095,1.0031630035017354,0.0,0.0023578218967032793
Ganymede,1.268942900002003,2458673.5728342817,-0.26522992806349066,-2.04018105531577,3.4600000381469727,5.1759861205644215,0.995776570570142,0.9963635760746864,0.995776570570142,0.0,0.002340489780640032
Ganymede,1.2695243000052872,2458673.5734156817,-0.42087880031976965,-2.1157250475371256,3.9800000190734863,5.152324041029822,0.9968400552269278,0.9974815681605548,0.9968400552269278,0.0,0.002344039615148663
Ganymede,1.2701019998639824,2458673.5739933816,-0.45390152068648604,-1.9390002113068476,3.5299999713897705,5.14902808977086,1.0017789007296987,1.002433751851633,1.0017789007296987,0.0,0.002354911728225694
Ganymede,1.2706797998398545,2458673.5745711816,-0.4145193647018459,-1.8571260791504756,3.2100000381469727,5.183556082646911,1.0018976210123818,1.0024811807759932,1.0018976210123818,0.0,0.0023541945483859478
Ganymede,1.2712590000592174,2458673.575150382,-0.3342489625683811,-1.8851278327638283,3.1500000953674316,5.218174015361011,1.0029895291763453,1.0035023643737946,1.0029895291763453,0.0,0.002356226773293893
Ganymede,1.2718381998129191,2458673.5757295815,-0.3692059356144455,-1.8776560832047835,3.4600000381469727,5.477687413439094,1.000432179095281,1.000399405037373,1.000432179095281,0.0,0.0023484809906260872
Ganymede,1.272416399791837,2458673.5763077815,-0.4062447312644508,-1.7423579503083602,3.430000066757202,5.749291864110203,1.0065506862137756,1.0059596034603826,1.0065506862137756,0.0,0.0023613295592802373
Ganymede,1.2729956000112,2458673.5768869817,-0.42240010829482344,-1.9516179371858016,3.390000104904175,6.02138582143444,1.0014024367316798,1.0002722947959437,1.0014024367316798,0.0,0.0023479510971435905
Ganymede,1.273573399987072,2458673.5774647817,-0.31730186076674727,-1.859129648306407,3.1500000953674316,6.292772859409745,1.006078513356298,1.0044130750104787,1.006078513356298,0.0,0.0023579411399798594
Ganymede,1.2741503999568524,2458673.5780417817,-0.4284158560803917,-1.8500448787817731,3.490000009536743,6.396881477870433,1.0020956672143135,1.0002394266080086,1.0020956672143135,0.0,0.0023464610235285977
Ganymede,1.2747368998825552,2458673.5786282816,-0.31597828002486494,-1.7116608346113935,3.2200000286102295,5.916360827541997,1.0022377623990724,1.0013256729504756,1.0022377623990724,0.0,0.0023480550089616282
Ganymede,1.275313799735159,2458673.5792051814,-0.3860620695522812,-1.573204773128964,3.0,5.443616812221218,1.002243300340539,1.0022991310157274,1.002243300340539,0.0,0.0023498287447839884
Ganymede,1.275890599936247,2458673.5797819817,-0.42719278367076186,-1.5425225483486429,3.3299999237060547,5.43737742311335,1.0020332448700853,1.002104768862208,1.0020332448700853,0.0,0.0023497400881125723
Ganymede,1.2764683999121191,2458673.5803597816,-0.3652981805971649,-1.487434177310206,3.049999952316284,5.524334881443669,0.9983134107687774,0.9982073650099844,0.9983134107687774,0.0,0.0023390524023903206
Ganymede,1.2770453998818996,2458673.5809367816,-0.3284067760578182,-1.418180605978705,3.2100000381469727,5.590331548862108,0.997771701996607,0.9975329004845077,0.997771701996607,0.0,0.0023371667766851475
Ganymede,1.2776231998577716,2458673.5815145816,-0.35873606683526305,-1.3667421179125085,3.140000104904175,5.617211539618803,1.0003509929607508,1.0000591408965942,1.0003509929607508,0.0,0.0023426755852199955
Ganymede,1.278201600071043,2458673.582092982,-0.45183110119614867,-1.3680642250692472,3.25,5.64410049223044,1.0005804599983048,1.0002361851768684,1.0005804599983048,0.0,0.002342396551699157
Ganymede,1.278777999803424,2458673.5826693815,-0.47791954012427595,-1.3207123692845926,3.0899999141693115,5.665861842116385,1.0001947341521422,0.9998087971251978,1.0001947341521422,0.0,0.002340634697947612
Ganymede,1.2793548000045123,2458673.5832461817,-0.3909492182901886,-1.15750208159443,3.069999933242798,5.6876406673832,1.0011720257537815,1.00074390569307,1.0011720257537815,0.0,0.002343238144923982
Ganymede,1.2799332998692992,2458673.5838246816,-0.4880392018130806,-0.9911571409320459,3.069999933242798,5.698827917170699,1.0027501382510502,1.0023010422621614,1.0027501382510502,0.0,0.0023450286782064336
Ganymede,1.2805123999714854,2458673.5844037817,-0.44485831143174437,-1.0655243884539232,3.140000104904175,5.703414917642768,1.000411551590178,0.9999565857574031,1.000411551590178,0.0,0.0023377675270912406
Ganymede,1.2810895000584426,2458673.584980882,-0.6206870663336304,-0.9918657507514581,3.3499999046325684,5.707313542038265,1.0033810741244986,1.002919166610814,1.0033810741244986,0.0,0.002344532063961196
Ganymede,1.2816671999171378,2458673.5855585816,-0.3139826643637207,-0.9505698311841115,3.240000009536743,5.7087695417378574,1.0005709325857746,1.0001096353321388,1.0005709325857746,0.0,0.0023384897568573732
Ganymede,1.2822456997819247,2458673.5861370815,-0.3843726504019287,-1.1113394278800115,3.3299999237060547,5.710227292249489,1.0011753064629354,1.000712988296166,1.0011753064629354,0.0,0.002341118643394082
Ganymede,1.2828242001123729,2458673.586715582,-0.34387812273416785,-0.9735600430285558,3.1600000858306885,5.7116853337808156,1.0021910769557592,1.0017274855387654,1.0021910769557592,0.0,0.0023425917307988977
Ganymede,1.2834026999771597,2458673.5872940817,-0.14869348959837225,-1.065357670537196,3.4800000190734863,5.713143084292447,1.0015322332502117,1.001068083916116,1.0015322332502117,0.0,0.002340699134563933
Ganymede,1.2839811998419466,2458673.5878725816,-0.4573701794615772,-0.9740054983412847,3.25,5.714601125823774,1.0033038230324627,1.0028379264729455,1.0033038230324627,0.0,0.0023458698824782433
Ganymede,1.2845589998178186,2458673.5884503815,-0.2628266985884693,-0.7306103933369741,2.940000057220459,5.716057125523366,1.0020990241951162,1.0016327141383121,1.0020990241951162,0.0,0.0023418243897112504
Ganymede,1.28513740003109,2458673.5890287817,-0.21511179091248778,-0.7253486368572339,2.880000114440918,5.717514876034998,0.9978797981914757,0.997414417851301,0.9978797981914757,0.0,0.002331108078361472
Ganymede,1.2857158998958769,2458673.5896072816,-0.2010220324045804,-0.6308678615605459,2.859999895095825,5.718972625373162,0.9970355392000407,0.9965694666083895,0.9970355392000407,0.0,0.002328344159213829
Ganymede,1.2862935001030567,2458673.590184882,-0.21284106815073756,-0.5758379813050851,3.119999885559082,5.72042833405306,0.9978751646147027,0.9974075540110489,0.9978751646147027,0.0,0.002329947853890735
Ganymede,1.2868703999556603,2458673.5907617817,-0.3037120818516996,-0.5471541885053739,3.0,5.697808303580379,0.9983067905004238,0.9978862731863483,0.9983067905004238,0.0,0.0023318066065217526
Ganymede,1.2874496998265388,2458673.5913410815,-0.2958432834020641,-0.41217383777257055,2.940000057220459,5.659436662836696,1.0019089412223148,1.0015663545286315,1.0019089412223148,0.0,0.002340782864989674
Ganymede,1.2880281000398102,2458673.5919194818,-0.447346905933955,-0.3186472285306081,3.0299999713897705,5.628314666051546,1.0025525141811313,1.002274617171571,1.0025525141811313,0.0,0.0023411808162714254
Ganymede,1.2886052001267674,2458673.592496582,-0.45384706672120956,-0.3467579506104812,3.0199999809265137,5.624990665912072,0.9984135479975904,0.9981450586419102,0.9984135479975904,0.0,0.0023310994313805507
Ganymede,1.2891822000965478,2458673.593073582,-0.446867102979013,-0.3001336104935035,3.180000066757202,5.621666665772597,1.0028201650402693,1.0025587336265387,1.0028201650402693,0.0,0.0023419665567012493
Ganymede,1.2897594999521973,2458673.5936508817,-0.4279506506754842,-0.17497626913245767,3.2699999809265137,5.5761349872058625,0.9997916239459778,0.9996251021342407,0.9997916239459778,0.0,0.0023345708671781364
Ganymede,1.2903366000391545,2458673.5942279818,-0.4418214487268415,-0.16003615350928158,3.2300000190734863,5.520042484852224,0.994251741113104,0.9942015782663729,0.994251741113104,0.0,0.002320922808574843
Ganymede,1.290915300138295,2458673.594806682,-0.5730590450002637,-0.18255142436828464,3.059999942779541,5.476619409079971,0.9983136839625295,0.9983536741686632,0.9983136839625295,0.0,0.0023312165825102164
Ganymede,1.2914927997626366,2458673.5953841815,-0.5352399910225358,-0.06116068677511066,2.819999933242798,5.452906603014077,0.9958781091199849,0.9959678801200698,0.9958781091199849,0.0,0.0023260328675999264
Ganymede,1.2920733997598293,2458673.5959647815,-0.716947581840941,0.039006438688375056,3.2200000286102295,5.429065488988465,1.0007833041508767,1.0009239436977706,1.0007833041508767,0.0,0.0023397673728597686
Ganymede,1.2926511997357013,2458673.5965425815,-0.5584307873978105,0.02398272475693375,3.5399999618530273,5.405343180753599,1.0026612651842934,1.0028524852738632,1.0026612651842934,0.0,0.0023449006117702066
Ganymede,1.293228799942881,2458673.5971201817,-0.5210151041283098,-0.08174234011676162,3.390000104904175,5.381625614043693,0.998802045853311,0.9990426905849218,0.998802045853311,0.0,0.0023343662715250442
Ganymede,1.2938059000298383,2458673.5976972817,-0.5792786406709638,-0.050841401680372655,3.3299999237060547,5.357931812315746,1.0015763518313816,1.0018679706286926,1.0015763518313816,0.0,0.0023415724540437055
Ganymede,1.2943850001320245,2458673.598276382,-0.494268253667542,0.029608447686769068,3.2300000190734863,5.334152471947987,0.9998750419155461,1.0002166275461672,0.9998750419155461,0.0,0.002337182420955203
Ganymede,1.2949649998918178,2458673.5988563816,-0.6232032778098073,-0.09036595688667148,3.180000066757202,5.310339864429294,0.998907382424258,0.9992991777627548,0.998907382424258,0.0,0.0023348292371280902
Ganymede,1.295544099994004,2458673.5994354817,-0.6358448446153488,-0.12319223524536937,3.1500000953674316,5.286560524061535,1.0000511278154691,1.0004939631302563,1.0000511278154691,0.0,0.0023385421133941347
Ganymede,1.296120499726385,2458673.6000118814,-0.6282239660977211,-0.07260657416190952,3.0899999141693115,5.262895228840509,1.0009337209281988,1.0014274092308029,1.0009337209281988,0.0,0.002340041936928932
Ganymede,1.2966980999335649,2458673.6005894816,-0.5188090309857216,0.05160391016397625,3.059999942779541,5.232399992489815,0.9978769030095168,0.9984338231390641,0.9978769030095168,0.0,0.0023322761800927453
Ganymede,1.2972770999185743,2458673.6011684816,-0.5392784152536478,0.02711961476597935,3.0,5.19904664093534,1.000225440676126,1.0008547621371366,1.000225440676126,0.0,0.0023395863120593044
Ganymede,1.2978548998944464,2458673.6017462816,-0.43861490230847267,-0.17113134951796383,3.430000066757202,5.168197071565005,1.0027291344733655,1.0034261653361947,1.0027291344733655,0.0,0.0023461866382645017
Ganymede,1.2984333001077177,2458673.602324682,-0.3492675323395815,-0.1649961433140561,3.2100000381469727,5.142790571166194,0.9988349270091176,0.999583716210654,0.9988349270091176,0.0,0.0023361319748587965
Ganymede,1.2990103997290137,2458673.6029017814,-0.5249601502328005,-0.17042676860000938,3.309999942779541,5.117445078600437,0.9982084873068748,0.9990112051614402,0.9982084873068748,0.0,0.0023345632168768737
Ganymede,1.299588799942285,2458673.6034801817,-0.3203761179356661,0.09256960696075112,3.059999942779541,5.098061255622581,0.9971251254197916,0.997968692201681,0.9971251254197916,0.0,0.002332030567102249
Ganymede,1.300166300032288,2458673.6040576817,-0.2943094291149464,0.10914228542242199,2.950000047683716,5.07934874284856,0.9977532851043245,0.9986377340508419,0.9977532851043245,0.0,0.0023331247567202297
Ganymede,1.30074410000816,2458673.6046354817,-0.41117510873664287,0.0249641282716766,3.2899999618530273,5.048107925230202,0.9956769783583538,0.996626689809821,0.9956769783583538,0.0,0.0023299933405833135
Ganymede,1.3013226999901237,2458673.6052140817,-0.4726587601362553,-0.24455877707805485,2.940000057220459,5.0043150347916905,1.000788319053485,1.0018376560569002,1.000788319053485,0.0,0.002341270909963081
Ganymede,1.3018988999538126,2458673.6057902817,-0.4711420257699501,-0.05781010852660984,2.8499999046325684,4.960834766121857,0.9968298846522894,0.9979689798282291,0.9968298846522894,0.0,0.002330993994181149
Ganymede,1.3024766999296846,2458673.6063680816,-0.4311425295782101,-0.20436137483920902,2.619999885559082,4.918922744503252,0.9980632607902734,0.9992943377887906,0.9980632607902734,0.0,0.0023328432894297677
Ganymede,1.3030550996772947,2458673.6069464814,-0.48638090315580484,-0.08628765062894672,2.700000047683716,4.876960392071893,0.9969452658976965,0.998265503806904,0.9969452658976965,0.0,0.0023308466060293818
Ganymede,1.3036333997733893,2458673.6075247815,-0.5070127957624209,-0.20978475676383823,2.819999933242798,4.8350064168496365,0.9957330347324598,0.997142071878721,0.9957330347324598,0.0,0.0023288856440174073
Ganymede,1.3042111997492614,2458673.6081025815,-0.41511060680568335,-0.2251285541569814,2.799999952316284,4.793094395231032,0.9992976694223527,1.0008024120667312,0.9992976694223527,0.0,0.0023381035831623494
Ganymede,1.3047895999625327,2458673.6086809817,-0.47567515830814955,-0.4882126081502065,2.819999933242798,4.751132042799672,0.9980665201634377,0.9996602739869036,0.9980665201634377,0.0,0.0023369356035576453
Ganymede,1.305370999965817,2458673.6092623817,-0.43876313801229117,-0.6364491063868627,2.6700000762939453,4.708959753454706,0.9986493381627818,1.000336027494913,0.9986493381627818,0.0,0.0023384305538320734
Ganymede,1.3059501997195186,2458673.6098415814,-0.2906561755698931,-0.47067339008208364,2.869999885559082,4.6669386254433505,1.0015399250725217,1.0033241168638698,1.0015399250725217,0.0,0.002345223623145821
Ganymede,1.3065272998064759,2458673.6104186815,-0.3299448640209448,-0.6060406792676076,2.9600000381469727,4.625077002195639,0.9979097037275791,0.9997800608541378,0.9979097037275791,0.0,0.0023371651197483584
Ganymede,1.3071075999177995,2458673.6109989816,-0.2617505044800055,-0.9728851545369253,3.640000104904175,4.582980276627944,1.0035138118715583,1.005489082048751,1.0035138118715583,0.0,0.00235051472596819
Ganymede,1.30768459988758,2458673.6115759816,-0.01002024124682066,-0.9026164714014158,2.759999990463257,4.520604677321798,1.0049024838664231,1.007021776671823,1.0049024838664231,0.0,0.0023536179636496324
Ganymede,1.3082616999745371,2458673.6121530817,0.060679525031446246,-0.883673008880578,2.700000047683716,4.435549383469456,0.9976410038893718,0.9999371969572266,0.9976410038893718,0.0,0.0023361502248408833
Ganymede,1.3088408000767233,2458673.612732182,0.08091115382194403,-0.9073596376692876,3.190000057220459,4.352235491529363,1.002817199975633,1.005315554522149,1.002817199975633,0.0,0.0023480328880866514
Ganymede,1.3094207998365166,2458673.6133121816,0.07776774013109389,-0.9309818804031238,2.7300000190734863,4.289166035595928,1.0027983997268055,1.0054413873708345,1.0027983997268055,0.0,0.0023485147658709026
Ganymede,1.309999200049788,2458673.6138905818,0.13917958656020346,-0.8435589208966121,2.9100000858306885,4.226260141266893,0.9987600587036656,1.0015367855440083,0.9987600587036656,0.0,0.0023384954368952326
Ganymede,1.310581899713725,2458673.6144732814,0.1711893110878009,-1.0057085439329967,3.5899999141693115,4.187937657433053,0.9983537402469072,1.0012174929223594,0.9983537402469072,0.0,0.0023367067326016525
Ganymede,1.3111589998006823,2458673.6150503815,0.18821296760506812,-0.9580114766722545,3.2699999809265137,4.157190666451643,1.0018842633315446,1.0048292470383973,1.0018842633315446,0.0,0.002344714493107482
Ganymede,1.3117374000139537,2458673.6156287817,0.3752988047308463,-0.869384853518568,3.0399999618530273,4.142400668406526,1.0037078154708425,1.0066923062804898,1.0037078154708425,0.0,0.002349382953378612
Ganymede,1.3123145001009109,2458673.616205882,0.31362853863902274,-1.00621221808251,3.869999885559082,4.154034668894688,0.9979448905315355,1.0008849062377445,0.9979448905315355,0.0,0.0023349876536948684
Ganymede,1.3128953999839725,2458673.6167867817,0.416362605184986,-0.8243290021782741,3.319999933242798,4.165745667561631,0.9967904356568743,0.9996995507950495,0.9967904356568743,0.0,0.002331539623337036
Ganymede,1.3134779999963941,2458673.6173693817,0.3566917880780238,-0.9477775156265125,2.9600000381469727,4.3452945295233105,1.002587770716894,1.0050984960561882,1.002587770716894,0.0,0.0023439920207360045
Ganymede,1.3140545999631288,2458673.6179459817,0.4380320339805621,-0.8057730853324756,2.950000047683716,4.526663932919054,1.0016950359793424,1.0037893382822223,1.0016950359793424,0.0,0.0023408038454568094
Ganymede,1.3146351999603214,2458673.6185265817,0.8158619731075305,-0.6986250564223155,3.1700000762939453,4.709307612941238,1.0052483883385899,1.006940017294868,1.0052483883385899,0.0,0.0023469742042836234
Ganymede,1.3152129999361934,2458673.6191043817,1.0238704114563006,-0.41484936920460314,3.1700000762939453,4.891041283689851,1.0028083136384731,1.0040996610976876,1.0028083136384731,0.0,0.0023392890150876026
Ganymede,1.3157914998009803,2458673.6196828815,1.0530426885343331,-0.2545945927267894,2.819999933242798,4.996417969643607,1.0040094955519676,1.005072774849819,1.0040094955519676,0.0,0.0023424409134498968
Ganymede,1.3163707000203433,2458673.6202620817,0.9572133059955377,-0.0972530230646953,2.9800000190734863,4.642416051753765,1.0024932155872661,1.0043259420155424,1.0024932155872661,0.0,0.0023408331511469466
Ganymede,1.3169480999931695,2458673.6208394817,0.7652420635677117,-0.13547496718820184,3.1500000953674316,4.289475213734326,1.0012069196162146,1.003838832410741,1.0012069196162146,0.0,0.002340186771743146
Ganymede,1.31752680009231,2458673.621418182,0.7821792523718614,-0.04527085495647043,2.630000114440918,4.196963635227073,1.0014332460664952,1.0042790315309387,1.0014332460664952,0.0,0.0023413813358498813
Ganymede,1.3181044999510052,2458673.6219958817,0.7909356692216534,-0.014263047254644334,2.549999952316284,4.205214880209984,0.9978471435418901,1.0006629595560823,0.9978471435418901,0.0,0.0023332918969593813
Ganymede,1.3186822999268772,2458673.6225736816,0.6249398329637188,0.03787239419762045,2.859999895095825,4.21062699958694,0.9974429874263002,1.0002444197441462,0.9974429874263002,0.0,0.0023329836570205515
Ganymede,1.319262200035155,2458673.6231535817,0.6609084532938141,-0.025902117020450532,2.7200000286102295,4.209374249316707,0.9983023664629933,1.0011083374309937,0.9983023664629933,0.0,0.002334810334687488
Ganymede,1.319840699899942,2458673.6237320816,0.7987209038219589,0.22664768027607352,2.9000000953674316,4.208124749883995,1.003124261595713,1.0059458844376512,1.003124261595713,0.0,0.0023449716317701266
Ganymede,1.3204176998697223,2458673.6243090816,0.7610282489440579,0.3998960457975045,2.7799999713897705,4.190425914029832,0.997485590033489,1.0003314840484336,0.997485590033489,0.0,0.0023310071755748302
Ganymede,1.3209950998425486,2458673.6248864816,0.7003315241418022,0.4751998014980927,2.950000047683716,4.170885657758157,1.0035958973107124,1.0065039443610677,1.0035958973107124,0.0,0.0023454047520687993
Ganymede,1.3215731000527742,2458673.625464482,0.5690803380093712,0.5095456667477265,2.799999952316284,4.158941663311112,1.0019579094596365,1.0048881879278826,1.0019579094596365,0.0,0.0023418960671137733
Ganymede,1.3221507999114694,2458673.6260421816,0.44451950503207627,0.5841318719321862,2.809999942779541,4.154781665564167,0.9995532901979577,1.0024853189673624,0.9995532901979577,0.0,0.002336765790605247
Ganymede,1.3227300001308324,2458673.626621382,0.3941581362269062,0.6880024798447266,3.009999990463257,4.15280575122644,0.9969868970242293,0.9999150543712793,0.9969868970242293,0.0,0.002332285051204534
Ganymede,1.323309199884534,2458673.6272005816,0.2192422860644001,0.6549459710950032,2.940000057220459,4.172200119626529,1.0008725107417566,1.0037658700086152,1.0008725107417566,0.0,0.002341107391738105
Ganymede,1.323887699749321,2458673.6277790815,0.09344249603964272,0.6514185183914378,3.1600000858306885,4.191567376423918,0.9990968988443587,1.0019390599896527,0.9990968988443587,0.0,0.002336996212427775
Ganymede,1.3244675998575988,2458673.6283589816,0.0319951550445694,0.5775511675747111,2.7300000190734863,4.210985005612523,1.0013764802633225,1.0041788377681609,1.0013764802633225,0.0,0.002342424545080056
Ganymede,1.3250444997102024,2458673.6289358814,0.02018288442559424,0.6450961494119838,3.130000114440918,4.230298008023828,0.9966953836015574,0.999438800137002,0.9966953836015574,0.0,0.002330880063437462
Ganymede,1.3256235998123886,2458673.6295149815,0.025498982180579333,0.6814017334254459,2.7300000190734863,4.249688510019392,1.0016103299694992,1.0043210141360428,1.0016103299694992,0.0,0.0023428076406519097
Ganymede,1.32620200002566,2458673.6300933817,-0.0694299678907555,0.7421973609598354,3.059999942779541,4.26905575122644,1.0019259329287573,1.0045912237610157,1.0019259329287573,0.0,0.0023439251790913925
Ganymede,1.3267842000350358,2458673.6306755817,-0.039767440746800276,0.6254163795383647,3.0299999713897705,4.288547013594777,0.9987232688774824,1.0013336330550324,0.9987232688774824,0.0,0.0023376261535736358
Ganymede,1.327363300137222,2458673.631254682,-0.06693938594617066,0.588138792780228,2.890000104904175,4.307937515590341,1.0020865755895738,1.0046593675688482,1.0020865755895738,0.0,0.0023459990052795456
Ganymede,1.3279436999000611,2458673.6318350816,-0.05870207526095328,0.5469681323738769,2.990000009536743,4.327370641577729,1.0005950444982836,1.0031175772977614,1.0005950444982836,0.0,0.0023426895196445997
Ganymede,1.3285250999033453,2458673.6324164816,0.047855316322966246,0.553957230062224,3.0399999618530273,4.315003975033997,0.9973316576356029,0.9998730191429039,0.9973316576356029,0.0,0.002334915898984726
Ganymede,1.3291027997620406,2458673.6329941815,-0.04893811919100699,0.4609224410960451,3.049999952316284,4.27173998396039,1.0050703093408135,1.0077307412418688,1.0050703093408135,0.0,0.002352815093156467
Ganymede,1.3296821000985803,2458673.633573482,0.02090731881253305,0.3998121010372415,3.2100000381469727,4.232866249002135,1.0021336381154085,1.004875451576781,1.0021336381154085,0.0,0.002345181446389443
Ganymede,1.3302597999572756,2458673.6341511817,0.032678740692063,0.23052480688784271,2.950000047683716,4.231618249678052,0.9989852901045472,1.0017198968197303,0.9989852901045472,0.0,0.002336726414338661
Ganymede,1.3308382998220625,2458673.6347296815,0.11187846459142747,0.17186363285873085,2.880000114440918,4.230368749658438,0.9998202327136291,1.0025584961179261,0.9998202327136291,0.0,0.002338112599863728
Ganymede,1.331416599918157,2458673.6353079816,0.1165314550853509,0.04428957647178322,2.7799999713897705,4.210170248373686,0.9982723902350533,1.0010519409399352,0.9982723902350533,0.0,0.0023332833819321463
Ganymede,1.331995099782944,2458673.6358864815,0.07489324466951075,-0.19327462965156883,2.869999885559082,4.182030262418093,0.9999282785992951,1.0027767261152296,0.9999282785992951,0.0,0.0023370665862155167
Ganymede,1.3325734999962153,2458673.6364648817,0.1338683600879449,-0.3148492401232943,3.0199999809265137,4.16228767308156,0.9993114822024243,1.0022028739872901,0.9993114822024243,0.0,0.0023355541615674054
Ganymede,1.3331506000831725,2458673.637041982,0.13995474030889454,-0.4082587411394343,3.0199999809265137,4.160092578723891,0.9965679995241132,0.9994549889591267,0.9965679995241132,0.0,0.0023288423340967
Ganymede,1.3337282999418678,2458673.6376196817,0.12985768926955643,-0.6541899343719706,3.140000104904175,4.157894843402428,0.998192024201041,1.0010872264682118,0.998192024201041,0.0,0.002332391336338252
Ganymede,1.3343060999177399,2458673.6381974816,0.28048276913978043,-0.7052092043450102,3.049999952316284,4.155697106309694,0.9990186643711643,1.001919741024276,0.9990186643711643,0.0,0.0023344317531783154
Ganymede,1.3348850999027493,2458673.6387764816,0.3135205955586571,-0.9957493928959593,3.069999933242798,4.153494528335641,0.9999726383955715,1.0028799441160876,0.9999726383955715,0.0,0.002337598555065178
Ganymede,1.3354620998725297,2458673.6393534816,0.38093039406157914,-0.9888833792647347,3.1700000762939453,4.151299433977972,0.9986330045719181,1.0015398154785842,0.9986330045719181,0.0,0.002333159215101689
Ganymede,1.3360390998423102,2458673.6399304816,0.465285122521891,-1.2024121166905388,3.200000047683716,4.149104778895299,1.0007247444512308,1.0036410098661657,1.0007247444512308,0.0,0.002337583003313141
Ganymede,1.3366183000616731,2458673.640509682,0.44110371930219117,-1.4066192688187584,2.950000047683716,4.146901320599981,0.998046231092902,1.000958024407702,0.998046231092902,0.0,0.0023318330225652905
Ganymede,1.3371989997103813,2458673.6410903814,0.5634370521984238,-1.6611105682095513,2.9100000858306885,4.144692578605806,0.9976978052841426,1.0006118890635576,0.9976978052841426,0.0,0.0023322024805365973
Ganymede,1.3377795997075739,2458673.6416709814,0.6538599730811256,-2.112065273686312,3.059999942779541,4.14248383661163,1.0002387331776201,1.00316355460439,1.0002387331776201,0.0,0.0023381346602458727
Ganymede,1.3383491998538377,2458673.6422405816,0.6765961741439241,-2.2267190919956192,3.180000066757202,4.157925013478101,1.0024028050407108,1.005295329639625,1.0024028050407108,0.0,0.0023428804902133585
Ganymede,1.3389253998175266,2458673.6428167815,0.9359922503463167,-2.3481798799475655,2.950000047683716,4.178670845325043,1.001490503048276,1.0043291763157662,1.001490503048276,0.0,0.00234099361994368
Ganymede,1.3394988998770716,2458673.6433902816,0.879530178510322,-2.28329844342079,3.109999895095825,4.189365994817972,1.0003289422841055,1.00313684561556,1.0003289422841055,0.0,0.002338870252339064
Ganymede,1.3400765997357669,2458673.6439679815,0.8626574316404003,-2.3825666488846764,3.0399999618530273,4.181877996362924,1.0024084320298974,1.0052377104777825,1.0024084320298974,0.0,0.002343534487361998
Ganymede,1.340654399711639,2458673.6445457814,0.8999966309747833,-2.4835297794779763,3.049999952316284,4.174389997907876,0.9993345901060738,1.0021706713827692,0.9993345901060738,0.0,0.0023364318270178287
Ganymede,1.3412321000359955,2458673.6451234818,0.9577273839495319,-2.485070219496265,3.059999942779541,4.130623307652306,0.9992036037364205,1.0021409743355205,0.9992036037364205,0.0,0.002336079330616058
Ganymede,1.341809100005776,2458673.6457004817,0.8432535344145435,-2.729046872118488,2.9200000762939453,4.084927504268902,1.0008029003034313,1.003851806765379,1.0008029003034313,0.0,0.0023397850896954204
Ganymede,1.3423905000090601,2458673.6462818817,0.8526947751051921,-2.882144248345867,2.880000114440918,4.067654665568749,1.005523644418843,1.0086262610965677,1.005523644418843,0.0,0.0023511823133344463
Ganymede,1.3429682999849322,2458673.6468596817,0.6936896994120616,-2.9794456420931965,3.119999885559082,4.074310664195458,1.0004888574113513,1.0035577619625884,1.0004888574113513,0.0,0.0023389036880305126
Ganymede,1.3435451998375358,2458673.6474365816,0.7510789214975375,-2.8755633069667965,3.259999990463257,4.078931900014007,1.0004460528736243,1.0035014407418075,1.0004460528736243,0.0,0.0023385408820483194
Ganymede,1.3441237998194995,2458673.6480151815,0.8385235994464892,-3.078453881898895,2.940000057220459,4.071495372067147,0.9996570416976005,1.0027255024459327,0.9996570416976005,0.0,0.0023364496901870377
Ganymede,1.3447014996781947,2458673.6485928814,0.8055955610579986,-3.103082532295957,2.869999885559082,4.0640692581849285,1.0005791010955718,1.0036658608769604,1.0005791010955718,0.0,0.0023382692605987427
Ganymede,1.3452774998731913,2458673.6491688816,0.7908825437880296,-3.2757148242089897,2.940000057220459,4.056665456735455,1.0052984324851617,1.008415223084426,1.0052984324851617,0.0,0.002349243122793443
Ganymede,1.3458539000712337,2458673.649745282,0.9194573174572724,-3.212890977272764,3.069999933242798,4.0492571904053944,0.9992826147070238,1.0023961314709957,0.9992826147070238,0.0,0.0023353977225818415
Ganymede,1.3464323999360206,2458673.6503237817,0.894419542641117,-3.1533226429019123,3.4000000953674316,4.0418221467620015,1.0002790789017004,1.0034111405380937,1.0002790789017004,0.0,0.0023390434712300063
Ganymede,1.3470115996897223,2458673.6509029814,1.3539652443832892,-3.3195669560227543,3.380000114440918,4.034376695039064,0.9987632950061659,1.0019060454740543,0.9987632950061659,0.0,0.002336222182952919
Ganymede,1.3475894001312556,2458673.651480782,1.5291416264481086,-3.442709660390392,3.309999942779541,4.02695057517175,1.0015343877787741,1.0047012817581278,1.0015343877787741,0.0,0.0023426970103651206
Ganymede,1.3481662999838593,2458673.6520576817,1.3371187067932624,-3.42229861789383,3.559999942779541,4.01953487535417,,1.003176136344853,,0.0,0.0023391452134593387
